text,spam
Please note: Can we reschedule our discussion to Tuesday at 10:30 AM? Let me know if you have questions.,ham
Update: The interview with GreenLeaf is confirmed for Friday at 3:30 PM. Let me know if you have questions.,ham
ALERT! Your subscription renewal failed. Re-enter payment credentials now at http://reward-checker.info Failure to act may cause account closure.,spam
IMPORTANT! Congratulations! You have won a free smartphone. Claim your reward immediately: http://fastclaim-bonus.net Respond immediately.,spam
ATTENTION! Update your UPI PIN now to avoid service suspension. Click here: http://freegift-portal.co Respond immediately.,spam
ALERT! Your parcel is on hold due to unpaid customs charge of ₹999. Pay now: http://secure-login-now.com Failure to act may cause account closure.,spam
"Hi team, Please submit the signed document to the HR by Wednesday evening. Regards.",ham
FYI: Your leave request for Friday has been approved by Faculty Office. Let me know if you have questions.,ham
"Please note: Team, attached is the latest budget approval for your comments. Please confirm.",ham
"FYI: Team, attached is the latest invoice review for your comments. Please confirm.",ham
ALERT! URGENT: Your ICICI Bank account will be blocked today. Verify now at http://reward-checker.info,spam
Reminder: the meeting is scheduled in the seminar hall at 3:30 PM.,ham
"Dear user, unusual activity detected. Confirm your password and PAN details here: http://reward-checker.info Respond immediately.",spam
IMPORTANT! Final warning: your Paytm wallet is suspended. Login now to avoid closure: http://account-upgrade-now.biz,spam
Final warning: your Amazon wallet is suspended. Login now to avoid closure: http://secure-login-now.com Offer expires today.,spam
"Hello, The monthly salary for this cycle has been credited to your account.",ham
NOTICE! Update your UPI PIN now to avoid service suspension. Click here: http://fastclaim-bonus.net,spam
Please note: Can we reschedule our discussion to Tuesday at 2:00 PM? Please confirm.,ham
FYI: This is a gentle reminder to complete the feedback form by Tuesday. Let me know if you have questions.,ham
"Hi team, The class has been moved to main office due to maintenance work. Let me know if you have questions.",ham
Please note: Can we reschedule our discussion to Monday at 3:30 PM? Thank you.,ham
"NOTICE! Dear customer, we attempted to deliver your package. Confirm address and payment: http://reward-checker.info Respond immediately.",spam
NOTICE! Congratulations! You have won a free smartphone. Claim your reward immediately: http://verify-wallet-alert.org Respond immediately.,spam
IMPORTANT! Exclusive investment offer: double your money in 7 days. Reply YES to start. Offer expires today.,spam
ATTENTION! Exclusive investment offer: double your money in 7 days. Reply YES to start. Offer expires today.,spam
"NOTICE! Dear customer, we attempted to deliver your package. Confirm address and payment: http://freegift-portal.co Failure to act may cause account closure.",spam
Your KYC is pending. Update Aadhaar and bank details immediately at http://reward-checker.info Failure to act may cause account closure.,spam
ATTENTION! URGENT: Your SBI account will be blocked today. Verify now at http://fastclaim-bonus.net Offer expires today.,spam
"Team, attached is the latest invoice review for your comments.",ham
"Hi team, Hi David, please review the project update before Saturday. Thank you.",ham
ATTENTION! Security alert: reset your email password immediately or your account will be deleted: http://freegift-portal.co,spam
"Hi team, Please bring your ID card and laptop for the workshop in seminar hall.",ham
Please note: Can we reschedule our discussion to Friday at 10:30 AM? Regards.,ham
IMPORTANT! Final warning: your Google Pay wallet is suspended. Login now to avoid closure: http://account-upgrade-now.biz,spam
"Hi team, Please bring your ID card and laptop for the workshop in library. Thank you.",ham
FYI: Your OTP for login to PhonePe is 787477. Do not share it with anyone. Regards.,ham
Your order from WorkHub has been shipped and will arrive in 2-3 business days. Regards.,ham
ALERT! Your parcel is on hold due to unpaid customs charge of ₹499. Pay now: http://secure-login-now.com,spam
"FYI: Hi Emma, please review the assignment reminder before Monday. Regards.",ham
IMPORTANT! URGENT: Your HDFC Bank account will be blocked today. Verify now at http://verify-wallet-alert.org,spam
ATTENTION! Your parcel is on hold due to unpaid customs charge of ₹999. Pay now: http://fastclaim-bonus.net Failure to act may cause account closure.,spam
ATTENTION! Congratulations! You have won a free smartphone. Claim your reward immediately: http://secure-login-now.com Respond immediately.,spam
The network issue has been resolved. Kindly reconnect and confirm access. Please confirm.,ham
Please note: Please submit the signed document to the Accounts by Tuesday evening. Regards.,ham
"IMPORTANT! Your parcel is on hold due to unpaid customs charge of ₹1,999. Pay now: http://secure-login-now.com Respond immediately.",spam
Please note: Thanks for your payment of ₹999. Your receipt has been generated successfully. Let me know if you have questions.,ham
FYI: The network issue has been resolved. Kindly reconnect and confirm access. Please confirm.,ham
"Hello, Your OTP for login to Google Pay is 649162. Do not share it with anyone. Please confirm.",ham
ATTENTION! Your subscription renewal failed. Re-enter payment credentials now at http://reward-checker.info Failure to act may cause account closure.,spam
"Hi team, We have updated the project tracker with the latest milestones and owners.",ham
NOTICE! This is the final notice from Federal Bank. Submit credentials immediately to prevent permanent freeze.,spam
"Hi team, Lunch with the client is fixed at 10:30 AM in the training room. Please confirm.",ham
"NOTICE! Dear user, unusual activity detected. Confirm your password and PAN details here: http://reward-checker.info Offer expires today.",spam
ATTENTION! Final warning: your Flipkart wallet is suspended. Login now to avoid closure: http://secure-login-now.com,spam
Your package is out for delivery and should reach you by tonight. Thank you.,ham
ALERT! This is the final notice from SBI. Submit credentials immediately to prevent permanent freeze. Offer expires today.,spam
Please note: Thanks for your payment of ₹999. Your receipt has been generated successfully.,ham
"Hello, Please submit the signed document to the IT by Monday evening. Let me know if you have questions.",ham
"Hi team, Can we reschedule our discussion to Wednesday at 10:30 AM? Thank you.",ham
ALERT! This is the final notice from HDFC Bank. Submit credentials immediately to prevent permanent freeze. Failure to act may cause account closure.,spam
ALERT! Final warning: your LinkedIn wallet is suspended. Login now to avoid closure: http://fastclaim-bonus.net Offer expires today.,spam
IMPORTANT! Final warning: your PhonePe wallet is suspended. Login now to avoid closure: http://verify-wallet-alert.org Offer expires today.,spam
NOTICE! Your parcel is on hold due to unpaid customs charge of ₹499. Pay now: http://reward-checker.info Failure to act may cause account closure.,spam
NOTICE! URGENT: Your SBI account will be blocked today. Verify now at http://verify-wallet-alert.org Failure to act may cause account closure.,spam
Winner! Your mobile number won lucky draw code NV-4207. Contact agent now to collect prize. Failure to act may cause account closure.,spam
"Hi team, We received your application and will update you after the screening process. Thank you.",ham
ALERT! Your parcel is on hold due to unpaid customs charge of ₹999. Pay now: http://fastclaim-bonus.net Failure to act may cause account closure.,spam
Update: Thanks for your payment of ₹499. Your receipt has been generated successfully. Regards.,ham
"Hi team, Your OTP for login to Flipkart is 871705. Do not share it with anyone.",ham
Please note: Lunch with the client is fixed at 10:30 AM in the lab 3. Regards.,ham
"Hi team, The interview with FinTrust is confirmed for Friday at 2:00 PM. Please confirm.",ham
"Hi team, Team, attached is the latest meeting agenda for your comments. Regards.",ham
"Hello, Can we reschedule our discussion to Thursday at 12:00 PM? Regards.",ham
We received your application and will update you after the screening process. Thank you.,ham
"Hi team, Please bring your ID card and laptop for the workshop in Zoom. Please confirm.",ham
FYI: Your order from WorkHub has been shipped and will arrive in 2-3 business days. Please confirm.,ham
"Hi team, Your leave request for Thursday has been approved by Marketing. Let me know if you have questions.",ham
"Hello, Your leave request for Tuesday has been approved by IT. Let me know if you have questions.",ham
ALERT! Your parcel is on hold due to unpaid customs charge of ₹999. Pay now: http://freegift-portal.co Failure to act may cause account closure.,spam
"Hello, Team, attached is the latest invoice review for your comments.",ham
"Hi team, Your leave request for Tuesday has been approved by Support. Thank you.",ham
Update: We have updated the project tracker with the latest milestones and owners.,ham
NOTICE! Update your UPI PIN now to avoid service suspension. Click here: http://freegift-portal.co Respond immediately.,spam
ALERT! Your parcel is on hold due to unpaid customs charge of $99. Pay now: http://fastclaim-bonus.net Failure to act may cause account closure.,spam
Update: Your OTP for login to Netflix is 918343. Do not share it with anyone. Please confirm.,ham
"Hello, The interview with BrightEdge is confirmed for Monday at 9:00 AM. Please confirm.",ham
Update: Reminder: the meeting is scheduled in the seminar hall at 2:00 PM. Regards.,ham
IMPORTANT! Update your UPI PIN now to avoid service suspension. Click here: http://freegift-portal.co Respond immediately.,spam
"Hello, Thanks for your payment of ₹999. Your receipt has been generated successfully. Let me know if you have questions.",ham
"Hello, Your OTP for login to Paytm is 885376. Do not share it with anyone. Regards.",ham
This is the final notice from SBI. Submit credentials immediately to prevent permanent freeze. Failure to act may cause account closure.,spam
Final warning: your Flipkart wallet is suspended. Login now to avoid closure: http://fastclaim-bonus.net Failure to act may cause account closure.,spam
Update: Please submit the signed document to the IT by Wednesday evening.,ham
Please note: The interview with BluePeak is confirmed for Friday at 3:30 PM. Please confirm.,ham
"Hello, Kindly find the attached notes for today's lecture and next week's plan. Thank you.",ham
IMPORTANT! You are selected for a cash prize of $199. Pay a small processing fee now to receive it. Offer expires today.,spam
Your OTP for login to Google Pay is 542730. Do not share it with anyone. Thank you.,ham
"Hi team, Your order from CloudSync has been shipped and will arrive in 2-3 business days. Regards.",ham
Thanks for your payment of $99. Your receipt has been generated successfully. Regards.,ham
IMPORTANT! Your KYC is pending. Update Aadhaar and bank details immediately at http://secure-login-now.com,spam
IMPORTANT! URGENT: Your ICICI Bank account will be blocked today. Verify now at http://secure-login-now.com Respond immediately.,spam
NOTICE! Act now: your job application has been shortlisted. Pay registration fees to complete hiring. Offer expires today.,spam
Lunch with the client is fixed at 6:15 PM in the conference room 2. Please confirm.,ham
IMPORTANT! URGENT: Your ICICI Bank account will be blocked today. Verify now at http://account-upgrade-now.biz,spam
"Hello, The class has been moved to lab 3 due to maintenance work.",ham
ALERT! Final warning: your Google Pay wallet is suspended. Login now to avoid closure: http://freegift-portal.co Offer expires today.,spam
Update: Reminder: the meeting is scheduled in the lab 3 at 9:00 AM. Regards.,ham
ATTENTION! Security alert: reset your email password immediately or your account will be deleted: http://secure-login-now.com Failure to act may cause account closure.,spam
"Hello, Hi Daniel, please review the budget approval before Saturday. Thank you.",ham
Update: Your OTP for login to Google Pay is 720434. Do not share it with anyone. Let me know if you have questions.,ham
IMPORTANT! Final warning: your Instagram wallet is suspended. Login now to avoid closure: http://verify-wallet-alert.org,spam
URGENT: Your Kotak Bank account will be blocked today. Verify now at http://fastclaim-bonus.net,spam
Update: The network issue has been resolved. Kindly reconnect and confirm access. Regards.,ham
Update: Your OTP for login to PhonePe is 764118. Do not share it with anyone. Please confirm.,ham
ATTENTION! Your parcel is on hold due to unpaid customs charge of $99. Pay now: http://secure-login-now.com Respond immediately.,spam
Lunch with the client is fixed at 10:30 AM in the training room. Thank you.,ham
"Hello, Please bring your ID card and laptop for the workshop in library. Please confirm.",ham
"Hello, Your OTP for login to PhonePe is 213054. Do not share it with anyone.",ham
Please submit the signed document to the Accounts by Thursday evening. Thank you.,ham
NOTICE! Security alert: reset your email password immediately or your account will be deleted: http://reward-checker.info Failure to act may cause account closure.,spam
"Hi team, Your leave request for Wednesday has been approved by HR. Please confirm.",ham
ALERT! URGENT: Your SBI account will be blocked today. Verify now at http://reward-checker.info,spam
URGENT: Your SBI account will be blocked today. Verify now at http://account-upgrade-now.biz Offer expires today.,spam
"NOTICE! You are selected for a cash prize of ₹1,999. Pay a small processing fee now to receive it. Offer expires today.",spam
ALERT! URGENT: Your Federal Bank account will be blocked today. Verify now at http://reward-checker.info Failure to act may cause account closure.,spam
Your OTP for login to Instagram is 797678. Do not share it with anyone.,ham
"Hello, Please submit the signed document to the Support by Thursday evening.",ham
"NOTICE! You are selected for a cash prize of ₹4,999. Pay a small processing fee now to receive it.",spam
We have updated the project tracker with the latest milestones and owners. Regards.,ham
Reminder: the meeting is scheduled in the seminar hall at 2:00 PM. Thank you.,ham
NOTICE! URGENT: Your HDFC Bank account will be blocked today. Verify now at http://freegift-portal.co Offer expires today.,spam
Please note: Please submit the signed document to the Support by Wednesday evening. Thank you.,ham
"Hello, Your order from FinTrust has been shipped and will arrive in 2-3 business days. Regards.",ham
Your KYC is pending. Update Aadhaar and bank details immediately at http://fastclaim-bonus.net,spam
Please note: Please submit the signed document to the HR by Wednesday evening. Regards.,ham
Update: Your package is out for delivery and should reach you by tonight. Regards.,ham
NOTICE! URGENT: Your Federal Bank account will be blocked today. Verify now at http://secure-login-now.com Offer expires today.,spam
IMPORTANT! Security alert: reset your email password immediately or your account will be deleted: http://freegift-portal.co Failure to act may cause account closure.,spam
Please note: Can we reschedule our discussion to Wednesday at 9:00 AM? Regards.,ham
Your parcel is on hold due to unpaid customs charge of $99. Pay now: http://verify-wallet-alert.org,spam
"IMPORTANT! Dear customer, we attempted to deliver your package. Confirm address and payment: http://fastclaim-bonus.net",spam
"Hello, Thanks for your payment of ₹4,999. Your receipt has been generated successfully. Regards.",ham
"ALERT! Your parcel is on hold due to unpaid customs charge of ₹4,999. Pay now: http://freegift-portal.co Respond immediately.",spam
Can we reschedule our discussion to Saturday at 5:00 PM?,ham
"Update: Hi Priya, please review the client feedback before Saturday. Please confirm.",ham
ALERT! Final warning: your LinkedIn wallet is suspended. Login now to avoid closure: http://reward-checker.info Respond immediately.,spam
ATTENTION! Final warning: your Amazon wallet is suspended. Login now to avoid closure: http://fastclaim-bonus.net Offer expires today.,spam
IMPORTANT! URGENT: Your Kotak Bank account will be blocked today. Verify now at http://reward-checker.info,spam
Please note: The class has been moved to lab 3 due to maintenance work.,ham
Please submit the signed document to the Admin by Tuesday evening. Let me know if you have questions.,ham
ALERT! URGENT: Your HDFC Bank account will be blocked today. Verify now at http://reward-checker.info Respond immediately.,spam
"Hi team, Please submit the signed document to the Operations by Saturday evening.",ham
Please note: Your leave request for Wednesday has been approved by Admin. Thank you.,ham
"Update: Hi Rahul, please review the weekly report before Tuesday. Please confirm.",ham
"Hi team, Thanks for your payment of ₹1,999. Your receipt has been generated successfully. Please confirm.",ham
URGENT: Your ICICI Bank account will be blocked today. Verify now at http://freegift-portal.co Respond immediately.,spam
"IMPORTANT! Dear user, unusual activity detected. Confirm your password and PAN details here: http://secure-login-now.com Respond immediately.",spam
Your order from CloudSync has been shipped and will arrive in 2-3 business days. Regards.,ham
"Hi team, Kindly find the attached notes for today's lecture and next week's plan. Let me know if you have questions.",ham
"Hello, The class has been moved to training room due to maintenance work. Let me know if you have questions.",ham
"Hi team, The interview with QuickShip is confirmed for Monday at 6:15 PM. Regards.",ham
Reminder: the meeting is scheduled in the seminar hall at 6:15 PM. Let me know if you have questions.,ham
ALERT! Final warning: your Flipkart wallet is suspended. Login now to avoid closure: http://reward-checker.info Failure to act may cause account closure.,spam
ALERT! URGENT: Your Federal Bank account will be blocked today. Verify now at http://secure-login-now.com Failure to act may cause account closure.,spam
Reminder: the meeting is scheduled in the Zoom at 12:00 PM. Thank you.,ham
"ATTENTION! Your parcel is on hold due to unpaid customs charge of ₹1,999. Pay now: http://reward-checker.info Failure to act may cause account closure.",spam
NOTICE! Update your UPI PIN now to avoid service suspension. Click here: http://freegift-portal.co Failure to act may cause account closure.,spam
"Hello, Thanks for your payment of $49. Your receipt has been generated successfully. Regards.",ham
"Hello, The network issue has been resolved. Kindly reconnect and confirm access. Thank you.",ham
FYI: The interview with Infosphere is confirmed for Saturday at 6:15 PM. Regards.,ham
Update: Please submit the signed document to the IT by Tuesday evening. Let me know if you have questions.,ham
Please note: Your leave request for Saturday has been approved by IT. Please confirm.,ham
URGENT: Your Federal Bank account will be blocked today. Verify now at http://secure-login-now.com,spam
Security alert: reset your email password immediately or your account will be deleted: http://fastclaim-bonus.net Respond immediately.,spam
IMPORTANT! Final warning: your Flipkart wallet is suspended. Login now to avoid closure: http://reward-checker.info Failure to act may cause account closure.,spam
NOTICE! URGENT: Your Axis Bank account will be blocked today. Verify now at http://account-upgrade-now.biz,spam
"Hi team, The class has been moved to Zoom due to maintenance work. Let me know if you have questions.",ham
NOTICE! Special crypto opportunity: guaranteed 5x profit. Deposit today and withdraw tomorrow. Failure to act may cause account closure.,spam
"Hello, The class has been moved to training room due to maintenance work. Thank you.",ham
NOTICE! Exclusive investment offer: double your money in 7 days. Reply YES to start. Respond immediately.,spam
ATTENTION! Final warning: your Netflix wallet is suspended. Login now to avoid closure: http://fastclaim-bonus.net Respond immediately.,spam
IMPORTANT! Security alert: reset your email password immediately or your account will be deleted: http://account-upgrade-now.biz,spam
You are selected for a cash prize of ₹999. Pay a small processing fee now to receive it.,spam
ALERT! Congratulations! You have won a free smartphone. Claim your reward immediately: http://freegift-portal.co Offer expires today.,spam
IMPORTANT! This is the final notice from SBI. Submit credentials immediately to prevent permanent freeze.,spam
ALERT! URGENT: Your Kotak Bank account will be blocked today. Verify now at http://verify-wallet-alert.org Failure to act may cause account closure.,spam
"IMPORTANT! Dear customer, we attempted to deliver your package. Confirm address and payment: http://reward-checker.info",spam
FYI: The interview with BluePeak is confirmed for Monday at 12:00 PM. Regards.,ham
ATTENTION! You are selected for a cash prize of $49. Pay a small processing fee now to receive it. Offer expires today.,spam
Please note: Can we reschedule our discussion to Monday at 5:00 PM? Thank you.,ham
"Update: Hi Sam, please review the weekly report before Thursday. Let me know if you have questions.",ham
FYI: We have updated the project tracker with the latest milestones and owners. Thank you.,ham
NOTICE! You are selected for a cash prize of $199. Pay a small processing fee now to receive it. Respond immediately.,spam
FYI: The interview with CloudSync is confirmed for Monday at 3:30 PM. Regards.,ham
IMPORTANT! URGENT: Your Axis Bank account will be blocked today. Verify now at http://fastclaim-bonus.net Respond immediately.,spam
Update: This is a gentle reminder to complete the feedback form by Thursday. Thank you.,ham
"Hello, Team, attached is the latest invoice review for your comments. Regards.",ham
ATTENTION! Security alert: reset your email password immediately or your account will be deleted: http://account-upgrade-now.biz Respond immediately.,spam
Please note: Thanks for your payment of ₹499. Your receipt has been generated successfully. Let me know if you have questions.,ham
Winner! Your mobile number won lucky draw code IN-5602. Contact agent now to collect prize. Failure to act may cause account closure.,spam
NOTICE! Update your UPI PIN now to avoid service suspension. Click here: http://reward-checker.info Failure to act may cause account closure.,spam
Reminder: the meeting is scheduled in the training room at 2:00 PM. Thank you.,ham
ATTENTION! URGENT: Your Kotak Bank account will be blocked today. Verify now at http://secure-login-now.com Offer expires today.,spam
"Update: Team, attached is the latest meeting agenda for your comments. Let me know if you have questions.",ham
NOTICE! Special crypto opportunity: guaranteed 5x profit. Deposit today and withdraw tomorrow. Offer expires today.,spam
NOTICE! Your parcel is on hold due to unpaid customs charge of ₹999. Pay now: http://verify-wallet-alert.org Offer expires today.,spam
"Hello, Hi Sophia, please review the attendance list before Saturday. Please confirm.",ham
ALERT! Final warning: your Google Pay wallet is suspended. Login now to avoid closure: http://fastclaim-bonus.net Offer expires today.,spam
FYI: Lunch with the client is fixed at 12:00 PM in the lab 3. Let me know if you have questions.,ham
IMPORTANT! Winner! Your mobile number won lucky draw code IN-5602. Contact agent now to collect prize. Offer expires today.,spam
IMPORTANT! Congratulations! You have won a free smartphone. Claim your reward immediately: http://reward-checker.info Offer expires today.,spam
"Hello, Thanks for your payment of ₹1,999. Your receipt has been generated successfully. Regards.",ham
ATTENTION! Security alert: reset your email password immediately or your account will be deleted: http://freegift-portal.co Respond immediately.,spam
NOTICE! Final warning: your Netflix wallet is suspended. Login now to avoid closure: http://secure-login-now.com Offer expires today.,spam
"Please note: Hi Sara, please review the shipment update before Wednesday.",ham
NOTICE! Final warning: your Amazon wallet is suspended. Login now to avoid closure: http://freegift-portal.co Offer expires today.,spam
Please note: Your OTP for login to LinkedIn is 921414. Do not share it with anyone. Regards.,ham
Reminder: the meeting is scheduled in the library at 3:30 PM.,ham
Please note: Lunch with the client is fixed at 6:15 PM in the main office. Thank you.,ham
NOTICE! Your parcel is on hold due to unpaid customs charge of $99. Pay now: http://fastclaim-bonus.net,spam
Exclusive investment offer: double your money in 7 days. Reply YES to start. Failure to act may cause account closure.,spam
"Hi team, Your leave request for Wednesday has been approved by HR. Thank you.",ham
Your leave request for Thursday has been approved by Marketing. Let me know if you have questions.,ham
Please note: Please bring your ID card and laptop for the workshop in library. Please confirm.,ham
Please note: Your OTP for login to Paytm is 791634. Do not share it with anyone. Please confirm.,ham
Congratulations! You have won a free smartphone. Claim your reward immediately: http://account-upgrade-now.biz,spam
Please note: This is a gentle reminder to complete the feedback form by Thursday. Please confirm.,ham
Please note: Your order from TechNova has been shipped and will arrive in 2-3 business days. Regards.,ham
Please note: The class has been moved to training room due to maintenance work. Please confirm.,ham
FYI: Lunch with the client is fixed at 10:30 AM in the seminar hall. Regards.,ham
"Hello, This is a gentle reminder to complete the feedback form by Saturday.",ham
Update: This is a gentle reminder to complete the feedback form by Monday. Regards.,ham
NOTICE! Your parcel is on hold due to unpaid customs charge of $49. Pay now: http://reward-checker.info Offer expires today.,spam
Please note: Your order from NexaSoft has been shipped and will arrive in 2-3 business days. Please confirm.,ham
Special crypto opportunity: guaranteed 5x profit. Deposit today and withdraw tomorrow. Respond immediately.,spam
IMPORTANT! Security alert: reset your email password immediately or your account will be deleted: http://fastclaim-bonus.net Respond immediately.,spam
"Hi team, Your OTP for login to Netflix is 477114. Do not share it with anyone. Regards.",ham
Your parcel is on hold due to unpaid customs charge of $49. Pay now: http://verify-wallet-alert.org,spam
"Hi team, Reminder: the meeting is scheduled in the library at 10:30 AM. Thank you.",ham
FYI: Your order from BluePeak has been shipped and will arrive in 2-3 business days. Let me know if you have questions.,ham
"Hi team, Please submit the signed document to the Accounts by Wednesday evening. Regards.",ham
FYI: Your leave request for Thursday has been approved by HR. Let me know if you have questions.,ham
ATTENTION! This is the final notice from Federal Bank. Submit credentials immediately to prevent permanent freeze.,spam
"Hello, Your OTP for login to Paytm is 396059. Do not share it with anyone. Regards.",ham
Update: The network issue has been resolved. Kindly reconnect and confirm access. Thank you.,ham
ALERT! Final warning: your LinkedIn wallet is suspended. Login now to avoid closure: http://secure-login-now.com Failure to act may cause account closure.,spam
Please note: Your OTP for login to Netflix is 975151. Do not share it with anyone. Please confirm.,ham
FYI: Can we reschedule our discussion to Tuesday at 10:30 AM? Regards.,ham
Update your UPI PIN now to avoid service suspension. Click here: http://secure-login-now.com Offer expires today.,spam
Update: The class has been moved to seminar hall due to maintenance work. Please confirm.,ham
"Hi team, The interview with CloudSync is confirmed for Wednesday at 6:15 PM. Please confirm.",ham
"Hi team, Your OTP for login to LinkedIn is 980184. Do not share it with anyone. Thank you.",ham
Please note: Your package is out for delivery and should reach you by tonight. Thank you.,ham
ALERT! Your parcel is on hold due to unpaid customs charge of ₹499. Pay now: http://freegift-portal.co,spam
FYI: Your order from BrightEdge has been shipped and will arrive in 2-3 business days. Thank you.,ham
IMPORTANT! Final warning: your Netflix wallet is suspended. Login now to avoid closure: http://account-upgrade-now.biz Failure to act may cause account closure.,spam
"Hello, The class has been moved to conference room 2 due to maintenance work.",ham
"FYI: Team, attached is the latest weekly report for your comments.",ham
NOTICE! Your parcel is on hold due to unpaid customs charge of $199. Pay now: http://secure-login-now.com Offer expires today.,spam
ATTENTION! You are selected for a cash prize of $99. Pay a small processing fee now to receive it.,spam
Update: Can we reschedule our discussion to Wednesday at 2:00 PM? Thank you.,ham
NOTICE! Your subscription renewal failed. Re-enter payment credentials now at http://account-upgrade-now.biz Respond immediately.,spam
Please note: This is a gentle reminder to complete the feedback form by Tuesday.,ham
Update: We have updated the project tracker with the latest milestones and owners. Please confirm.,ham
Please submit the signed document to the Faculty Office by Wednesday evening. Regards.,ham
IMPORTANT! Final warning: your Google Pay wallet is suspended. Login now to avoid closure: http://fastclaim-bonus.net,spam
FYI: Your leave request for Friday has been approved by Support. Let me know if you have questions.,ham
Your parcel is on hold due to unpaid customs charge of ₹499. Pay now: http://reward-checker.info Failure to act may cause account closure.,spam
"Update: Hi David, please review the budget approval before Thursday. Let me know if you have questions.",ham
"Hello, Lunch with the client is fixed at 3:30 PM in the Zoom. Regards.",ham
ATTENTION! Your subscription renewal failed. Re-enter payment credentials now at http://verify-wallet-alert.org Failure to act may cause account closure.,spam
ALERT! URGENT: Your HDFC Bank account will be blocked today. Verify now at http://fastclaim-bonus.net,spam
IMPORTANT! Exclusive investment offer: double your money in 7 days. Reply YES to start. Respond immediately.,spam
IMPORTANT! Update your UPI PIN now to avoid service suspension. Click here: http://verify-wallet-alert.org Failure to act may cause account closure.,spam
ALERT! Congratulations! You have won a free smartphone. Claim your reward immediately: http://freegift-portal.co Respond immediately.,spam
"Please note: Team, attached is the latest client feedback for your comments. Please confirm.",ham
"Hi team, We have updated the project tracker with the latest milestones and owners. Please confirm.",ham
"Hello, Your leave request for Monday has been approved by Accounts. Let me know if you have questions.",ham
Update: Your OTP for login to PhonePe is 848815. Do not share it with anyone. Regards.,ham
"Hi team, Your OTP for login to Amazon is 723948. Do not share it with anyone. Regards.",ham
"Team, attached is the latest attendance list for your comments.",ham
Winner! Your mobile number won lucky draw code AX-2291. Contact agent now to collect prize. Failure to act may cause account closure.,spam
Update: The interview with Apex Motors is confirmed for Thursday at 6:15 PM. Regards.,ham
IMPORTANT! Congratulations! You have won a free smartphone. Claim your reward immediately: http://freegift-portal.co Offer expires today.,spam
NOTICE! Final warning: your Instagram wallet is suspended. Login now to avoid closure: http://reward-checker.info Failure to act may cause account closure.,spam
"Hi Riya, please review the lab schedule before Saturday. Regards.",ham
"Update: Hi Sophia, please review the client feedback before Thursday. Regards.",ham
"Hello, Lunch with the client is fixed at 2:00 PM in the main office. Let me know if you have questions.",ham
ATTENTION! This is the final notice from ICICI Bank. Submit credentials immediately to prevent permanent freeze. Offer expires today.,spam
NOTICE! Final warning: your Netflix wallet is suspended. Login now to avoid closure: http://reward-checker.info Respond immediately.,spam
"Hello, Team, attached is the latest attendance list for your comments.",ham
Update: The network issue has been resolved. Kindly reconnect and confirm access. Let me know if you have questions.,ham
IMPORTANT! Congratulations! You have won a free smartphone. Claim your reward immediately: http://reward-checker.info Failure to act may cause account closure.,spam
"Hi team, Reminder: the meeting is scheduled in the Zoom at 5:00 PM. Regards.",ham
URGENT: Your Federal Bank account will be blocked today. Verify now at http://verify-wallet-alert.org Offer expires today.,spam
"FYI: Hi Aditya, please review the project update before Wednesday. Regards.",ham
ATTENTION! URGENT: Your SBI account will be blocked today. Verify now at http://verify-wallet-alert.org Failure to act may cause account closure.,spam
ATTENTION! URGENT: Your ICICI Bank account will be blocked today. Verify now at http://reward-checker.info,spam
ATTENTION! Your subscription renewal failed. Re-enter payment credentials now at http://secure-login-now.com Respond immediately.,spam
"Hello, The interview with BluePeak is confirmed for Monday at 5:00 PM. Thank you.",ham
Special crypto opportunity: guaranteed 5x profit. Deposit today and withdraw tomorrow. Offer expires today.,spam
IMPORTANT! Winner! Your mobile number won lucky draw code TR-9045. Contact agent now to collect prize.,spam
ALERT! URGENT: Your Axis Bank account will be blocked today. Verify now at http://reward-checker.info Offer expires today.,spam
"Hello, Team, attached is the latest shipment update for your comments. Please confirm.",ham
Update: Your OTP for login to LinkedIn is 862564. Do not share it with anyone. Let me know if you have questions.,ham
Act now: your job application has been shortlisted. Pay registration fees to complete hiring. Respond immediately.,spam
Please bring your ID card and laptop for the workshop in training room. Please confirm.,ham
Update: Please bring your ID card and laptop for the workshop in training room. Let me know if you have questions.,ham
ALERT! Update your UPI PIN now to avoid service suspension. Click here: http://reward-checker.info Respond immediately.,spam
"Your parcel is on hold due to unpaid customs charge of ₹4,999. Pay now: http://fastclaim-bonus.net Offer expires today.",spam
FYI: Reminder: the meeting is scheduled in the main office at 6:15 PM.,ham
IMPORTANT! You are selected for a cash prize of ₹999. Pay a small processing fee now to receive it.,spam
ALERT! Your KYC is pending. Update Aadhaar and bank details immediately at http://freegift-portal.co,spam
Please note: Your order from UrbanMart has been shipped and will arrive in 2-3 business days. Thank you.,ham
"Hello, Your OTP for login to Flipkart is 284630. Do not share it with anyone. Please confirm.",ham
The interview with Apex Motors is confirmed for Thursday at 5:00 PM. Please confirm.,ham
NOTICE! Winner! Your mobile number won lucky draw code HR-7710. Contact agent now to collect prize. Offer expires today.,spam
"Hi team, Your OTP for login to Netflix is 620609. Do not share it with anyone.",ham
"Hello, Thanks for your payment of ₹499. Your receipt has been generated successfully. Regards.",ham
NOTICE! Your tax refund is ready. Confirm account number and CVV to receive the amount. Respond immediately.,spam
Please note: Your leave request for Thursday has been approved by HR.,ham
"Hello, Your leave request for Saturday has been approved by Accounts. Regards.",ham
"Update: Team, attached is the latest budget approval for your comments. Thank you.",ham
"Hi team, Please submit the signed document to the Support by Tuesday evening. Thank you.",ham
Update: Your leave request for Friday has been approved by Accounts. Let me know if you have questions.,ham
Final warning: your Netflix wallet is suspended. Login now to avoid closure: http://reward-checker.info,spam
ALERT! Your parcel is on hold due to unpaid customs charge of $99. Pay now: http://freegift-portal.co,spam
ALERT! Your KYC is pending. Update Aadhaar and bank details immediately at http://fastclaim-bonus.net Offer expires today.,spam
"Hello, Team, attached is the latest budget approval for your comments. Let me know if you have questions.",ham
FYI: Can we reschedule our discussion to Friday at 2:00 PM? Thank you.,ham
"Hi team, Please submit the signed document to the Faculty Office by Saturday evening. Please confirm.",ham
IMPORTANT! URGENT: Your Kotak Bank account will be blocked today. Verify now at http://verify-wallet-alert.org Failure to act may cause account closure.,spam
Please note: We received your application and will update you after the screening process.,ham
IMPORTANT! Winner! Your mobile number won lucky draw code HR-7710. Contact agent now to collect prize.,spam
Can we reschedule our discussion to Wednesday at 9:00 AM? Regards.,ham
You are selected for a cash prize of $49. Pay a small processing fee now to receive it.,spam
NOTICE! Update your UPI PIN now to avoid service suspension. Click here: http://fastclaim-bonus.net Respond immediately.,spam
"ATTENTION! Your parcel is on hold due to unpaid customs charge of ₹4,999. Pay now: http://verify-wallet-alert.org Respond immediately.",spam
"Hello, Hi Emma, please review the project update before Monday. Let me know if you have questions.",ham
"Hello, Please bring your ID card and laptop for the workshop in Zoom. Regards.",ham
Your order from BluePeak has been shipped and will arrive in 2-3 business days. Thank you.,ham
Update your UPI PIN now to avoid service suspension. Click here: http://account-upgrade-now.biz,spam
NOTICE! You are selected for a cash prize of $99. Pay a small processing fee now to receive it. Respond immediately.,spam
NOTICE! Final warning: your LinkedIn wallet is suspended. Login now to avoid closure: http://freegift-portal.co Failure to act may cause account closure.,spam
"Please note: Team, attached is the latest invoice review for your comments. Regards.",ham
Update: Can we reschedule our discussion to Saturday at 12:00 PM? Regards.,ham
ALERT! You are selected for a cash prize of $99. Pay a small processing fee now to receive it.,spam
"Hi team, This is a gentle reminder to complete the feedback form by Thursday. Regards.",ham
ATTENTION! Winner! Your mobile number won lucky draw code HR-7710. Contact agent now to collect prize. Failure to act may cause account closure.,spam
NOTICE! Your parcel is on hold due to unpaid customs charge of ₹999. Pay now: http://freegift-portal.co Respond immediately.,spam
Your leave request for Tuesday has been approved by Support. Let me know if you have questions.,ham
NOTICE! Final warning: your Flipkart wallet is suspended. Login now to avoid closure: http://fastclaim-bonus.net Failure to act may cause account closure.,spam
Please note: The class has been moved to library due to maintenance work. Please confirm.,ham
Your leave request for Thursday has been approved by Support. Please confirm.,ham
"Hi team, This is a gentle reminder to complete the feedback form by Wednesday. Let me know if you have questions.",ham
The class has been moved to Zoom due to maintenance work. Please confirm.,ham
"Hi team, Please submit the signed document to the IT by Tuesday evening. Regards.",ham
Your leave request for Thursday has been approved by HR.,ham
ALERT! Final warning: your Instagram wallet is suspended. Login now to avoid closure: http://freegift-portal.co Failure to act may cause account closure.,spam
Update: The class has been moved to Zoom due to maintenance work. Please confirm.,ham
"Hi team, Please bring your ID card and laptop for the workshop in lab 3. Let me know if you have questions.",ham
ATTENTION! URGENT: Your Axis Bank account will be blocked today. Verify now at http://verify-wallet-alert.org Offer expires today.,spam
Lunch with the client is fixed at 12:00 PM in the Zoom. Let me know if you have questions.,ham
IMPORTANT! Your subscription renewal failed. Re-enter payment credentials now at http://reward-checker.info Failure to act may cause account closure.,spam
Please note: We received your application and will update you after the screening process. Regards.,ham
Please note: Lunch with the client is fixed at 12:00 PM in the library. Let me know if you have questions.,ham
"Hi Emma, please review the lab schedule before Thursday. Please confirm.",ham
"Hello, Team, attached is the latest lab schedule for your comments.",ham
"Hi team, Lunch with the client is fixed at 12:00 PM in the library. Let me know if you have questions.",ham
NOTICE! Exclusive investment offer: double your money in 7 days. Reply YES to start.,spam
Update: Your order from UrbanMart has been shipped and will arrive in 2-3 business days. Regards.,ham
"Update: Team, attached is the latest project update for your comments. Let me know if you have questions.",ham
IMPORTANT! URGENT: Your SBI account will be blocked today. Verify now at http://reward-checker.info Respond immediately.,spam
"Hello, Your order from SparkGrid has been shipped and will arrive in 2-3 business days. Let me know if you have questions.",ham
"Hi team, The class has been moved to lab 3 due to maintenance work. Thank you.",ham
Update: The interview with UrbanMart is confirmed for Tuesday at 9:00 AM. Regards.,ham
Update: The interview with UrbanMart is confirmed for Saturday at 10:30 AM. Regards.,ham
Your parcel is on hold due to unpaid customs charge of ₹999. Pay now: http://freegift-portal.co Offer expires today.,spam
NOTICE! Congratulations! You have won a free smartphone. Claim your reward immediately: http://reward-checker.info Respond immediately.,spam
Update: Your OTP for login to Netflix is 417212. Do not share it with anyone. Regards.,ham
ATTENTION! Winner! Your mobile number won lucky draw code AX-2291. Contact agent now to collect prize. Offer expires today.,spam
ATTENTION! Your subscription renewal failed. Re-enter payment credentials now at http://freegift-portal.co Respond immediately.,spam
FYI: Your order from UrbanMart has been shipped and will arrive in 2-3 business days. Thank you.,ham
Update: We have updated the project tracker with the latest milestones and owners. Let me know if you have questions.,ham
NOTICE! This is the final notice from Axis Bank. Submit credentials immediately to prevent permanent freeze. Respond immediately.,spam
"Hi team, Your order from Infosphere has been shipped and will arrive in 2-3 business days. Regards.",ham
NOTICE! Final warning: your Instagram wallet is suspended. Login now to avoid closure: http://freegift-portal.co Respond immediately.,spam
"IMPORTANT! You are selected for a cash prize of ₹4,999. Pay a small processing fee now to receive it. Offer expires today.",spam
"Hello, Please submit the signed document to the Accounts by Monday evening.",ham
IMPORTANT! Final warning: your Flipkart wallet is suspended. Login now to avoid closure: http://verify-wallet-alert.org Offer expires today.,spam
Update: Your order from BluePeak has been shipped and will arrive in 2-3 business days. Regards.,ham
"Hello, Your order from Horizon Labs has been shipped and will arrive in 2-3 business days. Thank you.",ham
You are selected for a cash prize of $199. Pay a small processing fee now to receive it.,spam
"Hi team, Can we reschedule our discussion to Tuesday at 9:00 AM? Regards.",ham
IMPORTANT! URGENT: Your Federal Bank account will be blocked today. Verify now at http://fastclaim-bonus.net Failure to act may cause account closure.,spam
Update: Kindly find the attached notes for today's lecture and next week's plan. Thank you.,ham
ATTENTION! You have been pre-approved for an instant loan. Share OTP and card details to proceed.,spam
URGENT: Your Kotak Bank account will be blocked today. Verify now at http://fastclaim-bonus.net Failure to act may cause account closure.,spam
"ALERT! Your parcel is on hold due to unpaid customs charge of ₹4,999. Pay now: http://verify-wallet-alert.org Respond immediately.",spam
ATTENTION! Winner! Your mobile number won lucky draw code UP-1118. Contact agent now to collect prize.,spam
ALERT! Your parcel is on hold due to unpaid customs charge of $199. Pay now: http://secure-login-now.com,spam
"Hello, This is a gentle reminder to complete the feedback form by Thursday. Regards.",ham
NOTICE! Your parcel is on hold due to unpaid customs charge of $49. Pay now: http://freegift-portal.co Offer expires today.,spam
"Hi team, Please bring your ID card and laptop for the workshop in library. Let me know if you have questions.",ham
Can we reschedule our discussion to Wednesday at 10:30 AM?,ham
"Update: Team, attached is the latest lab schedule for your comments. Thank you.",ham
"Hello, The interview with FinTrust is confirmed for Saturday at 2:00 PM. Please confirm.",ham
ALERT! Security alert: reset your email password immediately or your account will be deleted: http://freegift-portal.co Respond immediately.,spam
NOTICE! Update your UPI PIN now to avoid service suspension. Click here: http://verify-wallet-alert.org,spam
IMPORTANT! Final warning: your PhonePe wallet is suspended. Login now to avoid closure: http://fastclaim-bonus.net Failure to act may cause account closure.,spam
NOTICE! Final warning: your Netflix wallet is suspended. Login now to avoid closure: http://reward-checker.info,spam
"Hello, The interview with BluePeak is confirmed for Saturday at 10:30 AM. Thank you.",ham
"Hello, The interview with BluePeak is confirmed for Thursday at 2:00 PM. Let me know if you have questions.",ham
ALERT! Your subscription renewal failed. Re-enter payment credentials now at http://fastclaim-bonus.net Failure to act may cause account closure.,spam
ALERT! Security alert: reset your email password immediately or your account will be deleted: http://fastclaim-bonus.net,spam
"Hi team, Please submit the signed document to the IT by Monday evening. Let me know if you have questions.",ham
FYI: Please bring your ID card and laptop for the workshop in seminar hall. Thank you.,ham
Your leave request for Saturday has been approved by HR. Let me know if you have questions.,ham
NOTICE! URGENT: Your Axis Bank account will be blocked today. Verify now at http://freegift-portal.co,spam
"Hello, Lunch with the client is fixed at 9:00 AM in the library. Regards.",ham
ALERT! Congratulations! You have won a free smartphone. Claim your reward immediately: http://secure-login-now.com Failure to act may cause account closure.,spam
"IMPORTANT! Your parcel is on hold due to unpaid customs charge of ₹4,999. Pay now: http://secure-login-now.com Respond immediately.",spam
Final warning: your Flipkart wallet is suspended. Login now to avoid closure: http://freegift-portal.co Offer expires today.,spam
"Hello, The network issue has been resolved. Kindly reconnect and confirm access. Please confirm.",ham
NOTICE! Act now: your job application has been shortlisted. Pay registration fees to complete hiring. Respond immediately.,spam
NOTICE! URGENT: Your Federal Bank account will be blocked today. Verify now at http://fastclaim-bonus.net Failure to act may cause account closure.,spam
Please note: Can we reschedule our discussion to Thursday at 6:15 PM? Regards.,ham
NOTICE! Final warning: your PhonePe wallet is suspended. Login now to avoid closure: http://secure-login-now.com Offer expires today.,spam
FYI: This is a gentle reminder to complete the feedback form by Tuesday.,ham
Update: Please bring your ID card and laptop for the workshop in library. Please confirm.,ham
ATTENTION! Your parcel is on hold due to unpaid customs charge of $49. Pay now: http://reward-checker.info,spam
"IMPORTANT! Dear user, unusual activity detected. Confirm your password and PAN details here: http://secure-login-now.com Offer expires today.",spam
Can we reschedule our discussion to Wednesday at 5:00 PM? Please confirm.,ham
ALERT! You are selected for a cash prize of ₹499. Pay a small processing fee now to receive it.,spam
"ALERT! Dear user, unusual activity detected. Confirm your password and PAN details here: http://freegift-portal.co Failure to act may cause account closure.",spam
Final warning: your Paytm wallet is suspended. Login now to avoid closure: http://verify-wallet-alert.org Failure to act may cause account closure.,spam
IMPORTANT! Final warning: your LinkedIn wallet is suspended. Login now to avoid closure: http://secure-login-now.com Failure to act may cause account closure.,spam
"ALERT! Your parcel is on hold due to unpaid customs charge of ₹4,999. Pay now: http://secure-login-now.com Respond immediately.",spam
Final warning: your Google Pay wallet is suspended. Login now to avoid closure: http://secure-login-now.com,spam
This is a gentle reminder to complete the feedback form by Thursday. Regards.,ham
URGENT: Your ICICI Bank account will be blocked today. Verify now at http://verify-wallet-alert.org Respond immediately.,spam
ALERT! Update your UPI PIN now to avoid service suspension. Click here: http://account-upgrade-now.biz,spam
Please note: Your OTP for login to PhonePe is 352382. Do not share it with anyone.,ham
"FYI: Thanks for your payment of ₹4,999. Your receipt has been generated successfully. Please confirm.",ham
FYI: Please submit the signed document to the HR by Monday evening.,ham
Security alert: reset your email password immediately or your account will be deleted: http://account-upgrade-now.biz,spam
IMPORTANT! Your parcel is on hold due to unpaid customs charge of $49. Pay now: http://freegift-portal.co Failure to act may cause account closure.,spam
Your leave request for Tuesday has been approved by HR. Please confirm.,ham
"Hello, Hi Sara, please review the shipment update before Thursday. Regards.",ham
This is a gentle reminder to complete the feedback form by Saturday. Please confirm.,ham
"Hi team, Hi Neha, please review the project update before Monday.",ham
NOTICE! You are selected for a cash prize of $99. Pay a small processing fee now to receive it. Failure to act may cause account closure.,spam
"Update: Hi Rahul, please review the budget approval before Thursday. Please confirm.",ham
NOTICE! Congratulations! You have won a free smartphone. Claim your reward immediately: http://freegift-portal.co Failure to act may cause account closure.,spam
You are selected for a cash prize of ₹999. Pay a small processing fee now to receive it. Respond immediately.,spam
NOTICE! Your parcel is on hold due to unpaid customs charge of $199. Pay now: http://account-upgrade-now.biz,spam
Your parcel is on hold due to unpaid customs charge of ₹499. Pay now: http://freegift-portal.co Failure to act may cause account closure.,spam
Update: Lunch with the client is fixed at 10:30 AM in the Zoom. Thank you.,ham
"IMPORTANT! You are selected for a cash prize of ₹4,999. Pay a small processing fee now to receive it.",spam
FYI: The class has been moved to lab 3 due to maintenance work. Please confirm.,ham
"Hello, Lunch with the client is fixed at 3:30 PM in the library. Let me know if you have questions.",ham
"Update: Hi Neha, please review the budget approval before Friday.",ham
IMPORTANT! Security alert: reset your email password immediately or your account will be deleted: http://verify-wallet-alert.org Failure to act may cause account closure.,spam
Please note: Kindly find the attached notes for today's lecture and next week's plan. Let me know if you have questions.,ham
ALERT! Final warning: your Flipkart wallet is suspended. Login now to avoid closure: http://fastclaim-bonus.net Offer expires today.,spam
NOTICE! URGENT: Your Axis Bank account will be blocked today. Verify now at http://account-upgrade-now.biz Respond immediately.,spam
ATTENTION! URGENT: Your Kotak Bank account will be blocked today. Verify now at http://fastclaim-bonus.net Failure to act may cause account closure.,spam
Please note: Please bring your ID card and laptop for the workshop in main office. Please confirm.,ham
"Hi team, Can we reschedule our discussion to Tuesday at 5:00 PM? Please confirm.",ham
URGENT: Your SBI account will be blocked today. Verify now at http://account-upgrade-now.biz Failure to act may cause account closure.,spam
"ATTENTION! Your parcel is on hold due to unpaid customs charge of ₹4,999. Pay now: http://reward-checker.info",spam
"Team, attached is the latest client feedback for your comments. Let me know if you have questions.",ham
Your subscription renewal failed. Re-enter payment credentials now at http://fastclaim-bonus.net Respond immediately.,spam
ALERT! Your KYC is pending. Update Aadhaar and bank details immediately at http://verify-wallet-alert.org Respond immediately.,spam
Thanks for your payment of $199. Your receipt has been generated successfully. Thank you.,ham
"ATTENTION! Dear user, unusual activity detected. Confirm your password and PAN details here: http://fastclaim-bonus.net Offer expires today.",spam
Update: Your OTP for login to PhonePe is 564435. Do not share it with anyone. Thank you.,ham
The interview with TechNova is confirmed for Wednesday at 9:00 AM. Regards.,ham
"FYI: Hi Emma, please review the shipment update before Monday. Regards.",ham
Update: The network issue has been resolved. Kindly reconnect and confirm access.,ham
"NOTICE! Dear user, unusual activity detected. Confirm your password and PAN details here: http://fastclaim-bonus.net",spam
NOTICE! This is the final notice from Federal Bank. Submit credentials immediately to prevent permanent freeze. Offer expires today.,spam
ALERT! Your parcel is on hold due to unpaid customs charge of $49. Pay now: http://verify-wallet-alert.org Respond immediately.,spam
IMPORTANT! This is the final notice from Kotak Bank. Submit credentials immediately to prevent permanent freeze.,spam
"IMPORTANT! Your parcel is on hold due to unpaid customs charge of ₹1,999. Pay now: http://secure-login-now.com",spam
ATTENTION! URGENT: Your ICICI Bank account will be blocked today. Verify now at http://verify-wallet-alert.org Respond immediately.,spam
ATTENTION! Your parcel is on hold due to unpaid customs charge of $99. Pay now: http://fastclaim-bonus.net,spam
FYI: Lunch with the client is fixed at 3:30 PM in the conference room 2. Let me know if you have questions.,ham
Your parcel is on hold due to unpaid customs charge of ₹999. Pay now: http://verify-wallet-alert.org,spam
FYI: The interview with Apex Motors is confirmed for Friday at 5:00 PM. Thank you.,ham
IMPORTANT! Final warning: your Amazon wallet is suspended. Login now to avoid closure: http://verify-wallet-alert.org,spam
FYI: Can we reschedule our discussion to Tuesday at 3:30 PM? Thank you.,ham
Please note: Your package is out for delivery and should reach you by tonight. Let me know if you have questions.,ham
Your order from Horizon Labs has been shipped and will arrive in 2-3 business days. Let me know if you have questions.,ham
ALERT! URGENT: Your Kotak Bank account will be blocked today. Verify now at http://account-upgrade-now.biz,spam
Your OTP for login to PhonePe is 313152. Do not share it with anyone. Thank you.,ham
Please note: Can we reschedule our discussion to Wednesday at 5:00 PM?,ham
"Hello, Your leave request for Saturday has been approved by Operations. Thank you.",ham
FYI: Reminder: the meeting is scheduled in the Zoom at 5:00 PM. Let me know if you have questions.,ham
NOTICE! URGENT: Your Kotak Bank account will be blocked today. Verify now at http://account-upgrade-now.biz Offer expires today.,spam
"Hello, Can we reschedule our discussion to Friday at 12:00 PM? Regards.",ham
IMPORTANT! Special crypto opportunity: guaranteed 5x profit. Deposit today and withdraw tomorrow. Failure to act may cause account closure.,spam
ATTENTION! Congratulations! You have won a free smartphone. Claim your reward immediately: http://reward-checker.info Failure to act may cause account closure.,spam
NOTICE! You are selected for a cash prize of $49. Pay a small processing fee now to receive it. Respond immediately.,spam
"NOTICE! Dear customer, we attempted to deliver your package. Confirm address and payment: http://verify-wallet-alert.org Failure to act may cause account closure.",spam
"Please note: Hi Emma, please review the shipment update before Friday.",ham
FYI: Thanks for your payment of $49. Your receipt has been generated successfully. Thank you.,ham
"ATTENTION! Dear user, unusual activity detected. Confirm your password and PAN details here: http://freegift-portal.co Offer expires today.",spam
ALERT! Final warning: your PhonePe wallet is suspended. Login now to avoid closure: http://freegift-portal.co Respond immediately.,spam
"ATTENTION! Dear customer, we attempted to deliver your package. Confirm address and payment: http://secure-login-now.com",spam
ALERT! Your parcel is on hold due to unpaid customs charge of $49. Pay now: http://verify-wallet-alert.org Failure to act may cause account closure.,spam
Final warning: your Netflix wallet is suspended. Login now to avoid closure: http://secure-login-now.com Failure to act may cause account closure.,spam
URGENT: Your Kotak Bank account will be blocked today. Verify now at http://verify-wallet-alert.org Offer expires today.,spam
"Your parcel is on hold due to unpaid customs charge of ₹1,999. Pay now: http://secure-login-now.com",spam
NOTICE! Your parcel is on hold due to unpaid customs charge of $49. Pay now: http://account-upgrade-now.biz,spam
Please note: This is a gentle reminder to complete the feedback form by Saturday. Regards.,ham
"ALERT! Dear customer, we attempted to deliver your package. Confirm address and payment: http://verify-wallet-alert.org",spam
ALERT! URGENT: Your SBI account will be blocked today. Verify now at http://fastclaim-bonus.net Respond immediately.,spam
"FYI: Team, attached is the latest invoice review for your comments. Regards.",ham
ALERT! URGENT: Your Kotak Bank account will be blocked today. Verify now at http://secure-login-now.com Failure to act may cause account closure.,spam
NOTICE! Your parcel is on hold due to unpaid customs charge of $199. Pay now: http://freegift-portal.co,spam
ATTENTION! Your subscription renewal failed. Re-enter payment credentials now at http://fastclaim-bonus.net Offer expires today.,spam
NOTICE! URGENT: Your HDFC Bank account will be blocked today. Verify now at http://verify-wallet-alert.org Respond immediately.,spam
Your order from Horizon Labs has been shipped and will arrive in 2-3 business days.,ham
"Hello, The class has been moved to training room due to maintenance work.",ham
"Hello, Team, attached is the latest budget approval for your comments.",ham
IMPORTANT! Final warning: your LinkedIn wallet is suspended. Login now to avoid closure: http://reward-checker.info Respond immediately.,spam
"Your parcel is on hold due to unpaid customs charge of ₹4,999. Pay now: http://fastclaim-bonus.net Failure to act may cause account closure.",spam
IMPORTANT! Security alert: reset your email password immediately or your account will be deleted: http://fastclaim-bonus.net,spam
"Hello, Your order from FinTrust has been shipped and will arrive in 2-3 business days.",ham
Update: Please submit the signed document to the IT by Thursday evening. Regards.,ham
ALERT! This is the final notice from ICICI Bank. Submit credentials immediately to prevent permanent freeze. Respond immediately.,spam
"Hello, Hi Alex, please review the invoice review before Monday.",ham
"Update: Hi John, please review the client feedback before Saturday.",ham
Update: Your OTP for login to Instagram is 856300. Do not share it with anyone. Regards.,ham
The interview with NexaSoft is confirmed for Thursday at 2:00 PM. Let me know if you have questions.,ham
FYI: Your order from SparkGrid has been shipped and will arrive in 2-3 business days. Please confirm.,ham
NOTICE! Final warning: your PhonePe wallet is suspended. Login now to avoid closure: http://verify-wallet-alert.org Respond immediately.,spam
Update: Your order from TechNova has been shipped and will arrive in 2-3 business days. Please confirm.,ham
NOTICE! Your parcel is on hold due to unpaid customs charge of $49. Pay now: http://secure-login-now.com,spam
Your parcel is on hold due to unpaid customs charge of $199. Pay now: http://verify-wallet-alert.org Failure to act may cause account closure.,spam
FYI: The interview with BluePeak is confirmed for Saturday at 3:30 PM. Regards.,ham
ATTENTION! This is the final notice from Federal Bank. Submit credentials immediately to prevent permanent freeze. Respond immediately.,spam
"Hi team, Please submit the signed document to the Operations by Thursday evening. Thank you.",ham
URGENT: Your HDFC Bank account will be blocked today. Verify now at http://account-upgrade-now.biz Offer expires today.,spam
Your OTP for login to Paytm is 729402. Do not share it with anyone. Let me know if you have questions.,ham
Update: The class has been moved to seminar hall due to maintenance work. Regards.,ham
Please bring your ID card and laptop for the workshop in library. Let me know if you have questions.,ham
This is the final notice from Axis Bank. Submit credentials immediately to prevent permanent freeze. Respond immediately.,spam
Please note: Your order from CloudSync has been shipped and will arrive in 2-3 business days. Regards.,ham
"Hello, Your leave request for Monday has been approved by Admin. Please confirm.",ham
IMPORTANT! URGENT: Your Axis Bank account will be blocked today. Verify now at http://reward-checker.info,spam
Your OTP for login to LinkedIn is 474799. Do not share it with anyone. Let me know if you have questions.,ham
"Hello, The class has been moved to Zoom due to maintenance work. Thank you.",ham
This is a gentle reminder to complete the feedback form by Friday. Thank you.,ham
"Please note: Thanks for your payment of ₹1,999. Your receipt has been generated successfully. Thank you.",ham
Your subscription renewal failed. Re-enter payment credentials now at http://account-upgrade-now.biz Failure to act may cause account closure.,spam
"Hi team, Your order from BrightEdge has been shipped and will arrive in 2-3 business days. Thank you.",ham
"Hi team, Your leave request for Thursday has been approved by Admin. Regards.",ham
Please note: Your leave request for Wednesday has been approved by Operations.,ham
ATTENTION! Security alert: reset your email password immediately or your account will be deleted: http://account-upgrade-now.biz Offer expires today.,spam
Please note: Reminder: the meeting is scheduled in the lab 3 at 2:00 PM. Thank you.,ham
FYI: Can we reschedule our discussion to Thursday at 12:00 PM? Please confirm.,ham
Please note: Reminder: the meeting is scheduled in the main office at 10:30 AM. Thank you.,ham
"Hi team, Team, attached is the latest attendance list for your comments. Please confirm.",ham
FYI: Can we reschedule our discussion to Wednesday at 5:00 PM? Let me know if you have questions.,ham
ATTENTION! Your subscription renewal failed. Re-enter payment credentials now at http://secure-login-now.com Failure to act may cause account closure.,spam
ATTENTION! URGENT: Your Axis Bank account will be blocked today. Verify now at http://secure-login-now.com,spam
"Team, attached is the latest client feedback for your comments. Please confirm.",ham
"Hello, Your leave request for Thursday has been approved by Marketing.",ham
"Hello, Can we reschedule our discussion to Friday at 6:15 PM?",ham
ATTENTION! Final warning: your Amazon wallet is suspended. Login now to avoid closure: http://verify-wallet-alert.org Respond immediately.,spam
IMPORTANT! Your parcel is on hold due to unpaid customs charge of ₹999. Pay now: http://fastclaim-bonus.net Offer expires today.,spam
"Update: Hi Sophia, please review the weekly report before Friday. Thank you.",ham
NOTICE! URGENT: Your ICICI Bank account will be blocked today. Verify now at http://reward-checker.info,spam
"Hi Michael, please review the budget approval before Saturday.",ham
Update: Your leave request for Monday has been approved by Marketing.,ham
"Update: Thanks for your payment of ₹1,999. Your receipt has been generated successfully. Let me know if you have questions.",ham
Update: Lunch with the client is fixed at 2:00 PM in the Zoom. Let me know if you have questions.,ham
"Hello, Team, attached is the latest lab schedule for your comments. Please confirm.",ham
NOTICE! Update your UPI PIN now to avoid service suspension. Click here: http://reward-checker.info,spam
"Dear user, unusual activity detected. Confirm your password and PAN details here: http://account-upgrade-now.biz",spam
ATTENTION! Your parcel is on hold due to unpaid customs charge of ₹499. Pay now: http://verify-wallet-alert.org Offer expires today.,spam
Your order from BrightEdge has been shipped and will arrive in 2-3 business days.,ham
NOTICE! Final warning: your LinkedIn wallet is suspended. Login now to avoid closure: http://account-upgrade-now.biz Respond immediately.,spam
Please note: The interview with NexaSoft is confirmed for Tuesday at 12:00 PM. Thank you.,ham
"ATTENTION! Your parcel is on hold due to unpaid customs charge of ₹4,999. Pay now: http://secure-login-now.com Offer expires today.",spam
"Team, attached is the latest client feedback for your comments. Regards.",ham
FYI: Please submit the signed document to the IT by Wednesday evening. Let me know if you have questions.,ham
Final warning: your Google Pay wallet is suspended. Login now to avoid closure: http://reward-checker.info Respond immediately.,spam
ALERT! Congratulations! You have won a free smartphone. Claim your reward immediately: http://verify-wallet-alert.org Failure to act may cause account closure.,spam
IMPORTANT! You have been pre-approved for an instant loan. Share OTP and card details to proceed. Offer expires today.,spam
IMPORTANT! Final warning: your Google Pay wallet is suspended. Login now to avoid closure: http://account-upgrade-now.biz Offer expires today.,spam
Your parcel is on hold due to unpaid customs charge of $49. Pay now: http://freegift-portal.co Respond immediately.,spam
FYI: Lunch with the client is fixed at 12:00 PM in the lab 3.,ham
Update: This is a gentle reminder to complete the feedback form by Tuesday. Let me know if you have questions.,ham
Can we reschedule our discussion to Tuesday at 5:00 PM? Thank you.,ham
Final warning: your Google Pay wallet is suspended. Login now to avoid closure: http://account-upgrade-now.biz Offer expires today.,spam
Update: We received your application and will update you after the screening process. Regards.,ham
Please note: The interview with QuickShip is confirmed for Wednesday at 3:30 PM. Please confirm.,ham
FYI: The interview with BrightEdge is confirmed for Friday at 10:30 AM. Let me know if you have questions.,ham
Please note: Can we reschedule our discussion to Friday at 6:15 PM?,ham
IMPORTANT! This is the final notice from Axis Bank. Submit credentials immediately to prevent permanent freeze. Failure to act may cause account closure.,spam
Your leave request for Tuesday has been approved by HR.,ham
ATTENTION! Act now: your job application has been shortlisted. Pay registration fees to complete hiring. Offer expires today.,spam
ALERT! URGENT: Your Federal Bank account will be blocked today. Verify now at http://freegift-portal.co Offer expires today.,spam
"ATTENTION! Your parcel is on hold due to unpaid customs charge of ₹4,999. Pay now: http://verify-wallet-alert.org Offer expires today.",spam
Free Netflix premium for 12 months. Login with your card to activate today. Respond immediately.,spam
"ALERT! You are selected for a cash prize of ₹1,999. Pay a small processing fee now to receive it. Offer expires today.",spam
Your parcel is on hold due to unpaid customs charge of ₹999. Pay now: http://freegift-portal.co Respond immediately.,spam
"Hi team, Can we reschedule our discussion to Saturday at 10:30 AM? Please confirm.",ham
"FYI: Team, attached is the latest shipment update for your comments. Regards.",ham
ATTENTION! This is the final notice from Kotak Bank. Submit credentials immediately to prevent permanent freeze.,spam
"Hello, Your OTP for login to Flipkart is 686448. Do not share it with anyone. Let me know if you have questions.",ham
Your subscription renewal failed. Re-enter payment credentials now at http://reward-checker.info,spam
ATTENTION! Your parcel is on hold due to unpaid customs charge of $49. Pay now: http://verify-wallet-alert.org Respond immediately.,spam
Your parcel is on hold due to unpaid customs charge of ₹499. Pay now: http://secure-login-now.com Offer expires today.,spam
NOTICE! Final warning: your PhonePe wallet is suspended. Login now to avoid closure: http://reward-checker.info Failure to act may cause account closure.,spam
IMPORTANT! URGENT: Your Federal Bank account will be blocked today. Verify now at http://fastclaim-bonus.net,spam
"ALERT! Dear customer, we attempted to deliver your package. Confirm address and payment: http://fastclaim-bonus.net",spam
Please note: The class has been moved to seminar hall due to maintenance work.,ham
NOTICE! URGENT: Your Kotak Bank account will be blocked today. Verify now at http://account-upgrade-now.biz,spam
ALERT! Your KYC is pending. Update Aadhaar and bank details immediately at http://reward-checker.info Respond immediately.,spam
Please note: Your order from WorkHub has been shipped and will arrive in 2-3 business days. Let me know if you have questions.,ham
FYI: Your leave request for Saturday has been approved by Support. Regards.,ham
ALERT! Final warning: your LinkedIn wallet is suspended. Login now to avoid closure: http://account-upgrade-now.biz,spam
The interview with NexaSoft is confirmed for Saturday at 12:00 PM.,ham
ATTENTION! Final warning: your Flipkart wallet is suspended. Login now to avoid closure: http://fastclaim-bonus.net Failure to act may cause account closure.,spam
"NOTICE! Dear user, unusual activity detected. Confirm your password and PAN details here: http://verify-wallet-alert.org Offer expires today.",spam
Please note: Your OTP for login to Amazon is 704570. Do not share it with anyone. Please confirm.,ham
URGENT: Your HDFC Bank account will be blocked today. Verify now at http://account-upgrade-now.biz Respond immediately.,spam
NOTICE! You are selected for a cash prize of $49. Pay a small processing fee now to receive it.,spam
FYI: The class has been moved to seminar hall due to maintenance work. Let me know if you have questions.,ham
IMPORTANT! This is the final notice from Axis Bank. Submit credentials immediately to prevent permanent freeze. Offer expires today.,spam
IMPORTANT! Your subscription renewal failed. Re-enter payment credentials now at http://secure-login-now.com Respond immediately.,spam
"Please note: Team, attached is the latest shipment update for your comments. Let me know if you have questions.",ham
"Hello, Lunch with the client is fixed at 12:00 PM in the conference room 2. Please confirm.",ham
"Hello, The class has been moved to Zoom due to maintenance work. Let me know if you have questions.",ham
ATTENTION! URGENT: Your Axis Bank account will be blocked today. Verify now at http://secure-login-now.com Failure to act may cause account closure.,spam
ATTENTION! Winner! Your mobile number won lucky draw code AX-2291. Contact agent now to collect prize. Failure to act may cause account closure.,spam
This is a gentle reminder to complete the feedback form by Thursday. Let me know if you have questions.,ham
Your subscription renewal failed. Re-enter payment credentials now at http://freegift-portal.co Respond immediately.,spam
"NOTICE! Dear user, unusual activity detected. Confirm your password and PAN details here: http://verify-wallet-alert.org Failure to act may cause account closure.",spam
"Hello, Thanks for your payment of ₹499. Your receipt has been generated successfully. Let me know if you have questions.",ham
IMPORTANT! Final warning: your Instagram wallet is suspended. Login now to avoid closure: http://verify-wallet-alert.org Failure to act may cause account closure.,spam
"Hello, Please bring your ID card and laptop for the workshop in main office.",ham
"Dear customer, we attempted to deliver your package. Confirm address and payment: http://freegift-portal.co Failure to act may cause account closure.",spam
IMPORTANT! Winner! Your mobile number won lucky draw code NV-4207. Contact agent now to collect prize. Failure to act may cause account closure.,spam
Update your UPI PIN now to avoid service suspension. Click here: http://reward-checker.info Respond immediately.,spam
NOTICE! URGENT: Your Axis Bank account will be blocked today. Verify now at http://secure-login-now.com Failure to act may cause account closure.,spam
Update: Can we reschedule our discussion to Thursday at 6:15 PM? Regards.,ham
Update: This is a gentle reminder to complete the feedback form by Friday. Thank you.,ham
NOTICE! Final warning: your PhonePe wallet is suspended. Login now to avoid closure: http://fastclaim-bonus.net Offer expires today.,spam
ALERT! Final warning: your Instagram wallet is suspended. Login now to avoid closure: http://reward-checker.info Respond immediately.,spam
"Hi Daniel, please review the assignment reminder before Monday.",ham
ATTENTION! Update your UPI PIN now to avoid service suspension. Click here: http://account-upgrade-now.biz Respond immediately.,spam
IMPORTANT! Your parcel is on hold due to unpaid customs charge of $49. Pay now: http://freegift-portal.co Offer expires today.,spam
NOTICE! Winner! Your mobile number won lucky draw code HR-7710. Contact agent now to collect prize. Failure to act may cause account closure.,spam
ATTENTION! Your parcel is on hold due to unpaid customs charge of $199. Pay now: http://secure-login-now.com Respond immediately.,spam
The class has been moved to training room due to maintenance work.,ham
NOTICE! URGENT: Your SBI account will be blocked today. Verify now at http://freegift-portal.co,spam
"Team, attached is the latest attendance list for your comments. Please confirm.",ham
IMPORTANT! You are selected for a cash prize of $99. Pay a small processing fee now to receive it.,spam
ATTENTION! Update your UPI PIN now to avoid service suspension. Click here: http://verify-wallet-alert.org Offer expires today.,spam
"Hello, Team, attached is the latest shipment update for your comments. Let me know if you have questions.",ham
Please note: This is a gentle reminder to complete the feedback form by Saturday. Thank you.,ham
FYI: Reminder: the meeting is scheduled in the conference room 2 at 3:30 PM. Thank you.,ham
NOTICE! Final warning: your Flipkart wallet is suspended. Login now to avoid closure: http://account-upgrade-now.biz Offer expires today.,spam
ATTENTION! Final warning: your LinkedIn wallet is suspended. Login now to avoid closure: http://reward-checker.info,spam
ATTENTION! URGENT: Your Federal Bank account will be blocked today. Verify now at http://fastclaim-bonus.net Respond immediately.,spam
"ALERT! Dear user, unusual activity detected. Confirm your password and PAN details here: http://account-upgrade-now.biz Failure to act may cause account closure.",spam
Please submit the signed document to the Operations by Tuesday evening.,ham
Please note: Your order from BluePeak has been shipped and will arrive in 2-3 business days. Please confirm.,ham
IMPORTANT! Your KYC is pending. Update Aadhaar and bank details immediately at http://account-upgrade-now.biz,spam
Update your UPI PIN now to avoid service suspension. Click here: http://fastclaim-bonus.net Respond immediately.,spam
ALERT! Final warning: your Flipkart wallet is suspended. Login now to avoid closure: http://reward-checker.info Respond immediately.,spam
Your subscription renewal failed. Re-enter payment credentials now at http://freegift-portal.co Failure to act may cause account closure.,spam
FYI: Your leave request for Tuesday has been approved by Marketing.,ham
ATTENTION! Security alert: reset your email password immediately or your account will be deleted: http://account-upgrade-now.biz,spam
Update: The class has been moved to lab 3 due to maintenance work. Let me know if you have questions.,ham
The class has been moved to seminar hall due to maintenance work. Please confirm.,ham
NOTICE! Final warning: your Instagram wallet is suspended. Login now to avoid closure: http://verify-wallet-alert.org Offer expires today.,spam
ATTENTION! Your KYC is pending. Update Aadhaar and bank details immediately at http://account-upgrade-now.biz,spam
"ALERT! Dear user, unusual activity detected. Confirm your password and PAN details here: http://verify-wallet-alert.org Offer expires today.",spam
NOTICE! Exclusive investment offer: double your money in 7 days. Reply YES to start. Offer expires today.,spam
"Hello, The interview with GreenLeaf is confirmed for Wednesday at 6:15 PM. Thank you.",ham
Act now: your job application has been shortlisted. Pay registration fees to complete hiring. Offer expires today.,spam
Your KYC is pending. Update Aadhaar and bank details immediately at http://reward-checker.info Respond immediately.,spam
FYI: Can we reschedule our discussion to Tuesday at 5:00 PM? Let me know if you have questions.,ham
IMPORTANT! Congratulations! You have won a free smartphone. Claim your reward immediately: http://secure-login-now.com Respond immediately.,spam
"Hello, Thanks for your payment of ₹999. Your receipt has been generated successfully. Thank you.",ham
ALERT! Your parcel is on hold due to unpaid customs charge of $199. Pay now: http://freegift-portal.co,spam
"You are selected for a cash prize of ₹4,999. Pay a small processing fee now to receive it. Offer expires today.",spam
"Hello, Reminder: the meeting is scheduled in the Zoom at 10:30 AM. Let me know if you have questions.",ham
Update: Please submit the signed document to the Faculty Office by Tuesday evening. Thank you.,ham
IMPORTANT! Update your UPI PIN now to avoid service suspension. Click here: http://freegift-portal.co Failure to act may cause account closure.,spam
Reminder: the meeting is scheduled in the lab 3 at 9:00 AM. Thank you.,ham
"Hi team, Can we reschedule our discussion to Wednesday at 6:15 PM?",ham
FYI: Please bring your ID card and laptop for the workshop in Zoom.,ham
IMPORTANT! Your parcel is on hold due to unpaid customs charge of $199. Pay now: http://account-upgrade-now.biz Offer expires today.,spam
We have updated the project tracker with the latest milestones and owners. Please confirm.,ham
ATTENTION! Your parcel is on hold due to unpaid customs charge of ₹999. Pay now: http://fastclaim-bonus.net Respond immediately.,spam
"NOTICE! Your parcel is on hold due to unpaid customs charge of ₹1,999. Pay now: http://fastclaim-bonus.net Offer expires today.",spam
ATTENTION! You have been pre-approved for an instant loan. Share OTP and card details to proceed. Failure to act may cause account closure.,spam
Can we reschedule our discussion to Thursday at 2:00 PM?,ham
ATTENTION! Final warning: your Google Pay wallet is suspended. Login now to avoid closure: http://verify-wallet-alert.org Respond immediately.,spam
"Please note: Hi Priya, please review the assignment reminder before Wednesday. Please confirm.",ham
"Hi team, Your OTP for login to Instagram is 285107. Do not share it with anyone. Please confirm.",ham
IMPORTANT! URGENT: Your Federal Bank account will be blocked today. Verify now at http://account-upgrade-now.biz Respond immediately.,spam
Update: Can we reschedule our discussion to Wednesday at 12:00 PM? Let me know if you have questions.,ham
ALERT! URGENT: Your Kotak Bank account will be blocked today. Verify now at http://verify-wallet-alert.org Respond immediately.,spam
Update your UPI PIN now to avoid service suspension. Click here: http://verify-wallet-alert.org Respond immediately.,spam
"Hi team, Reminder: the meeting is scheduled in the Zoom at 3:30 PM. Regards.",ham
ALERT! URGENT: Your HDFC Bank account will be blocked today. Verify now at http://freegift-portal.co Failure to act may cause account closure.,spam
FYI: Reminder: the meeting is scheduled in the conference room 2 at 12:00 PM. Thank you.,ham
ATTENTION! Your parcel is on hold due to unpaid customs charge of ₹499. Pay now: http://verify-wallet-alert.org Respond immediately.,spam
Update: The class has been moved to conference room 2 due to maintenance work.,ham
ALERT! URGENT: Your Federal Bank account will be blocked today. Verify now at http://fastclaim-bonus.net,spam
"Hello, Please bring your ID card and laptop for the workshop in lab 3. Regards.",ham
ALERT! Final warning: your Flipkart wallet is suspended. Login now to avoid closure: http://secure-login-now.com Failure to act may cause account closure.,spam
ATTENTION! Congratulations! You have won a free smartphone. Claim your reward immediately: http://verify-wallet-alert.org Failure to act may cause account closure.,spam
ATTENTION! Security alert: reset your email password immediately or your account will be deleted: http://account-upgrade-now.biz Failure to act may cause account closure.,spam
Reminder: the meeting is scheduled in the lab 3 at 9:00 AM. Let me know if you have questions.,ham
Update: Your order from Horizon Labs has been shipped and will arrive in 2-3 business days. Let me know if you have questions.,ham
NOTICE! Congratulations! You have won a free smartphone. Claim your reward immediately: http://account-upgrade-now.biz Offer expires today.,spam
URGENT: Your Axis Bank account will be blocked today. Verify now at http://fastclaim-bonus.net,spam
"Hi team, Lunch with the client is fixed at 10:30 AM in the training room. Let me know if you have questions.",ham
"Hi team, Lunch with the client is fixed at 6:15 PM in the main office. Regards.",ham
"Hi team, Hi Ananya, please review the shipment update before Saturday. Thank you.",ham
ATTENTION! Final warning: your Google Pay wallet is suspended. Login now to avoid closure: http://freegift-portal.co Failure to act may cause account closure.,spam
"Hello, Please submit the signed document to the Admin by Saturday evening.",ham
ALERT! Final warning: your Netflix wallet is suspended. Login now to avoid closure: http://verify-wallet-alert.org Respond immediately.,spam
"Hi team, The interview with Horizon Labs is confirmed for Wednesday at 12:00 PM. Let me know if you have questions.",ham
Your parcel is on hold due to unpaid customs charge of $49. Pay now: http://account-upgrade-now.biz Offer expires today.,spam
FYI: Your leave request for Thursday has been approved by Support. Regards.,ham
NOTICE! Final warning: your Amazon wallet is suspended. Login now to avoid closure: http://secure-login-now.com,spam
FYI: Lunch with the client is fixed at 9:00 AM in the training room. Please confirm.,ham
"Hi team, Team, attached is the latest lab schedule for your comments. Thank you.",ham
FYI: Lunch with the client is fixed at 5:00 PM in the main office. Regards.,ham
ALERT! Final warning: your LinkedIn wallet is suspended. Login now to avoid closure: http://freegift-portal.co Offer expires today.,spam
NOTICE! This is the final notice from ICICI Bank. Submit credentials immediately to prevent permanent freeze.,spam
Update: The interview with GreenLeaf is confirmed for Tuesday at 12:00 PM. Thank you.,ham
"Hello, Please submit the signed document to the IT by Tuesday evening. Regards.",ham
Final warning: your Netflix wallet is suspended. Login now to avoid closure: http://verify-wallet-alert.org Respond immediately.,spam
"ALERT! Your parcel is on hold due to unpaid customs charge of ₹1,999. Pay now: http://verify-wallet-alert.org",spam
NOTICE! URGENT: Your Kotak Bank account will be blocked today. Verify now at http://reward-checker.info Failure to act may cause account closure.,spam
"ATTENTION! Dear user, unusual activity detected. Confirm your password and PAN details here: http://account-upgrade-now.biz Respond immediately.",spam
ALERT! Your KYC is pending. Update Aadhaar and bank details immediately at http://verify-wallet-alert.org Offer expires today.,spam
FYI: Please bring your ID card and laptop for the workshop in library.,ham
ATTENTION! Final warning: your LinkedIn wallet is suspended. Login now to avoid closure: http://fastclaim-bonus.net Failure to act may cause account closure.,spam
Update: Your OTP for login to Amazon is 824720. Do not share it with anyone. Thank you.,ham
Please note: Please submit the signed document to the Support by Tuesday evening. Thank you.,ham
ATTENTION! Final warning: your PhonePe wallet is suspended. Login now to avoid closure: http://secure-login-now.com,spam
"Hi team, This is a gentle reminder to complete the feedback form by Monday.",ham
"IMPORTANT! Dear user, unusual activity detected. Confirm your password and PAN details here: http://freegift-portal.co Failure to act may cause account closure.",spam
"NOTICE! You are selected for a cash prize of ₹4,999. Pay a small processing fee now to receive it. Offer expires today.",spam
"ATTENTION! You are selected for a cash prize of ₹4,999. Pay a small processing fee now to receive it. Respond immediately.",spam
"Hi team, Your leave request for Wednesday has been approved by IT. Please confirm.",ham
IMPORTANT! Your parcel is on hold due to unpaid customs charge of ₹499. Pay now: http://verify-wallet-alert.org,spam
Update: Can we reschedule our discussion to Saturday at 12:00 PM?,ham
ALERT! Your parcel is on hold due to unpaid customs charge of $199. Pay now: http://fastclaim-bonus.net,spam
Update: The class has been moved to training room due to maintenance work. Regards.,ham
Final warning: your Instagram wallet is suspended. Login now to avoid closure: http://account-upgrade-now.biz Offer expires today.,spam
"Hello, Your order from Infosphere has been shipped and will arrive in 2-3 business days. Please confirm.",ham
IMPORTANT! Your parcel is on hold due to unpaid customs charge of $99. Pay now: http://freegift-portal.co Respond immediately.,spam
NOTICE! Your KYC is pending. Update Aadhaar and bank details immediately at http://verify-wallet-alert.org,spam
"ALERT! Your parcel is on hold due to unpaid customs charge of ₹1,999. Pay now: http://account-upgrade-now.biz",spam
IMPORTANT! This is the final notice from Kotak Bank. Submit credentials immediately to prevent permanent freeze. Failure to act may cause account closure.,spam
Please note: Your OTP for login to Paytm is 602105. Do not share it with anyone. Thank you.,ham
"ATTENTION! Dear user, unusual activity detected. Confirm your password and PAN details here: http://verify-wallet-alert.org Offer expires today.",spam
NOTICE! Final warning: your Amazon wallet is suspended. Login now to avoid closure: http://fastclaim-bonus.net Failure to act may cause account closure.,spam
"Hi team, Can we reschedule our discussion to Friday at 2:00 PM? Regards.",ham
This is a gentle reminder to complete the feedback form by Wednesday. Thank you.,ham
FYI: The class has been moved to lab 3 due to maintenance work. Thank you.,ham
NOTICE! Congratulations! You have won a free smartphone. Claim your reward immediately: http://fastclaim-bonus.net,spam
"Hello, The interview with UrbanMart is confirmed for Tuesday at 3:30 PM. Thank you.",ham
Your leave request for Saturday has been approved by Faculty Office.,ham
"Hello, Hi Ananya, please review the project update before Monday.",ham
ATTENTION! This is the final notice from ICICI Bank. Submit credentials immediately to prevent permanent freeze. Respond immediately.,spam
"Hello, Your OTP for login to Amazon is 788108. Do not share it with anyone. Regards.",ham
NOTICE! Your parcel is on hold due to unpaid customs charge of $99. Pay now: http://freegift-portal.co Respond immediately.,spam
Please note: Reminder: the meeting is scheduled in the lab 3 at 9:00 AM.,ham
IMPORTANT! Your parcel is on hold due to unpaid customs charge of ₹999. Pay now: http://secure-login-now.com Failure to act may cause account closure.,spam
Update your UPI PIN now to avoid service suspension. Click here: http://verify-wallet-alert.org,spam
Your parcel is on hold due to unpaid customs charge of $199. Pay now: http://secure-login-now.com Failure to act may cause account closure.,spam
FYI: Please submit the signed document to the Support by Saturday evening. Let me know if you have questions.,ham
Your parcel is on hold due to unpaid customs charge of $199. Pay now: http://verify-wallet-alert.org Respond immediately.,spam
"Hi team, Hi Daniel, please review the weekly report before Friday. Let me know if you have questions.",ham
Reminder: the meeting is scheduled in the training room at 2:00 PM. Please confirm.,ham
"Update: Thanks for your payment of ₹4,999. Your receipt has been generated successfully.",ham
"NOTICE! Dear customer, we attempted to deliver your package. Confirm address and payment: http://secure-login-now.com",spam
URGENT: Your SBI account will be blocked today. Verify now at http://freegift-portal.co,spam
"IMPORTANT! Your parcel is on hold due to unpaid customs charge of ₹1,999. Pay now: http://fastclaim-bonus.net Offer expires today.",spam
NOTICE! Get rich fast! Earn guaranteed daily income from home. Limited slots left. Join now.,spam
"Hello, Reminder: the meeting is scheduled in the main office at 9:00 AM. Please confirm.",ham
FYI: Please submit the signed document to the Operations by Thursday evening. Please confirm.,ham
FYI: The class has been moved to main office due to maintenance work. Please confirm.,ham
The class has been moved to conference room 2 due to maintenance work. Please confirm.,ham
IMPORTANT! Special crypto opportunity: guaranteed 5x profit. Deposit today and withdraw tomorrow.,spam
IMPORTANT! Winner! Your mobile number won lucky draw code AX-2291. Contact agent now to collect prize. Respond immediately.,spam
IMPORTANT! This is the final notice from Federal Bank. Submit credentials immediately to prevent permanent freeze. Respond immediately.,spam
FYI: Lunch with the client is fixed at 3:30 PM in the conference room 2.,ham
ALERT! This is the final notice from Kotak Bank. Submit credentials immediately to prevent permanent freeze. Offer expires today.,spam
ALERT! You are selected for a cash prize of ₹999. Pay a small processing fee now to receive it. Offer expires today.,spam
ALERT! Your subscription renewal failed. Re-enter payment credentials now at http://secure-login-now.com Offer expires today.,spam
ATTENTION! URGENT: Your Federal Bank account will be blocked today. Verify now at http://fastclaim-bonus.net,spam
"Hello, Thanks for your payment of ₹1,999. Your receipt has been generated successfully. Please confirm.",ham
Update: Please bring your ID card and laptop for the workshop in lab 3. Regards.,ham
Please note: The monthly salary for this cycle has been credited to your account. Please confirm.,ham
ATTENTION! URGENT: Your SBI account will be blocked today. Verify now at http://secure-login-now.com Respond immediately.,spam
"Hi team, Your leave request for Saturday has been approved by HR. Please confirm.",ham
"Hello, The interview with FinTrust is confirmed for Friday at 3:30 PM. Thank you.",ham
"FYI: Hi Vikram, please review the project update before Wednesday. Thank you.",ham
NOTICE! This is the final notice from Axis Bank. Submit credentials immediately to prevent permanent freeze. Failure to act may cause account closure.,spam
NOTICE! Special crypto opportunity: guaranteed 5x profit. Deposit today and withdraw tomorrow.,spam
Can we reschedule our discussion to Wednesday at 6:15 PM? Thank you.,ham
"ATTENTION! Dear customer, we attempted to deliver your package. Confirm address and payment: http://reward-checker.info Offer expires today.",spam
"Hello, Your leave request for Monday has been approved by HR.",ham
NOTICE! This is the final notice from HDFC Bank. Submit credentials immediately to prevent permanent freeze. Failure to act may cause account closure.,spam
"NOTICE! You are selected for a cash prize of ₹1,999. Pay a small processing fee now to receive it. Failure to act may cause account closure.",spam
"ATTENTION! Dear user, unusual activity detected. Confirm your password and PAN details here: http://reward-checker.info Respond immediately.",spam
URGENT: Your SBI account will be blocked today. Verify now at http://fastclaim-bonus.net Offer expires today.,spam
"Hello, Reminder: the meeting is scheduled in the library at 6:15 PM.",ham
FYI: Your package is out for delivery and should reach you by tonight. Thank you.,ham
The interview with Infosphere is confirmed for Friday at 6:15 PM. Regards.,ham
"Hi team, Thanks for your payment of ₹499. Your receipt has been generated successfully. Please confirm.",ham
FYI: Please bring your ID card and laptop for the workshop in seminar hall.,ham
ALERT! This is the final notice from HDFC Bank. Submit credentials immediately to prevent permanent freeze. Offer expires today.,spam
This is a gentle reminder to complete the feedback form by Wednesday.,ham
Update: Your package is out for delivery and should reach you by tonight. Please confirm.,ham
NOTICE! Your parcel is on hold due to unpaid customs charge of $99. Pay now: http://verify-wallet-alert.org Respond immediately.,spam
Final warning: your LinkedIn wallet is suspended. Login now to avoid closure: http://freegift-portal.co Respond immediately.,spam
Your order from Apex Motors has been shipped and will arrive in 2-3 business days. Let me know if you have questions.,ham
"Update: Thanks for your payment of ₹1,999. Your receipt has been generated successfully. Regards.",ham
NOTICE! Your subscription renewal failed. Re-enter payment credentials now at http://fastclaim-bonus.net Offer expires today.,spam
ALERT! Winner! Your mobile number won lucky draw code TR-9045. Contact agent now to collect prize. Offer expires today.,spam
"Hello, Your leave request for Monday has been approved by Admin. Thank you.",ham
ALERT! Winner! Your mobile number won lucky draw code TR-9045. Contact agent now to collect prize.,spam
ALERT! Your tax refund is ready. Confirm account number and CVV to receive the amount.,spam
URGENT: Your Kotak Bank account will be blocked today. Verify now at http://freegift-portal.co Failure to act may cause account closure.,spam
Please submit the signed document to the Accounts by Tuesday evening. Regards.,ham
Congratulations! You have won a free smartphone. Claim your reward immediately: http://account-upgrade-now.biz Respond immediately.,spam
"ALERT! Dear user, unusual activity detected. Confirm your password and PAN details here: http://fastclaim-bonus.net Failure to act may cause account closure.",spam
Update: Your order from GreenLeaf has been shipped and will arrive in 2-3 business days. Please confirm.,ham
Your parcel is on hold due to unpaid customs charge of $49. Pay now: http://fastclaim-bonus.net,spam
IMPORTANT! URGENT: Your Federal Bank account will be blocked today. Verify now at http://account-upgrade-now.biz Failure to act may cause account closure.,spam
"Hi Alex, please review the attendance list before Saturday.",ham
Update: The interview with CloudSync is confirmed for Friday at 2:00 PM. Please confirm.,ham
FYI: Please submit the signed document to the IT by Friday evening. Thank you.,ham
You are selected for a cash prize of $199. Pay a small processing fee now to receive it. Failure to act may cause account closure.,spam
ATTENTION! Final warning: your Netflix wallet is suspended. Login now to avoid closure: http://secure-login-now.com Respond immediately.,spam
"Please note: Hi Neha, please review the attendance list before Monday. Regards.",ham
IMPORTANT! Final warning: your Instagram wallet is suspended. Login now to avoid closure: http://reward-checker.info Failure to act may cause account closure.,spam
ATTENTION! Final warning: your Paytm wallet is suspended. Login now to avoid closure: http://fastclaim-bonus.net,spam
"ALERT! Your parcel is on hold due to unpaid customs charge of ₹1,999. Pay now: http://fastclaim-bonus.net Failure to act may cause account closure.",spam
"Hello, This is a gentle reminder to complete the feedback form by Monday. Please confirm.",ham
FYI: Please bring your ID card and laptop for the workshop in training room. Thank you.,ham
NOTICE! Free Netflix premium for 12 months. Login with your card to activate today. Offer expires today.,spam
Please note: Can we reschedule our discussion to Saturday at 10:30 AM? Let me know if you have questions.,ham
Final warning: your Instagram wallet is suspended. Login now to avoid closure: http://verify-wallet-alert.org,spam
Update: Can we reschedule our discussion to Friday at 10:30 AM? Thank you.,ham
Act now: your job application has been shortlisted. Pay registration fees to complete hiring. Failure to act may cause account closure.,spam
ALERT! URGENT: Your HDFC Bank account will be blocked today. Verify now at http://fastclaim-bonus.net Offer expires today.,spam
ATTENTION! Final warning: your Netflix wallet is suspended. Login now to avoid closure: http://fastclaim-bonus.net,spam
Your parcel is on hold due to unpaid customs charge of $199. Pay now: http://fastclaim-bonus.net Failure to act may cause account closure.,spam
URGENT: Your ICICI Bank account will be blocked today. Verify now at http://reward-checker.info Failure to act may cause account closure.,spam
Reminder: the meeting is scheduled in the main office at 10:30 AM. Thank you.,ham
Final warning: your Instagram wallet is suspended. Login now to avoid closure: http://verify-wallet-alert.org Offer expires today.,spam
ALERT! Your subscription renewal failed. Re-enter payment credentials now at http://verify-wallet-alert.org Offer expires today.,spam
"FYI: Hi Sara, please review the shipment update before Tuesday.",ham
FYI: Reminder: the meeting is scheduled in the training room at 3:30 PM. Please confirm.,ham
Please bring your ID card and laptop for the workshop in seminar hall.,ham
FYI: Your order from Horizon Labs has been shipped and will arrive in 2-3 business days.,ham
"Hello, The interview with GreenLeaf is confirmed for Wednesday at 2:00 PM. Please confirm.",ham
ALERT! URGENT: Your SBI account will be blocked today. Verify now at http://verify-wallet-alert.org Respond immediately.,spam
NOTICE! Update your UPI PIN now to avoid service suspension. Click here: http://reward-checker.info Respond immediately.,spam
"NOTICE! Dear customer, we attempted to deliver your package. Confirm address and payment: http://reward-checker.info",spam
Please note: Reminder: the meeting is scheduled in the conference room 2 at 3:30 PM. Thank you.,ham
NOTICE! URGENT: Your ICICI Bank account will be blocked today. Verify now at http://freegift-portal.co Respond immediately.,spam
NOTICE! URGENT: Your SBI account will be blocked today. Verify now at http://freegift-portal.co Failure to act may cause account closure.,spam
FYI: Can we reschedule our discussion to Saturday at 2:00 PM? Let me know if you have questions.,ham
"IMPORTANT! Your parcel is on hold due to unpaid customs charge of ₹4,999. Pay now: http://secure-login-now.com",spam
ALERT! Your subscription renewal failed. Re-enter payment credentials now at http://verify-wallet-alert.org Respond immediately.,spam
URGENT: Your Federal Bank account will be blocked today. Verify now at http://reward-checker.info Failure to act may cause account closure.,spam
"IMPORTANT! Dear user, unusual activity detected. Confirm your password and PAN details here: http://verify-wallet-alert.org Respond immediately.",spam
"Hello, Please submit the signed document to the Marketing by Wednesday evening. Let me know if you have questions.",ham
Final warning: your Netflix wallet is suspended. Login now to avoid closure: http://reward-checker.info Failure to act may cause account closure.,spam
FYI: Please submit the signed document to the HR by Thursday evening. Regards.,ham
"Hello, Your leave request for Saturday has been approved by IT.",ham
"Hello, Thanks for your payment of ₹999. Your receipt has been generated successfully. Please confirm.",ham
FYI: This is a gentle reminder to complete the feedback form by Tuesday. Please confirm.,ham
"Hi team, Team, attached is the latest meeting agenda for your comments. Let me know if you have questions.",ham
NOTICE! Your KYC is pending. Update Aadhaar and bank details immediately at http://fastclaim-bonus.net Failure to act may cause account closure.,spam
Please bring your ID card and laptop for the workshop in conference room 2. Let me know if you have questions.,ham
Can we reschedule our discussion to Tuesday at 6:15 PM? Regards.,ham
ATTENTION! Final warning: your Google Pay wallet is suspended. Login now to avoid closure: http://fastclaim-bonus.net Respond immediately.,spam
"Hi team, Hi Sam, please review the meeting agenda before Friday. Let me know if you have questions.",ham
ALERT! Winner! Your mobile number won lucky draw code NV-4207. Contact agent now to collect prize. Respond immediately.,spam
Update: Thanks for your payment of $49. Your receipt has been generated successfully. Please confirm.,ham
Please note: Your leave request for Monday has been approved by Marketing. Thank you.,ham
IMPORTANT! Your subscription renewal failed. Re-enter payment credentials now at http://freegift-portal.co Failure to act may cause account closure.,spam
Update: Your order from UrbanMart has been shipped and will arrive in 2-3 business days. Please confirm.,ham
Please bring your ID card and laptop for the workshop in seminar hall. Regards.,ham
NOTICE! Your parcel is on hold due to unpaid customs charge of ₹999. Pay now: http://reward-checker.info Respond immediately.,spam
Update your UPI PIN now to avoid service suspension. Click here: http://reward-checker.info Offer expires today.,spam
NOTICE! Security alert: reset your email password immediately or your account will be deleted: http://fastclaim-bonus.net,spam
"Hello, Your package is out for delivery and should reach you by tonight. Let me know if you have questions.",ham
URGENT: Your HDFC Bank account will be blocked today. Verify now at http://reward-checker.info Respond immediately.,spam
ATTENTION! This is the final notice from HDFC Bank. Submit credentials immediately to prevent permanent freeze. Offer expires today.,spam
IMPORTANT! Final warning: your Google Pay wallet is suspended. Login now to avoid closure: http://secure-login-now.com Respond immediately.,spam
ALERT! Your tax refund is ready. Confirm account number and CVV to receive the amount. Respond immediately.,spam
Update: Please bring your ID card and laptop for the workshop in lab 3. Thank you.,ham
"Hi team, Reminder: the meeting is scheduled in the lab 3 at 5:00 PM.",ham
IMPORTANT! Final warning: your Flipkart wallet is suspended. Login now to avoid closure: http://reward-checker.info Offer expires today.,spam
Update: The interview with UrbanMart is confirmed for Thursday at 5:00 PM.,ham
"Hi team, Your order from WorkHub has been shipped and will arrive in 2-3 business days. Please confirm.",ham
This is the final notice from Kotak Bank. Submit credentials immediately to prevent permanent freeze.,spam
IMPORTANT! Your parcel is on hold due to unpaid customs charge of ₹499. Pay now: http://verify-wallet-alert.org Respond immediately.,spam
"ALERT! You are selected for a cash prize of ₹4,999. Pay a small processing fee now to receive it.",spam
"Dear user, unusual activity detected. Confirm your password and PAN details here: http://reward-checker.info",spam
"ATTENTION! Dear user, unusual activity detected. Confirm your password and PAN details here: http://secure-login-now.com Offer expires today.",spam
Can we reschedule our discussion to Friday at 12:00 PM?,ham
FYI: Can we reschedule our discussion to Monday at 2:00 PM? Thank you.,ham
Update: The interview with NexaSoft is confirmed for Friday at 3:30 PM. Let me know if you have questions.,ham
ALERT! Final warning: your PhonePe wallet is suspended. Login now to avoid closure: http://account-upgrade-now.biz,spam
ALERT! Your subscription renewal failed. Re-enter payment credentials now at http://freegift-portal.co,spam
FYI: Your leave request for Saturday has been approved by IT. Let me know if you have questions.,ham
"ALERT! Your parcel is on hold due to unpaid customs charge of ₹4,999. Pay now: http://account-upgrade-now.biz Offer expires today.",spam
The class has been moved to library due to maintenance work. Please confirm.,ham
"Hello, The interview with Infosphere is confirmed for Tuesday at 12:00 PM.",ham
Your parcel is on hold due to unpaid customs charge of ₹499. Pay now: http://account-upgrade-now.biz Offer expires today.,spam
ALERT! Your parcel is on hold due to unpaid customs charge of $99. Pay now: http://verify-wallet-alert.org,spam
NOTICE! URGENT: Your SBI account will be blocked today. Verify now at http://verify-wallet-alert.org Offer expires today.,spam
Exclusive investment offer: double your money in 7 days. Reply YES to start. Respond immediately.,spam
Your OTP for login to LinkedIn is 600107. Do not share it with anyone. Let me know if you have questions.,ham
"FYI: Hi Karan, please review the project update before Thursday. Please confirm.",ham
Can we reschedule our discussion to Tuesday at 9:00 AM? Please confirm.,ham
ATTENTION! Winner! Your mobile number won lucky draw code TR-9045. Contact agent now to collect prize. Offer expires today.,spam
ATTENTION! URGENT: Your Kotak Bank account will be blocked today. Verify now at http://freegift-portal.co Offer expires today.,spam
Please note: Kindly find the attached notes for today's lecture and next week's plan. Regards.,ham
This is the final notice from ICICI Bank. Submit credentials immediately to prevent permanent freeze. Offer expires today.,spam
IMPORTANT! You are selected for a cash prize of ₹499. Pay a small processing fee now to receive it. Respond immediately.,spam
URGENT: Your Axis Bank account will be blocked today. Verify now at http://verify-wallet-alert.org Failure to act may cause account closure.,spam
ALERT! Special crypto opportunity: guaranteed 5x profit. Deposit today and withdraw tomorrow.,spam
FYI: Can we reschedule our discussion to Saturday at 12:00 PM? Regards.,ham
You are selected for a cash prize of ₹499. Pay a small processing fee now to receive it. Respond immediately.,spam
URGENT: Your Axis Bank account will be blocked today. Verify now at http://fastclaim-bonus.net Offer expires today.,spam
"Hi team, Lunch with the client is fixed at 3:30 PM in the conference room 2. Let me know if you have questions.",ham
ALERT! Winner! Your mobile number won lucky draw code IN-5602. Contact agent now to collect prize. Offer expires today.,spam
NOTICE! URGENT: Your HDFC Bank account will be blocked today. Verify now at http://freegift-portal.co Respond immediately.,spam
ALERT! Get rich fast! Earn guaranteed daily income from home. Limited slots left. Join now. Failure to act may cause account closure.,spam
ALERT! Final warning: your PhonePe wallet is suspended. Login now to avoid closure: http://reward-checker.info,spam
Update: Your order from Apex Motors has been shipped and will arrive in 2-3 business days. Regards.,ham
FYI: Lunch with the client is fixed at 3:30 PM in the seminar hall. Regards.,ham
Update: This is a gentle reminder to complete the feedback form by Friday.,ham
URGENT: Your SBI account will be blocked today. Verify now at http://fastclaim-bonus.net Failure to act may cause account closure.,spam
FYI: Your order from Infosphere has been shipped and will arrive in 2-3 business days. Please confirm.,ham
"Hi team, Team, attached is the latest shipment update for your comments. Please confirm.",ham
"ATTENTION! Dear customer, we attempted to deliver your package. Confirm address and payment: http://freegift-portal.co",spam
ALERT! Update your UPI PIN now to avoid service suspension. Click here: http://secure-login-now.com Offer expires today.,spam
"Hi team, Lunch with the client is fixed at 5:00 PM in the seminar hall. Regards.",ham
ATTENTION! Free Netflix premium for 12 months. Login with your card to activate today.,spam
FYI: The monthly salary for this cycle has been credited to your account. Let me know if you have questions.,ham
FYI: Your leave request for Thursday has been approved by Support.,ham
"NOTICE! Dear user, unusual activity detected. Confirm your password and PAN details here: http://secure-login-now.com Failure to act may cause account closure.",spam
NOTICE! URGENT: Your HDFC Bank account will be blocked today. Verify now at http://account-upgrade-now.biz Respond immediately.,spam
"Your parcel is on hold due to unpaid customs charge of ₹4,999. Pay now: http://reward-checker.info Failure to act may cause account closure.",spam
Please note: Lunch with the client is fixed at 12:00 PM in the lab 3. Please confirm.,ham
ATTENTION! URGENT: Your Federal Bank account will be blocked today. Verify now at http://reward-checker.info Offer expires today.,spam
FYI: Please submit the signed document to the IT by Tuesday evening.,ham
"Dear customer, we attempted to deliver your package. Confirm address and payment: http://fastclaim-bonus.net Respond immediately.",spam
Please note: Your leave request for Friday has been approved by Faculty Office. Regards.,ham
Your KYC is pending. Update Aadhaar and bank details immediately at http://freegift-portal.co Offer expires today.,spam
"Hello, Thanks for your payment of $199. Your receipt has been generated successfully. Regards.",ham
ATTENTION! Final warning: your Instagram wallet is suspended. Login now to avoid closure: http://reward-checker.info Offer expires today.,spam
NOTICE! Your subscription renewal failed. Re-enter payment credentials now at http://secure-login-now.com Respond immediately.,spam
NOTICE! Your KYC is pending. Update Aadhaar and bank details immediately at http://secure-login-now.com Failure to act may cause account closure.,spam
Lunch with the client is fixed at 12:00 PM in the library. Thank you.,ham
ALERT! Your KYC is pending. Update Aadhaar and bank details immediately at http://fastclaim-bonus.net,spam
ATTENTION! Final warning: your PhonePe wallet is suspended. Login now to avoid closure: http://verify-wallet-alert.org Respond immediately.,spam
"Hi team, Hi Riya, please review the shipment update before Wednesday. Please confirm.",ham
We received your application and will update you after the screening process. Please confirm.,ham
Kindly find the attached notes for today's lecture and next week's plan. Regards.,ham
The monthly salary for this cycle has been credited to your account. Regards.,ham
Your parcel is on hold due to unpaid customs charge of $99. Pay now: http://freegift-portal.co,spam
URGENT: Your Axis Bank account will be blocked today. Verify now at http://freegift-portal.co Respond immediately.,spam
IMPORTANT! Your KYC is pending. Update Aadhaar and bank details immediately at http://freegift-portal.co Failure to act may cause account closure.,spam
Thanks for your payment of ₹499. Your receipt has been generated successfully.,ham
Please note: Your leave request for Saturday has been approved by Marketing.,ham
"Hi team, Your OTP for login to Google Pay is 841195. Do not share it with anyone. Please confirm.",ham
Update: This is a gentle reminder to complete the feedback form by Wednesday. Thank you.,ham
IMPORTANT! Your parcel is on hold due to unpaid customs charge of $199. Pay now: http://reward-checker.info,spam
ATTENTION! Your KYC is pending. Update Aadhaar and bank details immediately at http://verify-wallet-alert.org Failure to act may cause account closure.,spam
ALERT! Act now: your job application has been shortlisted. Pay registration fees to complete hiring. Respond immediately.,spam
NOTICE! URGENT: Your SBI account will be blocked today. Verify now at http://fastclaim-bonus.net,spam
Please note: The interview with UrbanMart is confirmed for Saturday at 6:15 PM. Let me know if you have questions.,ham
This is the final notice from Federal Bank. Submit credentials immediately to prevent permanent freeze. Offer expires today.,spam
IMPORTANT! URGENT: Your Axis Bank account will be blocked today. Verify now at http://secure-login-now.com Failure to act may cause account closure.,spam
ATTENTION! Final warning: your Google Pay wallet is suspended. Login now to avoid closure: http://secure-login-now.com,spam
Please note: Lunch with the client is fixed at 2:00 PM in the conference room 2. Let me know if you have questions.,ham
"Update: Team, attached is the latest assignment reminder for your comments.",ham
ALERT! URGENT: Your Federal Bank account will be blocked today. Verify now at http://fastclaim-bonus.net Offer expires today.,spam
Update: Reminder: the meeting is scheduled in the conference room 2 at 6:15 PM. Regards.,ham
"Hi team, Please submit the signed document to the Accounts by Tuesday evening. Let me know if you have questions.",ham
Update: Thanks for your payment of $99. Your receipt has been generated successfully. Let me know if you have questions.,ham
NOTICE! Final warning: your LinkedIn wallet is suspended. Login now to avoid closure: http://verify-wallet-alert.org Offer expires today.,spam
NOTICE! URGENT: Your HDFC Bank account will be blocked today. Verify now at http://reward-checker.info,spam
Update: Kindly find the attached notes for today's lecture and next week's plan. Regards.,ham
IMPORTANT! Get rich fast! Earn guaranteed daily income from home. Limited slots left. Join now. Respond immediately.,spam
Update: Your order from FinTrust has been shipped and will arrive in 2-3 business days. Please confirm.,ham
Update: Your leave request for Thursday has been approved by Accounts. Regards.,ham
Your subscription renewal failed. Re-enter payment credentials now at http://freegift-portal.co Offer expires today.,spam
"Hi team, Your leave request for Tuesday has been approved by Admin.",ham
"Hi team, Team, attached is the latest weekly report for your comments. Thank you.",ham
"Hi team, Lunch with the client is fixed at 9:00 AM in the seminar hall. Let me know if you have questions.",ham
ALERT! Congratulations! You have won a free smartphone. Claim your reward immediately: http://verify-wallet-alert.org,spam
NOTICE! Your parcel is on hold due to unpaid customs charge of $99. Pay now: http://reward-checker.info Offer expires today.,spam
ATTENTION! Your parcel is on hold due to unpaid customs charge of $49. Pay now: http://freegift-portal.co Offer expires today.,spam
"Hi team, Your leave request for Monday has been approved by Accounts. Regards.",ham
Please note: The interview with FinTrust is confirmed for Thursday at 10:30 AM.,ham
Please note: This is a gentle reminder to complete the feedback form by Tuesday. Thank you.,ham
IMPORTANT! Your KYC is pending. Update Aadhaar and bank details immediately at http://fastclaim-bonus.net,spam
ATTENTION! Final warning: your LinkedIn wallet is suspended. Login now to avoid closure: http://account-upgrade-now.biz,spam
ALERT! Final warning: your Paytm wallet is suspended. Login now to avoid closure: http://fastclaim-bonus.net Offer expires today.,spam
ALERT! Your KYC is pending. Update Aadhaar and bank details immediately at http://reward-checker.info,spam
ATTENTION! Your subscription renewal failed. Re-enter payment credentials now at http://account-upgrade-now.biz Respond immediately.,spam
FYI: Your order from UrbanMart has been shipped and will arrive in 2-3 business days. Please confirm.,ham
"NOTICE! Dear user, unusual activity detected. Confirm your password and PAN details here: http://account-upgrade-now.biz Respond immediately.",spam
ALERT! Winner! Your mobile number won lucky draw code NV-4207. Contact agent now to collect prize. Offer expires today.,spam
Can we reschedule our discussion to Friday at 9:00 AM? Please confirm.,ham
Please note: Your OTP for login to Instagram is 932046. Do not share it with anyone. Let me know if you have questions.,ham
"Update: Hi David, please review the client feedback before Thursday.",ham
"ATTENTION! Dear customer, we attempted to deliver your package. Confirm address and payment: http://account-upgrade-now.biz Failure to act may cause account closure.",spam
"Hello, Please submit the signed document to the IT by Thursday evening.",ham
FYI: The class has been moved to library due to maintenance work. Let me know if you have questions.,ham
IMPORTANT! You are selected for a cash prize of $49. Pay a small processing fee now to receive it. Offer expires today.,spam
ATTENTION! URGENT: Your ICICI Bank account will be blocked today. Verify now at http://freegift-portal.co,spam
FYI: This is a gentle reminder to complete the feedback form by Thursday. Please confirm.,ham
Please note: Thanks for your payment of $99. Your receipt has been generated successfully.,ham
FYI: Your OTP for login to Netflix is 878464. Do not share it with anyone. Regards.,ham
ALERT! URGENT: Your HDFC Bank account will be blocked today. Verify now at http://secure-login-now.com Failure to act may cause account closure.,spam
Update: The interview with UrbanMart is confirmed for Thursday at 5:00 PM. Let me know if you have questions.,ham
Update: Reminder: the meeting is scheduled in the Zoom at 9:00 AM.,ham
"ALERT! Dear customer, we attempted to deliver your package. Confirm address and payment: http://account-upgrade-now.biz Respond immediately.",spam
"Hello, Reminder: the meeting is scheduled in the seminar hall at 5:00 PM.",ham
ALERT! Security alert: reset your email password immediately or your account will be deleted: http://fastclaim-bonus.net Respond immediately.,spam
"Hello, Team, attached is the latest meeting agenda for your comments.",ham
"Hello, The class has been moved to seminar hall due to maintenance work. Thank you.",ham
"Hello, Hi Riya, please review the attendance list before Thursday. Regards.",ham
NOTICE! Final warning: your Netflix wallet is suspended. Login now to avoid closure: http://secure-login-now.com,spam
URGENT: Your Federal Bank account will be blocked today. Verify now at http://fastclaim-bonus.net Offer expires today.,spam
"Hi team, Please bring your ID card and laptop for the workshop in seminar hall. Regards.",ham
Please note: This is a gentle reminder to complete the feedback form by Monday.,ham
"Team, attached is the latest budget approval for your comments. Regards.",ham
"NOTICE! Your parcel is on hold due to unpaid customs charge of ₹1,999. Pay now: http://reward-checker.info Failure to act may cause account closure.",spam
NOTICE! URGENT: Your HDFC Bank account will be blocked today. Verify now at http://reward-checker.info Offer expires today.,spam
ATTENTION! This is the final notice from Axis Bank. Submit credentials immediately to prevent permanent freeze. Offer expires today.,spam
Security alert: reset your email password immediately or your account will be deleted: http://freegift-portal.co Failure to act may cause account closure.,spam
"Dear user, unusual activity detected. Confirm your password and PAN details here: http://fastclaim-bonus.net",spam
This is the final notice from HDFC Bank. Submit credentials immediately to prevent permanent freeze. Failure to act may cause account closure.,spam
Update: Please submit the signed document to the HR by Wednesday evening. Please confirm.,ham
ATTENTION! Congratulations! You have won a free smartphone. Claim your reward immediately: http://account-upgrade-now.biz,spam
"Hello, Hi Priya, please review the shipment update before Monday. Please confirm.",ham
"Hi team, Lunch with the client is fixed at 5:00 PM in the seminar hall. Please confirm.",ham
"Hello, Please bring your ID card and laptop for the workshop in training room.",ham
"Hello, Please submit the signed document to the Faculty Office by Thursday evening. Please confirm.",ham
"Hi team, The class has been moved to library due to maintenance work. Please confirm.",ham
Please note: Can we reschedule our discussion to Saturday at 9:00 AM? Regards.,ham
ATTENTION! Congratulations! You have won a free smartphone. Claim your reward immediately: http://fastclaim-bonus.net Respond immediately.,spam
Can we reschedule our discussion to Friday at 5:00 PM? Regards.,ham
URGENT: Your SBI account will be blocked today. Verify now at http://verify-wallet-alert.org Offer expires today.,spam
Please bring your ID card and laptop for the workshop in library. Thank you.,ham
Your tax refund is ready. Confirm account number and CVV to receive the amount. Failure to act may cause account closure.,spam
This is the final notice from Axis Bank. Submit credentials immediately to prevent permanent freeze.,spam
Thanks for your payment of ₹499. Your receipt has been generated successfully. Regards.,ham
NOTICE! Your parcel is on hold due to unpaid customs charge of ₹999. Pay now: http://fastclaim-bonus.net Failure to act may cause account closure.,spam
ATTENTION! Your parcel is on hold due to unpaid customs charge of $199. Pay now: http://reward-checker.info,spam
NOTICE! URGENT: Your Kotak Bank account will be blocked today. Verify now at http://fastclaim-bonus.net Offer expires today.,spam
IMPORTANT! URGENT: Your Kotak Bank account will be blocked today. Verify now at http://secure-login-now.com,spam
ALERT! Your parcel is on hold due to unpaid customs charge of ₹499. Pay now: http://fastclaim-bonus.net Failure to act may cause account closure.,spam
FYI: Please submit the signed document to the Operations by Friday evening. Thank you.,ham
FYI: Thanks for your payment of $199. Your receipt has been generated successfully. Let me know if you have questions.,ham
"Please note: Team, attached is the latest client feedback for your comments. Let me know if you have questions.",ham
NOTICE! You have been pre-approved for an instant loan. Share OTP and card details to proceed.,spam
Security alert: reset your email password immediately or your account will be deleted: http://freegift-portal.co,spam
"Hi team, The interview with BluePeak is confirmed for Friday at 3:30 PM. Regards.",ham
"Hello, Your order from QuickShip has been shipped and will arrive in 2-3 business days.",ham
ALERT! Your parcel is on hold due to unpaid customs charge of $199. Pay now: http://verify-wallet-alert.org Respond immediately.,spam
Update: Please bring your ID card and laptop for the workshop in seminar hall. Please confirm.,ham
"Update: Thanks for your payment of ₹4,999. Your receipt has been generated successfully. Regards.",ham
"Hi Daniel, please review the weekly report before Thursday. Please confirm.",ham
"Hi team, Your order from Infosphere has been shipped and will arrive in 2-3 business days. Thank you.",ham
"ALERT! Dear user, unusual activity detected. Confirm your password and PAN details here: http://reward-checker.info Respond immediately.",spam
ALERT! Final warning: your Instagram wallet is suspended. Login now to avoid closure: http://secure-login-now.com,spam
ALERT! Final warning: your Amazon wallet is suspended. Login now to avoid closure: http://reward-checker.info Respond immediately.,spam
"Hello, Team, attached is the latest invoice review for your comments. Let me know if you have questions.",ham
NOTICE! Final warning: your LinkedIn wallet is suspended. Login now to avoid closure: http://reward-checker.info,spam
This is a gentle reminder to complete the feedback form by Tuesday.,ham
"Hi team, Please bring your ID card and laptop for the workshop in conference room 2.",ham
Please note: Lunch with the client is fixed at 10:30 AM in the seminar hall. Regards.,ham
ATTENTION! Your KYC is pending. Update Aadhaar and bank details immediately at http://freegift-portal.co,spam
"Please note: Team, attached is the latest lab schedule for your comments. Regards.",ham
ATTENTION! Final warning: your LinkedIn wallet is suspended. Login now to avoid closure: http://secure-login-now.com,spam
Your package is out for delivery and should reach you by tonight. Let me know if you have questions.,ham
NOTICE! Congratulations! You have won a free smartphone. Claim your reward immediately: http://account-upgrade-now.biz Respond immediately.,spam
ATTENTION! Your parcel is on hold due to unpaid customs charge of ₹999. Pay now: http://reward-checker.info Respond immediately.,spam
"Hi team, Your leave request for Saturday has been approved by HR.",ham
"NOTICE! Dear user, unusual activity detected. Confirm your password and PAN details here: http://verify-wallet-alert.org",spam
"Hello, We have updated the project tracker with the latest milestones and owners. Please confirm.",ham
"Team, attached is the latest lab schedule for your comments. Let me know if you have questions.",ham
Update: Your leave request for Thursday has been approved by Marketing. Thank you.,ham
You have been pre-approved for an instant loan. Share OTP and card details to proceed. Offer expires today.,spam
IMPORTANT! Your tax refund is ready. Confirm account number and CVV to receive the amount. Offer expires today.,spam
NOTICE! You are selected for a cash prize of $49. Pay a small processing fee now to receive it. Offer expires today.,spam
"Hi team, Your order from WorkHub has been shipped and will arrive in 2-3 business days. Regards.",ham
Update: Your OTP for login to Paytm is 268356. Do not share it with anyone. Regards.,ham
NOTICE! URGENT: Your SBI account will be blocked today. Verify now at http://verify-wallet-alert.org Respond immediately.,spam
Your OTP for login to Paytm is 376537. Do not share it with anyone. Please confirm.,ham
NOTICE! URGENT: Your HDFC Bank account will be blocked today. Verify now at http://secure-login-now.com Offer expires today.,spam
ATTENTION! Exclusive investment offer: double your money in 7 days. Reply YES to start. Failure to act may cause account closure.,spam
"Hello, Your OTP for login to Flipkart is 194432. Do not share it with anyone.",ham
NOTICE! This is the final notice from ICICI Bank. Submit credentials immediately to prevent permanent freeze. Failure to act may cause account closure.,spam
IMPORTANT! URGENT: Your Federal Bank account will be blocked today. Verify now at http://verify-wallet-alert.org Respond immediately.,spam
URGENT: Your Federal Bank account will be blocked today. Verify now at http://freegift-portal.co,spam
URGENT: Your Axis Bank account will be blocked today. Verify now at http://account-upgrade-now.biz Failure to act may cause account closure.,spam
ALERT! Final warning: your Paytm wallet is suspended. Login now to avoid closure: http://secure-login-now.com Offer expires today.,spam
NOTICE! Your parcel is on hold due to unpaid customs charge of ₹499. Pay now: http://freegift-portal.co Respond immediately.,spam
Please note: The interview with TechNova is confirmed for Thursday at 9:00 AM. Let me know if you have questions.,ham
"Hi team, Please submit the signed document to the Support by Thursday evening. Thank you.",ham
"Team, attached is the latest project update for your comments. Let me know if you have questions.",ham
Update: Please submit the signed document to the Faculty Office by Monday evening.,ham
FYI: Your OTP for login to Paytm is 972073. Do not share it with anyone. Regards.,ham
ALERT! Winner! Your mobile number won lucky draw code AX-2291. Contact agent now to collect prize.,spam
"Hello, Your leave request for Tuesday has been approved by Accounts. Regards.",ham
URGENT: Your ICICI Bank account will be blocked today. Verify now at http://verify-wallet-alert.org Failure to act may cause account closure.,spam
"Dear user, unusual activity detected. Confirm your password and PAN details here: http://verify-wallet-alert.org Offer expires today.",spam
IMPORTANT! Your parcel is on hold due to unpaid customs charge of $49. Pay now: http://fastclaim-bonus.net,spam
ATTENTION! URGENT: Your Federal Bank account will be blocked today. Verify now at http://secure-login-now.com Failure to act may cause account closure.,spam
"Dear user, unusual activity detected. Confirm your password and PAN details here: http://freegift-portal.co Failure to act may cause account closure.",spam
"Please note: Team, attached is the latest project update for your comments.",ham
FYI: Please submit the signed document to the Operations by Tuesday evening. Thank you.,ham
"Hello, The interview with GreenLeaf is confirmed for Saturday at 3:30 PM.",ham
"Hi Rahul, please review the weekly report before Tuesday. Thank you.",ham
IMPORTANT! You have been pre-approved for an instant loan. Share OTP and card details to proceed.,spam
ALERT! Final warning: your Netflix wallet is suspended. Login now to avoid closure: http://freegift-portal.co Respond immediately.,spam
IMPORTANT! Your subscription renewal failed. Re-enter payment credentials now at http://freegift-portal.co Respond immediately.,spam
"Hi team, Team, attached is the latest budget approval for your comments. Regards.",ham
ALERT! Your parcel is on hold due to unpaid customs charge of $99. Pay now: http://freegift-portal.co Offer expires today.,spam
"NOTICE! Dear user, unusual activity detected. Confirm your password and PAN details here: http://fastclaim-bonus.net Offer expires today.",spam
ATTENTION! Final warning: your Paytm wallet is suspended. Login now to avoid closure: http://reward-checker.info Respond immediately.,spam
NOTICE! Final warning: your Instagram wallet is suspended. Login now to avoid closure: http://verify-wallet-alert.org,spam
ALERT! Final warning: your PhonePe wallet is suspended. Login now to avoid closure: http://fastclaim-bonus.net Offer expires today.,spam
FYI: Please submit the signed document to the Admin by Wednesday evening. Please confirm.,ham
Your package is out for delivery and should reach you by tonight. Please confirm.,ham
"Hi team, This is a gentle reminder to complete the feedback form by Saturday. Please confirm.",ham
ATTENTION! Final warning: your PhonePe wallet is suspended. Login now to avoid closure: http://freegift-portal.co Respond immediately.,spam
Update: The interview with SparkGrid is confirmed for Wednesday at 6:15 PM. Let me know if you have questions.,ham
"Hi Riya, please review the project update before Friday. Regards.",ham
IMPORTANT! URGENT: Your HDFC Bank account will be blocked today. Verify now at http://reward-checker.info Offer expires today.,spam
Please note: Please submit the signed document to the Faculty Office by Monday evening. Thank you.,ham
Please note: Your leave request for Saturday has been approved by Accounts. Thank you.,ham
"ALERT! Dear user, unusual activity detected. Confirm your password and PAN details here: http://reward-checker.info Failure to act may cause account closure.",spam
ATTENTION! Final warning: your LinkedIn wallet is suspended. Login now to avoid closure: http://freegift-portal.co,spam
Update: Your order from QuickShip has been shipped and will arrive in 2-3 business days. Let me know if you have questions.,ham
"Hi team, Hi Michael, please review the meeting agenda before Wednesday. Thank you.",ham
IMPORTANT! Your parcel is on hold due to unpaid customs charge of ₹999. Pay now: http://fastclaim-bonus.net Failure to act may cause account closure.,spam
ALERT! Your KYC is pending. Update Aadhaar and bank details immediately at http://fastclaim-bonus.net Respond immediately.,spam
The class has been moved to conference room 2 due to maintenance work. Let me know if you have questions.,ham
Please note: The interview with BluePeak is confirmed for Friday at 2:00 PM. Let me know if you have questions.,ham
Update: Your OTP for login to LinkedIn is 382687. Do not share it with anyone. Let me know if you have questions.,ham
"Hi team, Thanks for your payment of ₹4,999. Your receipt has been generated successfully. Thank you.",ham
FYI: Your order from FinTrust has been shipped and will arrive in 2-3 business days. Regards.,ham
ATTENTION! Final warning: your Amazon wallet is suspended. Login now to avoid closure: http://freegift-portal.co Offer expires today.,spam
Update your UPI PIN now to avoid service suspension. Click here: http://reward-checker.info Failure to act may cause account closure.,spam
NOTICE! Security alert: reset your email password immediately or your account will be deleted: http://verify-wallet-alert.org Failure to act may cause account closure.,spam
"Hi team, The interview with BrightEdge is confirmed for Saturday at 6:15 PM.",ham
ALERT! This is the final notice from Kotak Bank. Submit credentials immediately to prevent permanent freeze. Failure to act may cause account closure.,spam
FYI: Can we reschedule our discussion to Tuesday at 12:00 PM? Let me know if you have questions.,ham
IMPORTANT! Congratulations! You have won a free smartphone. Claim your reward immediately: http://freegift-portal.co,spam
ALERT! Your subscription renewal failed. Re-enter payment credentials now at http://secure-login-now.com Failure to act may cause account closure.,spam
ATTENTION! Your parcel is on hold due to unpaid customs charge of ₹999. Pay now: http://reward-checker.info Offer expires today.,spam
ATTENTION! URGENT: Your ICICI Bank account will be blocked today. Verify now at http://reward-checker.info Failure to act may cause account closure.,spam
"Hi team, Reminder: the meeting is scheduled in the seminar hall at 10:30 AM. Please confirm.",ham
ATTENTION! URGENT: Your Federal Bank account will be blocked today. Verify now at http://fastclaim-bonus.net Offer expires today.,spam
Update: Your OTP for login to LinkedIn is 546772. Do not share it with anyone. Let me know if you have questions.,ham
URGENT: Your Kotak Bank account will be blocked today. Verify now at http://account-upgrade-now.biz,spam
ATTENTION! URGENT: Your Axis Bank account will be blocked today. Verify now at http://reward-checker.info,spam
"Hello, Thanks for your payment of $99. Your receipt has been generated successfully. Regards.",ham
IMPORTANT! Congratulations! You have won a free smartphone. Claim your reward immediately: http://account-upgrade-now.biz Failure to act may cause account closure.,spam
"ALERT! Your parcel is on hold due to unpaid customs charge of ₹4,999. Pay now: http://reward-checker.info Respond immediately.",spam
ATTENTION! Final warning: your LinkedIn wallet is suspended. Login now to avoid closure: http://secure-login-now.com Offer expires today.,spam
Your leave request for Monday has been approved by Marketing.,ham
ATTENTION! Winner! Your mobile number won lucky draw code IN-5602. Contact agent now to collect prize.,spam
ATTENTION! URGENT: Your HDFC Bank account will be blocked today. Verify now at http://account-upgrade-now.biz,spam
Update: Your leave request for Tuesday has been approved by IT. Let me know if you have questions.,ham
ALERT! Update your UPI PIN now to avoid service suspension. Click here: http://secure-login-now.com Respond immediately.,spam
IMPORTANT! Congratulations! You have won a free smartphone. Claim your reward immediately: http://verify-wallet-alert.org Respond immediately.,spam
FYI: Can we reschedule our discussion to Tuesday at 9:00 AM? Regards.,ham
Your OTP for login to Google Pay is 403898. Do not share it with anyone. Thank you.,ham
"Hello, Please bring your ID card and laptop for the workshop in conference room 2. Please confirm.",ham
IMPORTANT! Final warning: your Flipkart wallet is suspended. Login now to avoid closure: http://secure-login-now.com Failure to act may cause account closure.,spam
ATTENTION! Winner! Your mobile number won lucky draw code NV-4207. Contact agent now to collect prize. Failure to act may cause account closure.,spam
Please note: Your order from Infosphere has been shipped and will arrive in 2-3 business days. Regards.,ham
"NOTICE! Your parcel is on hold due to unpaid customs charge of ₹4,999. Pay now: http://reward-checker.info Failure to act may cause account closure.",spam
"Hello, Reminder: the meeting is scheduled in the training room at 12:00 PM. Please confirm.",ham
Update: Your OTP for login to LinkedIn is 247442. Do not share it with anyone. Let me know if you have questions.,ham
"ALERT! Dear customer, we attempted to deliver your package. Confirm address and payment: http://reward-checker.info Offer expires today.",spam
ALERT! Update your UPI PIN now to avoid service suspension. Click here: http://secure-login-now.com Failure to act may cause account closure.,spam
Lunch with the client is fixed at 12:00 PM in the Zoom.,ham
"Hello, Your order from SparkGrid has been shipped and will arrive in 2-3 business days. Thank you.",ham
Update: Your OTP for login to Amazon is 411132. Do not share it with anyone. Regards.,ham
FYI: Your leave request for Wednesday has been approved by Admin. Let me know if you have questions.,ham
"Dear customer, we attempted to deliver your package. Confirm address and payment: http://reward-checker.info Respond immediately.",spam
Thanks for your payment of $49. Your receipt has been generated successfully. Thank you.,ham
"ATTENTION! You are selected for a cash prize of ₹4,999. Pay a small processing fee now to receive it. Offer expires today.",spam
ALERT! Your parcel is on hold due to unpaid customs charge of $49. Pay now: http://secure-login-now.com Respond immediately.,spam
"Hi team, Reminder: the meeting is scheduled in the Zoom at 3:30 PM. Thank you.",ham
"IMPORTANT! Dear user, unusual activity detected. Confirm your password and PAN details here: http://reward-checker.info Failure to act may cause account closure.",spam
"Hi team, Please submit the signed document to the Admin by Monday evening. Let me know if you have questions.",ham
Your OTP for login to Paytm is 935886. Do not share it with anyone.,ham
Please note: Your OTP for login to Flipkart is 389933. Do not share it with anyone. Regards.,ham
ALERT! Final warning: your Instagram wallet is suspended. Login now to avoid closure: http://verify-wallet-alert.org Respond immediately.,spam
NOTICE! Security alert: reset your email password immediately or your account will be deleted: http://reward-checker.info Offer expires today.,spam
IMPORTANT! Your parcel is on hold due to unpaid customs charge of ₹999. Pay now: http://account-upgrade-now.biz Failure to act may cause account closure.,spam
ALERT! Final warning: your Instagram wallet is suspended. Login now to avoid closure: http://secure-login-now.com Failure to act may cause account closure.,spam
FYI: Please bring your ID card and laptop for the workshop in lab 3. Let me know if you have questions.,ham
ATTENTION! Security alert: reset your email password immediately or your account will be deleted: http://fastclaim-bonus.net Failure to act may cause account closure.,spam
ATTENTION! URGENT: Your ICICI Bank account will be blocked today. Verify now at http://fastclaim-bonus.net Respond immediately.,spam
Please note: Your leave request for Tuesday has been approved by IT. Please confirm.,ham
"ALERT! You are selected for a cash prize of ₹1,999. Pay a small processing fee now to receive it. Failure to act may cause account closure.",spam
"Hello, Thanks for your payment of $49. Your receipt has been generated successfully.",ham
Update: The class has been moved to Zoom due to maintenance work. Thank you.,ham
ATTENTION! Your parcel is on hold due to unpaid customs charge of $99. Pay now: http://fastclaim-bonus.net Respond immediately.,spam
ATTENTION! Your KYC is pending. Update Aadhaar and bank details immediately at http://freegift-portal.co Failure to act may cause account closure.,spam
Update: Your OTP for login to Flipkart is 579801. Do not share it with anyone. Thank you.,ham
ATTENTION! Your subscription renewal failed. Re-enter payment credentials now at http://secure-login-now.com,spam
Please note: Please submit the signed document to the IT by Monday evening. Regards.,ham
"Hello, Can we reschedule our discussion to Thursday at 3:30 PM?",ham
ATTENTION! Update your UPI PIN now to avoid service suspension. Click here: http://account-upgrade-now.biz Offer expires today.,spam
FYI: The class has been moved to Zoom due to maintenance work. Regards.,ham
IMPORTANT! URGENT: Your Kotak Bank account will be blocked today. Verify now at http://account-upgrade-now.biz Failure to act may cause account closure.,spam
"Hi team, The interview with NexaSoft is confirmed for Saturday at 3:30 PM. Let me know if you have questions.",ham
"Hello, Your leave request for Friday has been approved by Accounts. Regards.",ham
"Dear customer, we attempted to deliver your package. Confirm address and payment: http://verify-wallet-alert.org Failure to act may cause account closure.",spam
ALERT! Your parcel is on hold due to unpaid customs charge of $49. Pay now: http://secure-login-now.com,spam
FYI: Please submit the signed document to the Marketing by Friday evening. Please confirm.,ham
Please note: The interview with NexaSoft is confirmed for Monday at 10:30 AM. Regards.,ham
FYI: Lunch with the client is fixed at 6:15 PM in the training room. Please confirm.,ham
Update: Can we reschedule our discussion to Friday at 12:00 PM? Thank you.,ham
Update: Can we reschedule our discussion to Saturday at 5:00 PM? Regards.,ham
FYI: We received your application and will update you after the screening process.,ham
Security alert: reset your email password immediately or your account will be deleted: http://secure-login-now.com Offer expires today.,spam
NOTICE! Your parcel is on hold due to unpaid customs charge of $199. Pay now: http://freegift-portal.co Respond immediately.,spam
"Hi team, Thanks for your payment of ₹1,999. Your receipt has been generated successfully. Regards.",ham
ALERT! Final warning: your Amazon wallet is suspended. Login now to avoid closure: http://fastclaim-bonus.net,spam
Please bring your ID card and laptop for the workshop in conference room 2.,ham
ALERT! Final warning: your Google Pay wallet is suspended. Login now to avoid closure: http://secure-login-now.com,spam
This is a gentle reminder to complete the feedback form by Tuesday. Let me know if you have questions.,ham
"Team, attached is the latest lab schedule for your comments. Regards.",ham
ALERT! This is the final notice from ICICI Bank. Submit credentials immediately to prevent permanent freeze. Failure to act may cause account closure.,spam
FYI: Your package is out for delivery and should reach you by tonight. Please confirm.,ham
"Hello, Your leave request for Saturday has been approved by Faculty Office. Let me know if you have questions.",ham
"ATTENTION! Your parcel is on hold due to unpaid customs charge of ₹4,999. Pay now: http://fastclaim-bonus.net Offer expires today.",spam
Winner! Your mobile number won lucky draw code UP-1118. Contact agent now to collect prize.,spam
"FYI: Hi Karan, please review the assignment reminder before Monday. Please confirm.",ham
FYI: Thanks for your payment of ₹499. Your receipt has been generated successfully.,ham
"Update: Hi Vikram, please review the invoice review before Wednesday. Thank you.",ham
NOTICE! Final warning: your Paytm wallet is suspended. Login now to avoid closure: http://reward-checker.info Offer expires today.,spam
Reminder: the meeting is scheduled in the lab 3 at 3:30 PM. Let me know if you have questions.,ham
Update: Thanks for your payment of $49. Your receipt has been generated successfully.,ham
Please note: The interview with NexaSoft is confirmed for Saturday at 2:00 PM. Regards.,ham
Your subscription renewal failed. Re-enter payment credentials now at http://fastclaim-bonus.net Offer expires today.,spam
"Please note: Hi Sam, please review the shipment update before Thursday. Regards.",ham
Thanks for your payment of $99. Your receipt has been generated successfully. Let me know if you have questions.,ham
Please note: Please submit the signed document to the Support by Friday evening.,ham
"Hi team, This is a gentle reminder to complete the feedback form by Tuesday. Thank you.",ham
Your order from Horizon Labs has been shipped and will arrive in 2-3 business days. Please confirm.,ham
Please note: Please bring your ID card and laptop for the workshop in conference room 2. Thank you.,ham
FYI: Lunch with the client is fixed at 10:30 AM in the training room. Thank you.,ham
ATTENTION! Security alert: reset your email password immediately or your account will be deleted: http://freegift-portal.co Offer expires today.,spam
ATTENTION! Your subscription renewal failed. Re-enter payment credentials now at http://reward-checker.info Respond immediately.,spam
Please note: Lunch with the client is fixed at 2:00 PM in the conference room 2. Regards.,ham
FYI: Your leave request for Wednesday has been approved by Support. Let me know if you have questions.,ham
NOTICE! Final warning: your Google Pay wallet is suspended. Login now to avoid closure: http://reward-checker.info,spam
IMPORTANT! Final warning: your Flipkart wallet is suspended. Login now to avoid closure: http://fastclaim-bonus.net,spam
ALERT! Your parcel is on hold due to unpaid customs charge of ₹999. Pay now: http://reward-checker.info Offer expires today.,spam
Final warning: your Amazon wallet is suspended. Login now to avoid closure: http://fastclaim-bonus.net Respond immediately.,spam
Please note: We have updated the project tracker with the latest milestones and owners. Let me know if you have questions.,ham
FYI: The interview with Horizon Labs is confirmed for Tuesday at 9:00 AM.,ham
FYI: Your leave request for Wednesday has been approved by Operations. Let me know if you have questions.,ham
IMPORTANT! Your KYC is pending. Update Aadhaar and bank details immediately at http://reward-checker.info Failure to act may cause account closure.,spam
The network issue has been resolved. Kindly reconnect and confirm access. Thank you.,ham
ATTENTION! Final warning: your Instagram wallet is suspended. Login now to avoid closure: http://secure-login-now.com Offer expires today.,spam
FYI: Reminder: the meeting is scheduled in the seminar hall at 3:30 PM. Regards.,ham
URGENT: Your SBI account will be blocked today. Verify now at http://reward-checker.info,spam
Winner! Your mobile number won lucky draw code TR-9045. Contact agent now to collect prize. Respond immediately.,spam
NOTICE! Your KYC is pending. Update Aadhaar and bank details immediately at http://secure-login-now.com,spam
ALERT! This is the final notice from Federal Bank. Submit credentials immediately to prevent permanent freeze.,spam
"ATTENTION! Dear user, unusual activity detected. Confirm your password and PAN details here: http://account-upgrade-now.biz",spam
FYI: Your leave request for Tuesday has been approved by Marketing. Please confirm.,ham
"ALERT! Dear customer, we attempted to deliver your package. Confirm address and payment: http://fastclaim-bonus.net Respond immediately.",spam
ALERT! Security alert: reset your email password immediately or your account will be deleted: http://secure-login-now.com Respond immediately.,spam
ALERT! You are selected for a cash prize of ₹999. Pay a small processing fee now to receive it. Respond immediately.,spam
Update: Your leave request for Wednesday has been approved by HR.,ham
ATTENTION! Your KYC is pending. Update Aadhaar and bank details immediately at http://secure-login-now.com,spam
"NOTICE! Dear customer, we attempted to deliver your package. Confirm address and payment: http://freegift-portal.co Offer expires today.",spam
IMPORTANT! This is the final notice from HDFC Bank. Submit credentials immediately to prevent permanent freeze. Offer expires today.,spam
NOTICE! Final warning: your Amazon wallet is suspended. Login now to avoid closure: http://reward-checker.info Offer expires today.,spam
Please submit the signed document to the Support by Tuesday evening. Thank you.,ham
"ALERT! Dear customer, we attempted to deliver your package. Confirm address and payment: http://secure-login-now.com Respond immediately.",spam
NOTICE! Final warning: your Google Pay wallet is suspended. Login now to avoid closure: http://reward-checker.info Respond immediately.,spam
NOTICE! Final warning: your Amazon wallet is suspended. Login now to avoid closure: http://verify-wallet-alert.org Offer expires today.,spam
"IMPORTANT! Dear customer, we attempted to deliver your package. Confirm address and payment: http://verify-wallet-alert.org Offer expires today.",spam
Please note: The interview with SparkGrid is confirmed for Wednesday at 12:00 PM. Regards.,ham
"IMPORTANT! Dear user, unusual activity detected. Confirm your password and PAN details here: http://account-upgrade-now.biz Respond immediately.",spam
ALERT! Update your UPI PIN now to avoid service suspension. Click here: http://freegift-portal.co Offer expires today.,spam
IMPORTANT! URGENT: Your ICICI Bank account will be blocked today. Verify now at http://reward-checker.info,spam
ALERT! Your KYC is pending. Update Aadhaar and bank details immediately at http://account-upgrade-now.biz Respond immediately.,spam
"Update: Hi Alex, please review the shipment update before Tuesday. Regards.",ham
Please note: Lunch with the client is fixed at 9:00 AM in the seminar hall.,ham
ALERT! Final warning: your Google Pay wallet is suspended. Login now to avoid closure: http://fastclaim-bonus.net Respond immediately.,spam
Please note: Lunch with the client is fixed at 12:00 PM in the main office.,ham
ALERT! Your KYC is pending. Update Aadhaar and bank details immediately at http://fastclaim-bonus.net Failure to act may cause account closure.,spam
"IMPORTANT! You are selected for a cash prize of ₹4,999. Pay a small processing fee now to receive it. Respond immediately.",spam
IMPORTANT! Congratulations! You have won a free smartphone. Claim your reward immediately: http://account-upgrade-now.biz Offer expires today.,spam
Your OTP for login to Amazon is 691123. Do not share it with anyone. Let me know if you have questions.,ham
Your tax refund is ready. Confirm account number and CVV to receive the amount.,spam
IMPORTANT! Update your UPI PIN now to avoid service suspension. Click here: http://account-upgrade-now.biz Respond immediately.,spam
"IMPORTANT! Dear customer, we attempted to deliver your package. Confirm address and payment: http://freegift-portal.co Respond immediately.",spam
Your order from QuickShip has been shipped and will arrive in 2-3 business days. Regards.,ham
You are selected for a cash prize of ₹499. Pay a small processing fee now to receive it.,spam
"ALERT! Dear user, unusual activity detected. Confirm your password and PAN details here: http://verify-wallet-alert.org",spam
Update: Lunch with the client is fixed at 12:00 PM in the conference room 2. Please confirm.,ham
ALERT! Your parcel is on hold due to unpaid customs charge of ₹999. Pay now: http://freegift-portal.co Offer expires today.,spam
ALERT! You are selected for a cash prize of $49. Pay a small processing fee now to receive it. Failure to act may cause account closure.,spam
"Hello, Reminder: the meeting is scheduled in the lab 3 at 2:00 PM.",ham
Update: Please submit the signed document to the Faculty Office by Monday evening. Regards.,ham
"Hi team, Reminder: the meeting is scheduled in the seminar hall at 3:30 PM. Regards.",ham
Please note: Your OTP for login to Paytm is 214058. Do not share it with anyone. Thank you.,ham
Update: Your OTP for login to Instagram is 925769. Do not share it with anyone.,ham
FYI: Can we reschedule our discussion to Thursday at 12:00 PM? Thank you.,ham
"Hi team, Your leave request for Friday has been approved by Accounts. Let me know if you have questions.",ham
"Hello, Reminder: the meeting is scheduled in the conference room 2 at 6:15 PM. Thank you.",ham
ATTENTION! Your subscription renewal failed. Re-enter payment credentials now at http://secure-login-now.com Offer expires today.,spam
Please submit the signed document to the Admin by Tuesday evening. Please confirm.,ham
ATTENTION! Your parcel is on hold due to unpaid customs charge of ₹999. Pay now: http://freegift-portal.co Respond immediately.,spam
Update: Please submit the signed document to the Admin by Monday evening.,ham
"NOTICE! Dear user, unusual activity detected. Confirm your password and PAN details here: http://verify-wallet-alert.org Respond immediately.",spam
"FYI: Team, attached is the latest project update for your comments. Regards.",ham
NOTICE! Congratulations! You have won a free smartphone. Claim your reward immediately: http://fastclaim-bonus.net Offer expires today.,spam
FYI: Your OTP for login to LinkedIn is 597635. Do not share it with anyone. Regards.,ham
NOTICE! This is the final notice from SBI. Submit credentials immediately to prevent permanent freeze. Respond immediately.,spam
Reminder: the meeting is scheduled in the library at 6:15 PM.,ham
Congratulations! You have won a free smartphone. Claim your reward immediately: http://account-upgrade-now.biz Offer expires today.,spam
Lunch with the client is fixed at 10:30 AM in the seminar hall. Thank you.,ham
"Please note: Team, attached is the latest budget approval for your comments. Regards.",ham
"Hi team, Please bring your ID card and laptop for the workshop in library. Please confirm.",ham
"Hello, This is a gentle reminder to complete the feedback form by Saturday. Please confirm.",ham
"You are selected for a cash prize of ₹1,999. Pay a small processing fee now to receive it. Respond immediately.",spam
Please note: Lunch with the client is fixed at 5:00 PM in the conference room 2. Thank you.,ham
The class has been moved to main office due to maintenance work. Let me know if you have questions.,ham
You are selected for a cash prize of $99. Pay a small processing fee now to receive it. Respond immediately.,spam
Please note: Your order from BrightEdge has been shipped and will arrive in 2-3 business days.,ham
Your leave request for Tuesday has been approved by Faculty Office. Thank you.,ham
Please note: Reminder: the meeting is scheduled in the training room at 10:30 AM. Regards.,ham
"Hello, Your leave request for Thursday has been approved by IT.",ham
ALERT! Special crypto opportunity: guaranteed 5x profit. Deposit today and withdraw tomorrow. Offer expires today.,spam
ALERT! Security alert: reset your email password immediately or your account will be deleted: http://freegift-portal.co Failure to act may cause account closure.,spam
ALERT! You are selected for a cash prize of ₹999. Pay a small processing fee now to receive it. Failure to act may cause account closure.,spam
"Hello, Reminder: the meeting is scheduled in the lab 3 at 3:30 PM.",ham
"NOTICE! Your parcel is on hold due to unpaid customs charge of ₹4,999. Pay now: http://verify-wallet-alert.org Offer expires today.",spam
Your OTP for login to Instagram is 305967. Do not share it with anyone. Let me know if you have questions.,ham
Your order from NexaSoft has been shipped and will arrive in 2-3 business days. Regards.,ham
"FYI: Team, attached is the latest shipment update for your comments. Please confirm.",ham
IMPORTANT! This is the final notice from Kotak Bank. Submit credentials immediately to prevent permanent freeze. Offer expires today.,spam
NOTICE! URGENT: Your ICICI Bank account will be blocked today. Verify now at http://fastclaim-bonus.net Offer expires today.,spam
Please note: Please submit the signed document to the Accounts by Saturday evening. Regards.,ham
This is the final notice from Federal Bank. Submit credentials immediately to prevent permanent freeze.,spam
IMPORTANT! This is the final notice from ICICI Bank. Submit credentials immediately to prevent permanent freeze. Offer expires today.,spam
ALERT! Congratulations! You have won a free smartphone. Claim your reward immediately: http://reward-checker.info Offer expires today.,spam
Update your UPI PIN now to avoid service suspension. Click here: http://freegift-portal.co,spam
ALERT! URGENT: Your SBI account will be blocked today. Verify now at http://verify-wallet-alert.org Failure to act may cause account closure.,spam
IMPORTANT! Free Netflix premium for 12 months. Login with your card to activate today. Respond immediately.,spam
Please note: Please bring your ID card and laptop for the workshop in main office. Regards.,ham
Final warning: your Netflix wallet is suspended. Login now to avoid closure: http://reward-checker.info Respond immediately.,spam
ATTENTION! Your parcel is on hold due to unpaid customs charge of $49. Pay now: http://secure-login-now.com Respond immediately.,spam
ATTENTION! Final warning: your Google Pay wallet is suspended. Login now to avoid closure: http://reward-checker.info Failure to act may cause account closure.,spam
NOTICE! Exclusive investment offer: double your money in 7 days. Reply YES to start. Failure to act may cause account closure.,spam
ATTENTION! URGENT: Your Kotak Bank account will be blocked today. Verify now at http://account-upgrade-now.biz,spam
"Hi team, Reminder: the meeting is scheduled in the conference room 2 at 10:30 AM. Thank you.",ham
Final warning: your PhonePe wallet is suspended. Login now to avoid closure: http://secure-login-now.com,spam
Please submit the signed document to the Operations by Monday evening. Thank you.,ham
"Update: Team, attached is the latest client feedback for your comments. Please confirm.",ham
Update: Your leave request for Thursday has been approved by HR. Thank you.,ham
Security alert: reset your email password immediately or your account will be deleted: http://freegift-portal.co Respond immediately.,spam
Your subscription renewal failed. Re-enter payment credentials now at http://secure-login-now.com Respond immediately.,spam
ALERT! You are selected for a cash prize of ₹499. Pay a small processing fee now to receive it. Offer expires today.,spam
Please note: Your leave request for Saturday has been approved by Operations.,ham
"NOTICE! Your parcel is on hold due to unpaid customs charge of ₹1,999. Pay now: http://account-upgrade-now.biz Offer expires today.",spam
NOTICE! You are selected for a cash prize of $199. Pay a small processing fee now to receive it. Failure to act may cause account closure.,spam
Please note: Your OTP for login to Instagram is 923001. Do not share it with anyone.,ham
FYI: Thanks for your payment of $99. Your receipt has been generated successfully. Regards.,ham
ALERT! Your parcel is on hold due to unpaid customs charge of ₹999. Pay now: http://secure-login-now.com Offer expires today.,spam
FYI: Lunch with the client is fixed at 2:00 PM in the conference room 2. Please confirm.,ham
ATTENTION! Final warning: your PhonePe wallet is suspended. Login now to avoid closure: http://account-upgrade-now.biz,spam
"NOTICE! Dear user, unusual activity detected. Confirm your password and PAN details here: http://reward-checker.info Respond immediately.",spam
This is the final notice from SBI. Submit credentials immediately to prevent permanent freeze. Offer expires today.,spam
IMPORTANT! You are selected for a cash prize of ₹499. Pay a small processing fee now to receive it.,spam
"Hi team, Thanks for your payment of $99. Your receipt has been generated successfully. Thank you.",ham
"Please note: Team, attached is the latest budget approval for your comments.",ham
"Your parcel is on hold due to unpaid customs charge of ₹4,999. Pay now: http://fastclaim-bonus.net Respond immediately.",spam
"Hello, Your package is out for delivery and should reach you by tonight. Regards.",ham
Your subscription renewal failed. Re-enter payment credentials now at http://verify-wallet-alert.org Offer expires today.,spam
"NOTICE! Dear customer, we attempted to deliver your package. Confirm address and payment: http://account-upgrade-now.biz",spam
ALERT! Act now: your job application has been shortlisted. Pay registration fees to complete hiring. Failure to act may cause account closure.,spam
"FYI: Hi Vikram, please review the budget approval before Saturday. Please confirm.",ham
NOTICE! Final warning: your Paytm wallet is suspended. Login now to avoid closure: http://secure-login-now.com Failure to act may cause account closure.,spam
"Hello, Can we reschedule our discussion to Saturday at 6:15 PM? Please confirm.",ham
ATTENTION! This is the final notice from HDFC Bank. Submit credentials immediately to prevent permanent freeze. Failure to act may cause account closure.,spam
Congratulations! You have won a free smartphone. Claim your reward immediately: http://reward-checker.info Offer expires today.,spam
ATTENTION! Congratulations! You have won a free smartphone. Claim your reward immediately: http://secure-login-now.com Failure to act may cause account closure.,spam
FYI: Can we reschedule our discussion to Wednesday at 9:00 AM? Regards.,ham
Please note: The interview with UrbanMart is confirmed for Monday at 12:00 PM. Thank you.,ham
Final warning: your Flipkart wallet is suspended. Login now to avoid closure: http://freegift-portal.co,spam
"Hi team, Please submit the signed document to the Support by Saturday evening. Thank you.",ham
ATTENTION! Final warning: your Amazon wallet is suspended. Login now to avoid closure: http://account-upgrade-now.biz Failure to act may cause account closure.,spam
"Hi team, Thanks for your payment of $99. Your receipt has been generated successfully.",ham
IMPORTANT! You are selected for a cash prize of ₹999. Pay a small processing fee now to receive it. Failure to act may cause account closure.,spam
ALERT! Your parcel is on hold due to unpaid customs charge of $99. Pay now: http://verify-wallet-alert.org Respond immediately.,spam
Please note: Can we reschedule our discussion to Wednesday at 12:00 PM?,ham
ALERT! This is the final notice from ICICI Bank. Submit credentials immediately to prevent permanent freeze.,spam
ATTENTION! URGENT: Your HDFC Bank account will be blocked today. Verify now at http://account-upgrade-now.biz Failure to act may cause account closure.,spam
IMPORTANT! Final warning: your Amazon wallet is suspended. Login now to avoid closure: http://account-upgrade-now.biz Failure to act may cause account closure.,spam
Please note: The interview with FinTrust is confirmed for Friday at 3:30 PM.,ham
"ALERT! Your parcel is on hold due to unpaid customs charge of ₹4,999. Pay now: http://fastclaim-bonus.net Respond immediately.",spam
FYI: Your leave request for Monday has been approved by Support. Thank you.,ham
"IMPORTANT! Dear user, unusual activity detected. Confirm your password and PAN details here: http://reward-checker.info Offer expires today.",spam
FYI: Your order from WorkHub has been shipped and will arrive in 2-3 business days. Let me know if you have questions.,ham
"Hello, Can we reschedule our discussion to Saturday at 6:15 PM? Regards.",ham
ALERT! You are selected for a cash prize of $199. Pay a small processing fee now to receive it. Offer expires today.,spam
ALERT! This is the final notice from Axis Bank. Submit credentials immediately to prevent permanent freeze. Offer expires today.,spam
Please note: Reminder: the meeting is scheduled in the library at 12:00 PM.,ham
"Please note: Hi Ananya, please review the client feedback before Thursday. Thank you.",ham
"Hello, Please submit the signed document to the IT by Wednesday evening. Thank you.",ham
Update: Kindly find the attached notes for today's lecture and next week's plan. Please confirm.,ham
"ATTENTION! Dear customer, we attempted to deliver your package. Confirm address and payment: http://reward-checker.info",spam
ATTENTION! Your tax refund is ready. Confirm account number and CVV to receive the amount.,spam
ALERT! Security alert: reset your email password immediately or your account will be deleted: http://verify-wallet-alert.org Offer expires today.,spam
FYI: Your OTP for login to Paytm is 856380. Do not share it with anyone. Regards.,ham
Final warning: your Amazon wallet is suspended. Login now to avoid closure: http://freegift-portal.co Failure to act may cause account closure.,spam
"Hello, Team, attached is the latest client feedback for your comments. Regards.",ham
IMPORTANT! Congratulations! You have won a free smartphone. Claim your reward immediately: http://reward-checker.info,spam
We received your application and will update you after the screening process.,ham
Your order from QuickShip has been shipped and will arrive in 2-3 business days. Let me know if you have questions.,ham
"Hi team, This is a gentle reminder to complete the feedback form by Friday.",ham
ATTENTION! Final warning: your Instagram wallet is suspended. Login now to avoid closure: http://account-upgrade-now.biz Failure to act may cause account closure.,spam
"Hello, This is a gentle reminder to complete the feedback form by Monday. Regards.",ham
ALERT! Free Netflix premium for 12 months. Login with your card to activate today.,spam
NOTICE! URGENT: Your ICICI Bank account will be blocked today. Verify now at http://reward-checker.info Respond immediately.,spam
Please submit the signed document to the Accounts by Saturday evening.,ham
"Hello, Your order from BrightEdge has been shipped and will arrive in 2-3 business days.",ham
IMPORTANT! URGENT: Your Kotak Bank account will be blocked today. Verify now at http://freegift-portal.co Offer expires today.,spam
ATTENTION! Congratulations! You have won a free smartphone. Claim your reward immediately: http://fastclaim-bonus.net Offer expires today.,spam
FYI: The class has been moved to training room due to maintenance work. Let me know if you have questions.,ham
"Hello, Hi Olivia, please review the invoice review before Monday. Thank you.",ham
NOTICE! Your parcel is on hold due to unpaid customs charge of ₹999. Pay now: http://account-upgrade-now.biz,spam
Please note: The interview with GreenLeaf is confirmed for Saturday at 10:30 AM. Please confirm.,ham
"Update: Team, attached is the latest lab schedule for your comments.",ham
"NOTICE! Your parcel is on hold due to unpaid customs charge of ₹1,999. Pay now: http://fastclaim-bonus.net Failure to act may cause account closure.",spam
Your parcel is on hold due to unpaid customs charge of $99. Pay now: http://secure-login-now.com Respond immediately.,spam
ATTENTION! URGENT: Your Federal Bank account will be blocked today. Verify now at http://account-upgrade-now.biz Offer expires today.,spam
"Hello, The interview with Infosphere is confirmed for Monday at 12:00 PM.",ham
Thanks for your payment of $49. Your receipt has been generated successfully. Regards.,ham
Final warning: your Amazon wallet is suspended. Login now to avoid closure: http://account-upgrade-now.biz,spam
IMPORTANT! Final warning: your Google Pay wallet is suspended. Login now to avoid closure: http://account-upgrade-now.biz Failure to act may cause account closure.,spam
IMPORTANT! Your parcel is on hold due to unpaid customs charge of ₹999. Pay now: http://account-upgrade-now.biz Offer expires today.,spam
Exclusive investment offer: double your money in 7 days. Reply YES to start.,spam
"Hi team, Hi Alex, please review the shipment update before Monday. Thank you.",ham
Update: The interview with BrightEdge is confirmed for Monday at 9:00 AM. Regards.,ham
"Hello, Reminder: the meeting is scheduled in the conference room 2 at 9:00 AM. Thank you.",ham
IMPORTANT! Your subscription renewal failed. Re-enter payment credentials now at http://verify-wallet-alert.org Respond immediately.,spam
Your KYC is pending. Update Aadhaar and bank details immediately at http://secure-login-now.com Offer expires today.,spam
Thanks for your payment of $49. Your receipt has been generated successfully. Let me know if you have questions.,ham
Lunch with the client is fixed at 3:30 PM in the seminar hall. Regards.,ham
Your OTP for login to Instagram is 753484. Do not share it with anyone. Regards.,ham
Lunch with the client is fixed at 5:00 PM in the lab 3.,ham
"Team, attached is the latest client feedback for your comments.",ham
ATTENTION! URGENT: Your ICICI Bank account will be blocked today. Verify now at http://account-upgrade-now.biz Offer expires today.,spam
"Hello, The interview with GreenLeaf is confirmed for Tuesday at 5:00 PM. Regards.",ham
"Hi team, The interview with Apex Motors is confirmed for Monday at 9:00 AM. Let me know if you have questions.",ham
"Update: Team, attached is the latest weekly report for your comments. Thank you.",ham
The interview with BluePeak is confirmed for Monday at 6:15 PM. Let me know if you have questions.,ham
NOTICE! Your subscription renewal failed. Re-enter payment credentials now at http://account-upgrade-now.biz Failure to act may cause account closure.,spam
NOTICE! Your parcel is on hold due to unpaid customs charge of $199. Pay now: http://secure-login-now.com Failure to act may cause account closure.,spam
IMPORTANT! Your parcel is on hold due to unpaid customs charge of $99. Pay now: http://reward-checker.info Respond immediately.,spam
ATTENTION! Final warning: your PhonePe wallet is suspended. Login now to avoid closure: http://account-upgrade-now.biz Failure to act may cause account closure.,spam
"IMPORTANT! Your parcel is on hold due to unpaid customs charge of ₹1,999. Pay now: http://fastclaim-bonus.net",spam
"Dear user, unusual activity detected. Confirm your password and PAN details here: http://secure-login-now.com",spam
"Hi team, Your OTP for login to PhonePe is 261630. Do not share it with anyone. Let me know if you have questions.",ham
NOTICE! Final warning: your Flipkart wallet is suspended. Login now to avoid closure: http://reward-checker.info,spam
FYI: Please bring your ID card and laptop for the workshop in library. Let me know if you have questions.,ham
"Hello, The class has been moved to conference room 2 due to maintenance work. Regards.",ham
"IMPORTANT! Dear customer, we attempted to deliver your package. Confirm address and payment: http://fastclaim-bonus.net Respond immediately.",spam
Update: Please bring your ID card and laptop for the workshop in training room. Please confirm.,ham
"Hello, Team, attached is the latest weekly report for your comments. Please confirm.",ham
"IMPORTANT! Your parcel is on hold due to unpaid customs charge of ₹4,999. Pay now: http://fastclaim-bonus.net Offer expires today.",spam
"Hi team, We received your application and will update you after the screening process. Let me know if you have questions.",ham
Security alert: reset your email password immediately or your account will be deleted: http://fastclaim-bonus.net,spam
"FYI: Team, attached is the latest attendance list for your comments.",ham
IMPORTANT! Winner! Your mobile number won lucky draw code NV-4207. Contact agent now to collect prize.,spam
Please note: Please submit the signed document to the HR by Saturday evening.,ham
NOTICE! This is the final notice from SBI. Submit credentials immediately to prevent permanent freeze. Failure to act may cause account closure.,spam
Update: Your OTP for login to Netflix is 807287. Do not share it with anyone. Regards.,ham
IMPORTANT! Winner! Your mobile number won lucky draw code UP-1118. Contact agent now to collect prize. Offer expires today.,spam
ATTENTION! Your parcel is on hold due to unpaid customs charge of ₹999. Pay now: http://secure-login-now.com Offer expires today.,spam
Final warning: your Netflix wallet is suspended. Login now to avoid closure: http://verify-wallet-alert.org,spam
ALERT! URGENT: Your ICICI Bank account will be blocked today. Verify now at http://freegift-portal.co,spam
ALERT! Final warning: your LinkedIn wallet is suspended. Login now to avoid closure: http://secure-login-now.com Offer expires today.,spam
"IMPORTANT! Dear customer, we attempted to deliver your package. Confirm address and payment: http://account-upgrade-now.biz Offer expires today.",spam
ATTENTION! Final warning: your Flipkart wallet is suspended. Login now to avoid closure: http://account-upgrade-now.biz,spam
NOTICE! Congratulations! You have won a free smartphone. Claim your reward immediately: http://secure-login-now.com Offer expires today.,spam
"Hello, Lunch with the client is fixed at 9:00 AM in the main office. Let me know if you have questions.",ham
FYI: Please submit the signed document to the Faculty Office by Monday evening. Please confirm.,ham
NOTICE! Final warning: your LinkedIn wallet is suspended. Login now to avoid closure: http://freegift-portal.co Respond immediately.,spam
IMPORTANT! URGENT: Your Kotak Bank account will be blocked today. Verify now at http://account-upgrade-now.biz Offer expires today.,spam
IMPORTANT! Final warning: your Instagram wallet is suspended. Login now to avoid closure: http://account-upgrade-now.biz,spam
"ALERT! Dear customer, we attempted to deliver your package. Confirm address and payment: http://verify-wallet-alert.org Offer expires today.",spam
"Hi team, Your leave request for Monday has been approved by Admin. Regards.",ham
ALERT! Your parcel is on hold due to unpaid customs charge of ₹999. Pay now: http://fastclaim-bonus.net,spam
ATTENTION! Final warning: your Netflix wallet is suspended. Login now to avoid closure: http://freegift-portal.co,spam
FYI: Reminder: the meeting is scheduled in the Zoom at 9:00 AM. Regards.,ham
IMPORTANT! Your parcel is on hold due to unpaid customs charge of $99. Pay now: http://account-upgrade-now.biz Respond immediately.,spam
URGENT: Your ICICI Bank account will be blocked today. Verify now at http://secure-login-now.com Offer expires today.,spam
Please note: The interview with WorkHub is confirmed for Saturday at 5:00 PM. Let me know if you have questions.,ham
"Hi team, Your OTP for login to Amazon is 314817. Do not share it with anyone. Let me know if you have questions.",ham
Update: Your order from CloudSync has been shipped and will arrive in 2-3 business days. Regards.,ham
IMPORTANT! URGENT: Your Axis Bank account will be blocked today. Verify now at http://reward-checker.info Failure to act may cause account closure.,spam
Congratulations! You have won a free smartphone. Claim your reward immediately: http://reward-checker.info Respond immediately.,spam
"IMPORTANT! Dear customer, we attempted to deliver your package. Confirm address and payment: http://account-upgrade-now.biz Failure to act may cause account closure.",spam
"Please note: Hi Vikram, please review the weekly report before Thursday. Let me know if you have questions.",ham
IMPORTANT! Security alert: reset your email password immediately or your account will be deleted: http://freegift-portal.co Respond immediately.,spam
"Please note: Hi Rahul, please review the assignment reminder before Monday. Let me know if you have questions.",ham
Update: Lunch with the client is fixed at 3:30 PM in the main office. Let me know if you have questions.,ham
"Hi team, Lunch with the client is fixed at 12:00 PM in the library. Regards.",ham
FYI: Kindly find the attached notes for today's lecture and next week's plan. Let me know if you have questions.,ham
ALERT! URGENT: Your HDFC Bank account will be blocked today. Verify now at http://secure-login-now.com Respond immediately.,spam
"FYI: Hi Vikram, please review the meeting agenda before Monday. Thank you.",ham
Update: Your leave request for Wednesday has been approved by Operations. Let me know if you have questions.,ham
FYI: The interview with NexaSoft is confirmed for Friday at 2:00 PM. Thank you.,ham
IMPORTANT! Final warning: your Amazon wallet is suspended. Login now to avoid closure: http://fastclaim-bonus.net,spam
"ALERT! Dear user, unusual activity detected. Confirm your password and PAN details here: http://fastclaim-bonus.net Offer expires today.",spam
ALERT! This is the final notice from Axis Bank. Submit credentials immediately to prevent permanent freeze. Failure to act may cause account closure.,spam
Please note: The class has been moved to main office due to maintenance work. Please confirm.,ham
Please bring your ID card and laptop for the workshop in training room. Regards.,ham
IMPORTANT! Final warning: your Amazon wallet is suspended. Login now to avoid closure: http://reward-checker.info,spam
Update your UPI PIN now to avoid service suspension. Click here: http://freegift-portal.co Respond immediately.,spam
Your KYC is pending. Update Aadhaar and bank details immediately at http://account-upgrade-now.biz Offer expires today.,spam
ATTENTION! Security alert: reset your email password immediately or your account will be deleted: http://verify-wallet-alert.org Failure to act may cause account closure.,spam
Please note: Please submit the signed document to the Operations by Monday evening. Please confirm.,ham
"Hello, Lunch with the client is fixed at 5:00 PM in the conference room 2. Please confirm.",ham
"Hi team, The interview with Infosphere is confirmed for Monday at 9:00 AM. Let me know if you have questions.",ham
NOTICE! Security alert: reset your email password immediately or your account will be deleted: http://verify-wallet-alert.org,spam
NOTICE! URGENT: Your Axis Bank account will be blocked today. Verify now at http://fastclaim-bonus.net Respond immediately.,spam
"Hello, Reminder: the meeting is scheduled in the main office at 3:30 PM. Let me know if you have questions.",ham
ATTENTION! URGENT: Your ICICI Bank account will be blocked today. Verify now at http://account-upgrade-now.biz,spam
Winner! Your mobile number won lucky draw code IN-5602. Contact agent now to collect prize. Respond immediately.,spam
Please note: The interview with UrbanMart is confirmed for Wednesday at 6:15 PM. Thank you.,ham
"Hello, Lunch with the client is fixed at 10:30 AM in the lab 3. Let me know if you have questions.",ham
"Hello, Reminder: the meeting is scheduled in the training room at 5:00 PM. Thank you.",ham
Your OTP for login to Google Pay is 129049. Do not share it with anyone. Thank you.,ham
Please note: The class has been moved to seminar hall due to maintenance work. Regards.,ham
Reminder: the meeting is scheduled in the seminar hall at 2:00 PM. Please confirm.,ham
"Hi team, Please bring your ID card and laptop for the workshop in Zoom.",ham
Update: The interview with NexaSoft is confirmed for Wednesday at 5:00 PM. Please confirm.,ham
Please submit the signed document to the Faculty Office by Tuesday evening. Thank you.,ham
"ALERT! Your parcel is on hold due to unpaid customs charge of ₹4,999. Pay now: http://freegift-portal.co Failure to act may cause account closure.",spam
Your order from TechNova has been shipped and will arrive in 2-3 business days. Regards.,ham
"Hi team, This is a gentle reminder to complete the feedback form by Friday. Let me know if you have questions.",ham
FYI: Please submit the signed document to the Accounts by Friday evening.,ham
"IMPORTANT! Dear customer, we attempted to deliver your package. Confirm address and payment: http://reward-checker.info Offer expires today.",spam
Update: The class has been moved to main office due to maintenance work. Let me know if you have questions.,ham
IMPORTANT! Your parcel is on hold due to unpaid customs charge of $49. Pay now: http://verify-wallet-alert.org Offer expires today.,spam
Please note: Please bring your ID card and laptop for the workshop in lab 3. Thank you.,ham
Update: The class has been moved to library due to maintenance work. Regards.,ham
FYI: Please bring your ID card and laptop for the workshop in conference room 2. Let me know if you have questions.,ham
Please note: Lunch with the client is fixed at 5:00 PM in the lab 3. Please confirm.,ham
FYI: The class has been moved to training room due to maintenance work. Thank you.,ham
ATTENTION! URGENT: Your Axis Bank account will be blocked today. Verify now at http://reward-checker.info Offer expires today.,spam
FYI: The class has been moved to conference room 2 due to maintenance work. Thank you.,ham
FYI: Your order from TechNova has been shipped and will arrive in 2-3 business days. Let me know if you have questions.,ham
"Hi team, Thanks for your payment of $99. Your receipt has been generated successfully. Let me know if you have questions.",ham
NOTICE! URGENT: Your HDFC Bank account will be blocked today. Verify now at http://account-upgrade-now.biz Failure to act may cause account closure.,spam
FYI: The network issue has been resolved. Kindly reconnect and confirm access.,ham
NOTICE! This is the final notice from HDFC Bank. Submit credentials immediately to prevent permanent freeze.,spam
IMPORTANT! Your parcel is on hold due to unpaid customs charge of $199. Pay now: http://freegift-portal.co Offer expires today.,spam
Please note: Kindly find the attached notes for today's lecture and next week's plan. Please confirm.,ham
Update: Please submit the signed document to the Admin by Tuesday evening. Please confirm.,ham
"Hi team, Hi Rahul, please review the invoice review before Wednesday.",ham
ATTENTION! Your parcel is on hold due to unpaid customs charge of $49. Pay now: http://freegift-portal.co,spam
Please note: Your OTP for login to Amazon is 450232. Do not share it with anyone. Regards.,ham
ATTENTION! Your subscription renewal failed. Re-enter payment credentials now at http://reward-checker.info Offer expires today.,spam
Please note: The network issue has been resolved. Kindly reconnect and confirm access. Thank you.,ham
Please note: Your order from SparkGrid has been shipped and will arrive in 2-3 business days. Let me know if you have questions.,ham
IMPORTANT! URGENT: Your ICICI Bank account will be blocked today. Verify now at http://reward-checker.info Offer expires today.,spam
ATTENTION! URGENT: Your SBI account will be blocked today. Verify now at http://account-upgrade-now.biz Respond immediately.,spam
ALERT! Your KYC is pending. Update Aadhaar and bank details immediately at http://reward-checker.info Failure to act may cause account closure.,spam
"Hello, Please submit the signed document to the Admin by Monday evening. Let me know if you have questions.",ham
URGENT: Your HDFC Bank account will be blocked today. Verify now at http://fastclaim-bonus.net Failure to act may cause account closure.,spam
Final warning: your Netflix wallet is suspended. Login now to avoid closure: http://secure-login-now.com,spam
Update your UPI PIN now to avoid service suspension. Click here: http://reward-checker.info,spam
ATTENTION! Your parcel is on hold due to unpaid customs charge of ₹999. Pay now: http://reward-checker.info Failure to act may cause account closure.,spam
ATTENTION! Your KYC is pending. Update Aadhaar and bank details immediately at http://fastclaim-bonus.net Respond immediately.,spam
IMPORTANT! Update your UPI PIN now to avoid service suspension. Click here: http://verify-wallet-alert.org,spam
IMPORTANT! Final warning: your PhonePe wallet is suspended. Login now to avoid closure: http://secure-login-now.com Offer expires today.,spam
IMPORTANT! URGENT: Your HDFC Bank account will be blocked today. Verify now at http://verify-wallet-alert.org Offer expires today.,spam
Final warning: your PhonePe wallet is suspended. Login now to avoid closure: http://verify-wallet-alert.org,spam
Lunch with the client is fixed at 10:30 AM in the library. Thank you.,ham
Update: Thanks for your payment of ₹999. Your receipt has been generated successfully. Please confirm.,ham
ATTENTION! Your KYC is pending. Update Aadhaar and bank details immediately at http://reward-checker.info Respond immediately.,spam
"Hi team, Please submit the signed document to the Accounts by Tuesday evening. Please confirm.",ham
NOTICE! Final warning: your Netflix wallet is suspended. Login now to avoid closure: http://account-upgrade-now.biz,spam
Please note: Your OTP for login to Amazon is 616583. Do not share it with anyone. Regards.,ham
ALERT! Winner! Your mobile number won lucky draw code NV-4207. Contact agent now to collect prize. Failure to act may cause account closure.,spam
FYI: The class has been moved to library due to maintenance work. Thank you.,ham
Your parcel is on hold due to unpaid customs charge of $99. Pay now: http://secure-login-now.com Offer expires today.,spam
NOTICE! Winner! Your mobile number won lucky draw code IN-5602. Contact agent now to collect prize. Failure to act may cause account closure.,spam
ATTENTION! Update your UPI PIN now to avoid service suspension. Click here: http://freegift-portal.co Offer expires today.,spam
Your parcel is on hold due to unpaid customs charge of $99. Pay now: http://account-upgrade-now.biz Respond immediately.,spam
"Hi team, Your OTP for login to Google Pay is 171635. Do not share it with anyone. Please confirm.",ham
NOTICE! Winner! Your mobile number won lucky draw code NV-4207. Contact agent now to collect prize. Offer expires today.,spam
IMPORTANT! Your KYC is pending. Update Aadhaar and bank details immediately at http://account-upgrade-now.biz Respond immediately.,spam
IMPORTANT! Congratulations! You have won a free smartphone. Claim your reward immediately: http://fastclaim-bonus.net,spam
IMPORTANT! Your subscription renewal failed. Re-enter payment credentials now at http://fastclaim-bonus.net Offer expires today.,spam
Update: Please submit the signed document to the Faculty Office by Friday evening. Regards.,ham
"Hello, Your OTP for login to LinkedIn is 126564. Do not share it with anyone. Let me know if you have questions.",ham
Please submit the signed document to the IT by Thursday evening. Thank you.,ham
ATTENTION! Security alert: reset your email password immediately or your account will be deleted: http://fastclaim-bonus.net,spam
"Hello, Please bring your ID card and laptop for the workshop in lab 3. Please confirm.",ham
ATTENTION! Your KYC is pending. Update Aadhaar and bank details immediately at http://freegift-portal.co Respond immediately.,spam
"Hello, Please bring your ID card and laptop for the workshop in seminar hall. Let me know if you have questions.",ham
"ATTENTION! Dear customer, we attempted to deliver your package. Confirm address and payment: http://freegift-portal.co Respond immediately.",spam
ATTENTION! URGENT: Your Federal Bank account will be blocked today. Verify now at http://verify-wallet-alert.org Failure to act may cause account closure.,spam
IMPORTANT! URGENT: Your Axis Bank account will be blocked today. Verify now at http://account-upgrade-now.biz Offer expires today.,spam
"ALERT! Your parcel is on hold due to unpaid customs charge of ₹1,999. Pay now: http://fastclaim-bonus.net",spam
Update: The interview with Infosphere is confirmed for Thursday at 2:00 PM. Please confirm.,ham
ALERT! Winner! Your mobile number won lucky draw code HR-7710. Contact agent now to collect prize. Offer expires today.,spam
FYI: Can we reschedule our discussion to Tuesday at 6:15 PM? Let me know if you have questions.,ham
NOTICE! Congratulations! You have won a free smartphone. Claim your reward immediately: http://fastclaim-bonus.net Failure to act may cause account closure.,spam
"Hi team, Reminder: the meeting is scheduled in the conference room 2 at 6:15 PM. Let me know if you have questions.",ham
Please note: Please bring your ID card and laptop for the workshop in main office.,ham
"Hello, The monthly salary for this cycle has been credited to your account. Thank you.",ham
Update: Thanks for your payment of ₹499. Your receipt has been generated successfully. Thank you.,ham
Your OTP for login to Instagram is 820104. Do not share it with anyone. Please confirm.,ham
"FYI: Hi Emma, please review the meeting agenda before Saturday. Thank you.",ham
"Hello, Your OTP for login to Flipkart is 518233. Do not share it with anyone. Please confirm.",ham
Update: Please submit the signed document to the Support by Tuesday evening.,ham
Please note: Your leave request for Friday has been approved by Support.,ham
Update: Kindly find the attached notes for today's lecture and next week's plan.,ham
IMPORTANT! Update your UPI PIN now to avoid service suspension. Click here: http://secure-login-now.com Respond immediately.,spam
Your order from BluePeak has been shipped and will arrive in 2-3 business days. Regards.,ham
ATTENTION! URGENT: Your Kotak Bank account will be blocked today. Verify now at http://fastclaim-bonus.net Offer expires today.,spam
ATTENTION! This is the final notice from Federal Bank. Submit credentials immediately to prevent permanent freeze. Offer expires today.,spam
"FYI: Hi John, please review the lab schedule before Tuesday. Regards.",ham
Update: The interview with QuickShip is confirmed for Friday at 6:15 PM. Thank you.,ham
FYI: The interview with CloudSync is confirmed for Friday at 6:15 PM.,ham
"Hello, Please submit the signed document to the HR by Monday evening. Please confirm.",ham
Final warning: your PhonePe wallet is suspended. Login now to avoid closure: http://verify-wallet-alert.org Respond immediately.,spam
Lunch with the client is fixed at 9:00 AM in the seminar hall.,ham
"Your parcel is on hold due to unpaid customs charge of ₹1,999. Pay now: http://freegift-portal.co Failure to act may cause account closure.",spam
IMPORTANT! URGENT: Your Axis Bank account will be blocked today. Verify now at http://freegift-portal.co Offer expires today.,spam
"ATTENTION! Dear customer, we attempted to deliver your package. Confirm address and payment: http://verify-wallet-alert.org Offer expires today.",spam
Your OTP for login to PhonePe is 734611. Do not share it with anyone. Regards.,ham
ATTENTION! Get rich fast! Earn guaranteed daily income from home. Limited slots left. Join now. Failure to act may cause account closure.,spam
FYI: Lunch with the client is fixed at 10:30 AM in the training room. Let me know if you have questions.,ham
"Hi team, Please submit the signed document to the Support by Wednesday evening. Thank you.",ham
Update: The class has been moved to Zoom due to maintenance work. Let me know if you have questions.,ham
Please submit the signed document to the HR by Friday evening.,ham
URGENT: Your HDFC Bank account will be blocked today. Verify now at http://secure-login-now.com Respond immediately.,spam
Update: Can we reschedule our discussion to Tuesday at 9:00 AM? Thank you.,ham
Please note: This is a gentle reminder to complete the feedback form by Saturday. Let me know if you have questions.,ham
"Update: Team, attached is the latest client feedback for your comments. Thank you.",ham
ATTENTION! Special crypto opportunity: guaranteed 5x profit. Deposit today and withdraw tomorrow.,spam
Update: Please bring your ID card and laptop for the workshop in library. Regards.,ham
"ATTENTION! Dear customer, we attempted to deliver your package. Confirm address and payment: http://secure-login-now.com Offer expires today.",spam
URGENT: Your ICICI Bank account will be blocked today. Verify now at http://account-upgrade-now.biz,spam
"IMPORTANT! Your parcel is on hold due to unpaid customs charge of ₹4,999. Pay now: http://freegift-portal.co Offer expires today.",spam
"ATTENTION! Dear user, unusual activity detected. Confirm your password and PAN details here: http://account-upgrade-now.biz Failure to act may cause account closure.",spam
"NOTICE! Dear user, unusual activity detected. Confirm your password and PAN details here: http://secure-login-now.com",spam
IMPORTANT! Security alert: reset your email password immediately or your account will be deleted: http://reward-checker.info Failure to act may cause account closure.,spam
Please note: Please bring your ID card and laptop for the workshop in Zoom. Regards.,ham
Please note: Your order from Apex Motors has been shipped and will arrive in 2-3 business days.,ham
IMPORTANT! URGENT: Your Kotak Bank account will be blocked today. Verify now at http://reward-checker.info Offer expires today.,spam
Final warning: your LinkedIn wallet is suspended. Login now to avoid closure: http://verify-wallet-alert.org Respond immediately.,spam
Please note: Your OTP for login to Paytm is 626797. Do not share it with anyone. Please confirm.,ham
IMPORTANT! URGENT: Your Axis Bank account will be blocked today. Verify now at http://verify-wallet-alert.org Offer expires today.,spam
IMPORTANT! Your subscription renewal failed. Re-enter payment credentials now at http://fastclaim-bonus.net,spam
ALERT! Your parcel is on hold due to unpaid customs charge of ₹499. Pay now: http://account-upgrade-now.biz Offer expires today.,spam
ALERT! Update your UPI PIN now to avoid service suspension. Click here: http://freegift-portal.co Failure to act may cause account closure.,spam
"Hi team, We have updated the project tracker with the latest milestones and owners. Regards.",ham
Please note: Your package is out for delivery and should reach you by tonight. Regards.,ham
Please note: Please submit the signed document to the Marketing by Friday evening. Let me know if you have questions.,ham
NOTICE! You are selected for a cash prize of ₹999. Pay a small processing fee now to receive it. Failure to act may cause account closure.,spam
"Update: Hi David, please review the budget approval before Monday. Let me know if you have questions.",ham
NOTICE! URGENT: Your HDFC Bank account will be blocked today. Verify now at http://account-upgrade-now.biz Offer expires today.,spam
URGENT: Your SBI account will be blocked today. Verify now at http://verify-wallet-alert.org Failure to act may cause account closure.,spam
"Hi team, The interview with TechNova is confirmed for Monday at 6:15 PM.",ham
ALERT! Congratulations! You have won a free smartphone. Claim your reward immediately: http://account-upgrade-now.biz Offer expires today.,spam
Reminder: the meeting is scheduled in the seminar hall at 5:00 PM. Thank you.,ham
"Update: Thanks for your payment of ₹1,999. Your receipt has been generated successfully. Thank you.",ham
Update: Lunch with the client is fixed at 3:30 PM in the training room. Thank you.,ham
Thanks for your payment of $49. Your receipt has been generated successfully. Please confirm.,ham
Update: Can we reschedule our discussion to Saturday at 6:15 PM? Let me know if you have questions.,ham
"IMPORTANT! Your parcel is on hold due to unpaid customs charge of ₹1,999. Pay now: http://secure-login-now.com Failure to act may cause account closure.",spam
"Dear user, unusual activity detected. Confirm your password and PAN details here: http://secure-login-now.com Respond immediately.",spam
ALERT! Your parcel is on hold due to unpaid customs charge of $49. Pay now: http://account-upgrade-now.biz,spam
Update: Your OTP for login to Netflix is 624700. Do not share it with anyone. Thank you.,ham
"ATTENTION! Dear user, unusual activity detected. Confirm your password and PAN details here: http://fastclaim-bonus.net Respond immediately.",spam
"IMPORTANT! Dear user, unusual activity detected. Confirm your password and PAN details here: http://account-upgrade-now.biz",spam
IMPORTANT! Update your UPI PIN now to avoid service suspension. Click here: http://reward-checker.info Failure to act may cause account closure.,spam
ATTENTION! Your KYC is pending. Update Aadhaar and bank details immediately at http://account-upgrade-now.biz Offer expires today.,spam
FYI: Your leave request for Friday has been approved by Accounts. Regards.,ham
"Hello, This is a gentle reminder to complete the feedback form by Tuesday. Please confirm.",ham
"Hi team, Your leave request for Wednesday has been approved by Operations. Regards.",ham
Please note: The monthly salary for this cycle has been credited to your account. Thank you.,ham
Update: Your order from SparkGrid has been shipped and will arrive in 2-3 business days. Please confirm.,ham
ATTENTION! URGENT: Your Kotak Bank account will be blocked today. Verify now at http://secure-login-now.com,spam
Update: Reminder: the meeting is scheduled in the seminar hall at 3:30 PM. Please confirm.,ham
NOTICE! URGENT: Your Axis Bank account will be blocked today. Verify now at http://reward-checker.info,spam
"Please note: Team, attached is the latest shipment update for your comments. Please confirm.",ham
"Hi team, Lunch with the client is fixed at 6:15 PM in the library. Please confirm.",ham
"Hello, The class has been moved to lab 3 due to maintenance work. Thank you.",ham
"Hello, Your order from TechNova has been shipped and will arrive in 2-3 business days. Please confirm.",ham
"Hello, Thanks for your payment of ₹999. Your receipt has been generated successfully. Regards.",ham
ALERT! URGENT: Your SBI account will be blocked today. Verify now at http://secure-login-now.com Failure to act may cause account closure.,spam
NOTICE! Final warning: your Paytm wallet is suspended. Login now to avoid closure: http://secure-login-now.com Offer expires today.,spam
"Hello, Can we reschedule our discussion to Wednesday at 9:00 AM? Thank you.",ham
"Hello, Please bring your ID card and laptop for the workshop in library. Regards.",ham
"Your parcel is on hold due to unpaid customs charge of ₹4,999. Pay now: http://freegift-portal.co Failure to act may cause account closure.",spam
Final warning: your Google Pay wallet is suspended. Login now to avoid closure: http://freegift-portal.co Offer expires today.,spam
"Hi team, Team, attached is the latest client feedback for your comments.",ham
"Hello, Hi Rahul, please review the invoice review before Tuesday. Please confirm.",ham
"Hello, Your leave request for Tuesday has been approved by Marketing. Thank you.",ham
"Hello, The interview with QuickShip is confirmed for Wednesday at 10:30 AM. Let me know if you have questions.",ham
Your leave request for Tuesday has been approved by Support. Please confirm.,ham
Final warning: your Netflix wallet is suspended. Login now to avoid closure: http://verify-wallet-alert.org Failure to act may cause account closure.,spam
"Hi team, This is a gentle reminder to complete the feedback form by Wednesday. Thank you.",ham
Update: The class has been moved to conference room 2 due to maintenance work. Regards.,ham
The network issue has been resolved. Kindly reconnect and confirm access. Regards.,ham
Lunch with the client is fixed at 5:00 PM in the main office. Thank you.,ham
Your order from NexaSoft has been shipped and will arrive in 2-3 business days.,ham
"Hello, Can we reschedule our discussion to Wednesday at 5:00 PM? Thank you.",ham
ATTENTION! Congratulations! You have won a free smartphone. Claim your reward immediately: http://secure-login-now.com,spam
Please note: The class has been moved to Zoom due to maintenance work.,ham
"Hi team, Thanks for your payment of ₹4,999. Your receipt has been generated successfully.",ham
Please note: Reminder: the meeting is scheduled in the library at 9:00 AM.,ham
IMPORTANT! URGENT: Your SBI account will be blocked today. Verify now at http://verify-wallet-alert.org Respond immediately.,spam
ATTENTION! URGENT: Your HDFC Bank account will be blocked today. Verify now at http://reward-checker.info Failure to act may cause account closure.,spam
IMPORTANT! URGENT: Your Federal Bank account will be blocked today. Verify now at http://reward-checker.info Respond immediately.,spam
ALERT! Security alert: reset your email password immediately or your account will be deleted: http://secure-login-now.com Offer expires today.,spam
"Hello, The interview with CloudSync is confirmed for Tuesday at 2:00 PM. Thank you.",ham
ALERT! Final warning: your Flipkart wallet is suspended. Login now to avoid closure: http://secure-login-now.com Offer expires today.,spam
"Hello, This is a gentle reminder to complete the feedback form by Friday. Regards.",ham
FYI: Please submit the signed document to the Marketing by Monday evening. Let me know if you have questions.,ham
URGENT: Your HDFC Bank account will be blocked today. Verify now at http://fastclaim-bonus.net Respond immediately.,spam
Free Netflix premium for 12 months. Login with your card to activate today. Failure to act may cause account closure.,spam
FYI: Reminder: the meeting is scheduled in the lab 3 at 9:00 AM. Please confirm.,ham
NOTICE! Your KYC is pending. Update Aadhaar and bank details immediately at http://verify-wallet-alert.org Failure to act may cause account closure.,spam
FYI: Lunch with the client is fixed at 3:30 PM in the lab 3. Regards.,ham
Update: The interview with SparkGrid is confirmed for Saturday at 12:00 PM.,ham
Please note: This is a gentle reminder to complete the feedback form by Friday. Let me know if you have questions.,ham
"Please note: Hi Vikram, please review the budget approval before Tuesday. Thank you.",ham
"Dear user, unusual activity detected. Confirm your password and PAN details here: http://freegift-portal.co Respond immediately.",spam
IMPORTANT! Congratulations! You have won a free smartphone. Claim your reward immediately: http://freegift-portal.co Failure to act may cause account closure.,spam
IMPORTANT! Your parcel is on hold due to unpaid customs charge of $99. Pay now: http://secure-login-now.com,spam
"Hi team, Thanks for your payment of ₹4,999. Your receipt has been generated successfully. Let me know if you have questions.",ham
"Hello, Please submit the signed document to the HR by Friday evening.",ham
"Update: Hi Rahul, please review the project update before Wednesday. Let me know if you have questions.",ham
ALERT! Your parcel is on hold due to unpaid customs charge of $99. Pay now: http://secure-login-now.com,spam
"Hello, The class has been moved to conference room 2 due to maintenance work. Please confirm.",ham
Please bring your ID card and laptop for the workshop in main office. Thank you.,ham
Update: Thanks for your payment of $199. Your receipt has been generated successfully. Please confirm.,ham
Please note: Thanks for your payment of $49. Your receipt has been generated successfully. Thank you.,ham
NOTICE! URGENT: Your ICICI Bank account will be blocked today. Verify now at http://account-upgrade-now.biz Offer expires today.,spam
FYI: The network issue has been resolved. Kindly reconnect and confirm access. Thank you.,ham
NOTICE! You are selected for a cash prize of $199. Pay a small processing fee now to receive it. Offer expires today.,spam
FYI: Your leave request for Monday has been approved by Faculty Office. Regards.,ham
"IMPORTANT! Dear user, unusual activity detected. Confirm your password and PAN details here: http://verify-wallet-alert.org Offer expires today.",spam
NOTICE! Your subscription renewal failed. Re-enter payment credentials now at http://freegift-portal.co,spam
"IMPORTANT! Dear customer, we attempted to deliver your package. Confirm address and payment: http://fastclaim-bonus.net Offer expires today.",spam
"Hi team, The class has been moved to training room due to maintenance work.",ham
FYI: Thanks for your payment of $99. Your receipt has been generated successfully. Please confirm.,ham
NOTICE! Final warning: your Instagram wallet is suspended. Login now to avoid closure: http://verify-wallet-alert.org Respond immediately.,spam
ATTENTION! Congratulations! You have won a free smartphone. Claim your reward immediately: http://verify-wallet-alert.org,spam
Please note: Your leave request for Thursday has been approved by Marketing. Let me know if you have questions.,ham
Your package is out for delivery and should reach you by tonight.,ham
IMPORTANT! You are selected for a cash prize of $199. Pay a small processing fee now to receive it.,spam
ATTENTION! Winner! Your mobile number won lucky draw code UP-1118. Contact agent now to collect prize. Offer expires today.,spam
NOTICE! Your parcel is on hold due to unpaid customs charge of ₹999. Pay now: http://freegift-portal.co,spam
"FYI: Hi John, please review the shipment update before Tuesday. Thank you.",ham
IMPORTANT! Final warning: your Flipkart wallet is suspended. Login now to avoid closure: http://fastclaim-bonus.net Respond immediately.,spam
NOTICE! Final warning: your Netflix wallet is suspended. Login now to avoid closure: http://secure-login-now.com Failure to act may cause account closure.,spam
ALERT! Winner! Your mobile number won lucky draw code HR-7710. Contact agent now to collect prize. Respond immediately.,spam
IMPORTANT! Winner! Your mobile number won lucky draw code TR-9045. Contact agent now to collect prize. Respond immediately.,spam
IMPORTANT! Winner! Your mobile number won lucky draw code UP-1118. Contact agent now to collect prize. Failure to act may cause account closure.,spam
"Hello, Please bring your ID card and laptop for the workshop in main office. Regards.",ham
FYI: Your order from BrightEdge has been shipped and will arrive in 2-3 business days. Let me know if you have questions.,ham
FYI: Your package is out for delivery and should reach you by tonight. Regards.,ham
IMPORTANT! URGENT: Your SBI account will be blocked today. Verify now at http://account-upgrade-now.biz Offer expires today.,spam
"Hello, Team, attached is the latest project update for your comments. Let me know if you have questions.",ham
Update: Please submit the signed document to the Operations by Tuesday evening. Regards.,ham
Update: Your leave request for Tuesday has been approved by Operations. Regards.,ham
"Hi team, Hi Daniel, please review the lab schedule before Thursday. Regards.",ham
Please note: Your leave request for Monday has been approved by HR. Regards.,ham
Please note: Your OTP for login to Instagram is 587291. Do not share it with anyone. Please confirm.,ham
"Hello, Your OTP for login to Amazon is 447828. Do not share it with anyone.",ham
"Hello, Kindly find the attached notes for today's lecture and next week's plan. Let me know if you have questions.",ham
Security alert: reset your email password immediately or your account will be deleted: http://reward-checker.info Offer expires today.,spam
"Hi team, The class has been moved to main office due to maintenance work. Please confirm.",ham
"FYI: Hi David, please review the budget approval before Wednesday. Regards.",ham
ATTENTION! URGENT: Your ICICI Bank account will be blocked today. Verify now at http://account-upgrade-now.biz Respond immediately.,spam
"Hi team, Lunch with the client is fixed at 6:15 PM in the training room. Let me know if you have questions.",ham
"Hello, Lunch with the client is fixed at 9:00 AM in the library.",ham
IMPORTANT! Your parcel is on hold due to unpaid customs charge of $199. Pay now: http://secure-login-now.com Failure to act may cause account closure.,spam
Your order from CloudSync has been shipped and will arrive in 2-3 business days. Please confirm.,ham
FYI: Your OTP for login to Paytm is 911244. Do not share it with anyone. Regards.,ham
"You are selected for a cash prize of ₹4,999. Pay a small processing fee now to receive it. Respond immediately.",spam
ATTENTION! Final warning: your PhonePe wallet is suspended. Login now to avoid closure: http://secure-login-now.com Respond immediately.,spam
NOTICE! Final warning: your Instagram wallet is suspended. Login now to avoid closure: http://account-upgrade-now.biz Offer expires today.,spam
URGENT: Your ICICI Bank account will be blocked today. Verify now at http://secure-login-now.com,spam
Reminder: the meeting is scheduled in the library at 6:15 PM. Please confirm.,ham
"Update: Hi Sam, please review the budget approval before Thursday. Let me know if you have questions.",ham
"NOTICE! Your parcel is on hold due to unpaid customs charge of ₹4,999. Pay now: http://freegift-portal.co Offer expires today.",spam
Update your UPI PIN now to avoid service suspension. Click here: http://account-upgrade-now.biz Offer expires today.,spam
"Hello, Your OTP for login to LinkedIn is 779885. Do not share it with anyone.",ham
"ATTENTION! Dear user, unusual activity detected. Confirm your password and PAN details here: http://freegift-portal.co Respond immediately.",spam
Please note: Your leave request for Tuesday has been approved by HR. Let me know if you have questions.,ham
NOTICE! Your parcel is on hold due to unpaid customs charge of ₹999. Pay now: http://account-upgrade-now.biz Offer expires today.,spam
Final warning: your Paytm wallet is suspended. Login now to avoid closure: http://reward-checker.info Failure to act may cause account closure.,spam
ATTENTION! Final warning: your Amazon wallet is suspended. Login now to avoid closure: http://reward-checker.info,spam
FYI: Please submit the signed document to the Marketing by Tuesday evening. Let me know if you have questions.,ham
Final warning: your Google Pay wallet is suspended. Login now to avoid closure: http://secure-login-now.com Respond immediately.,spam
ALERT! Your subscription renewal failed. Re-enter payment credentials now at http://account-upgrade-now.biz Offer expires today.,spam
ATTENTION! Your parcel is on hold due to unpaid customs charge of ₹999. Pay now: http://freegift-portal.co,spam
ALERT! Your tax refund is ready. Confirm account number and CVV to receive the amount. Offer expires today.,spam
The interview with UrbanMart is confirmed for Friday at 10:30 AM. Regards.,ham
"FYI: Hi Riya, please review the budget approval before Friday.",ham
IMPORTANT! URGENT: Your HDFC Bank account will be blocked today. Verify now at http://account-upgrade-now.biz Failure to act may cause account closure.,spam
Please note: Your OTP for login to PhonePe is 794083. Do not share it with anyone. Please confirm.,ham
Your subscription renewal failed. Re-enter payment credentials now at http://reward-checker.info Respond immediately.,spam
Please note: Lunch with the client is fixed at 12:00 PM in the lab 3. Let me know if you have questions.,ham
Final warning: your Netflix wallet is suspended. Login now to avoid closure: http://fastclaim-bonus.net,spam
Security alert: reset your email password immediately or your account will be deleted: http://secure-login-now.com Respond immediately.,spam
"Team, attached is the latest shipment update for your comments. Please confirm.",ham
FYI: Can we reschedule our discussion to Tuesday at 9:00 AM? Let me know if you have questions.,ham
NOTICE! Your parcel is on hold due to unpaid customs charge of ₹499. Pay now: http://account-upgrade-now.biz Offer expires today.,spam
ALERT! URGENT: Your ICICI Bank account will be blocked today. Verify now at http://reward-checker.info Respond immediately.,spam
ALERT! Security alert: reset your email password immediately or your account will be deleted: http://freegift-portal.co Offer expires today.,spam
ATTENTION! Winner! Your mobile number won lucky draw code UP-1118. Contact agent now to collect prize. Respond immediately.,spam
Congratulations! You have won a free smartphone. Claim your reward immediately: http://fastclaim-bonus.net,spam
FYI: Your order from GreenLeaf has been shipped and will arrive in 2-3 business days. Regards.,ham
ATTENTION! Act now: your job application has been shortlisted. Pay registration fees to complete hiring. Respond immediately.,spam
"Please note: Hi Priya, please review the assignment reminder before Tuesday. Regards.",ham
NOTICE! Your KYC is pending. Update Aadhaar and bank details immediately at http://verify-wallet-alert.org Offer expires today.,spam
IMPORTANT! Your parcel is on hold due to unpaid customs charge of $49. Pay now: http://account-upgrade-now.biz Respond immediately.,spam
"FYI: Hi Daniel, please review the attendance list before Friday.",ham
"Team, attached is the latest attendance list for your comments. Let me know if you have questions.",ham
IMPORTANT! You have been pre-approved for an instant loan. Share OTP and card details to proceed. Failure to act may cause account closure.,spam
The interview with Horizon Labs is confirmed for Tuesday at 9:00 AM. Let me know if you have questions.,ham
URGENT: Your Kotak Bank account will be blocked today. Verify now at http://freegift-portal.co Offer expires today.,spam
Your parcel is on hold due to unpaid customs charge of ₹499. Pay now: http://reward-checker.info Offer expires today.,spam
NOTICE! You are selected for a cash prize of $99. Pay a small processing fee now to receive it.,spam
FYI: Your order from QuickShip has been shipped and will arrive in 2-3 business days. Please confirm.,ham
ATTENTION! Final warning: your LinkedIn wallet is suspended. Login now to avoid closure: http://fastclaim-bonus.net,spam
Update: Your OTP for login to LinkedIn is 519689. Do not share it with anyone. Thank you.,ham
ALERT! Final warning: your LinkedIn wallet is suspended. Login now to avoid closure: http://verify-wallet-alert.org Offer expires today.,spam
ATTENTION! URGENT: Your HDFC Bank account will be blocked today. Verify now at http://fastclaim-bonus.net,spam
Please note: The class has been moved to conference room 2 due to maintenance work. Thank you.,ham
"Hi team, Team, attached is the latest budget approval for your comments. Thank you.",ham
Please note: Can we reschedule our discussion to Friday at 2:00 PM? Regards.,ham
"Hello, Kindly find the attached notes for today's lecture and next week's plan.",ham
FYI: Lunch with the client is fixed at 10:30 AM in the Zoom. Let me know if you have questions.,ham
FYI: Lunch with the client is fixed at 9:00 AM in the seminar hall. Thank you.,ham
ATTENTION! This is the final notice from SBI. Submit credentials immediately to prevent permanent freeze.,spam
Please note: Your leave request for Friday has been approved by IT.,ham
ATTENTION! Your parcel is on hold due to unpaid customs charge of ₹499. Pay now: http://fastclaim-bonus.net Respond immediately.,spam
NOTICE! URGENT: Your Federal Bank account will be blocked today. Verify now at http://verify-wallet-alert.org Failure to act may cause account closure.,spam
NOTICE! Final warning: your PhonePe wallet is suspended. Login now to avoid closure: http://freegift-portal.co Failure to act may cause account closure.,spam
ATTENTION! Security alert: reset your email password immediately or your account will be deleted: http://secure-login-now.com,spam
"Hi team, Please submit the signed document to the Support by Saturday evening. Let me know if you have questions.",ham
Your parcel is on hold due to unpaid customs charge of $49. Pay now: http://secure-login-now.com Respond immediately.,spam
IMPORTANT! Winner! Your mobile number won lucky draw code IN-5602. Contact agent now to collect prize. Failure to act may cause account closure.,spam
"ALERT! Dear customer, we attempted to deliver your package. Confirm address and payment: http://account-upgrade-now.biz Failure to act may cause account closure.",spam
ALERT! Security alert: reset your email password immediately or your account will be deleted: http://account-upgrade-now.biz Failure to act may cause account closure.,spam
FYI: Your leave request for Monday has been approved by Admin. Thank you.,ham
Please note: Lunch with the client is fixed at 12:00 PM in the main office. Regards.,ham
"Hi David, please review the assignment reminder before Tuesday. Please confirm.",ham
ALERT! Winner! Your mobile number won lucky draw code NV-4207. Contact agent now to collect prize.,spam
Please note: Can we reschedule our discussion to Thursday at 3:30 PM?,ham
"NOTICE! Your parcel is on hold due to unpaid customs charge of ₹4,999. Pay now: http://freegift-portal.co",spam
ATTENTION! Your KYC is pending. Update Aadhaar and bank details immediately at http://reward-checker.info,spam
Please note: The interview with QuickShip is confirmed for Saturday at 10:30 AM.,ham
Update: The interview with BluePeak is confirmed for Friday at 10:30 AM. Please confirm.,ham
"ATTENTION! Dear user, unusual activity detected. Confirm your password and PAN details here: http://fastclaim-bonus.net Failure to act may cause account closure.",spam
Your parcel is on hold due to unpaid customs charge of ₹999. Pay now: http://secure-login-now.com Offer expires today.,spam
"Hi team, Please submit the signed document to the Admin by Monday evening.",ham
NOTICE! Final warning: your Netflix wallet is suspended. Login now to avoid closure: http://reward-checker.info Offer expires today.,spam
"Hello, Hi John, please review the assignment reminder before Friday. Regards.",ham
ATTENTION! You are selected for a cash prize of ₹499. Pay a small processing fee now to receive it.,spam
ATTENTION! Final warning: your Paytm wallet is suspended. Login now to avoid closure: http://account-upgrade-now.biz Offer expires today.,spam
"Hi team, Your leave request for Monday has been approved by HR. Please confirm.",ham
ALERT! Your parcel is on hold due to unpaid customs charge of $199. Pay now: http://freegift-portal.co Offer expires today.,spam
FYI: Your leave request for Friday has been approved by HR. Thank you.,ham
ALERT! Final warning: your PhonePe wallet is suspended. Login now to avoid closure: http://verify-wallet-alert.org Respond immediately.,spam
Please note: Your OTP for login to Instagram is 506087. Do not share it with anyone. Please confirm.,ham
ALERT! URGENT: Your Federal Bank account will be blocked today. Verify now at http://reward-checker.info,spam
"Hello, Can we reschedule our discussion to Wednesday at 3:30 PM? Regards.",ham
ATTENTION! Your parcel is on hold due to unpaid customs charge of ₹499. Pay now: http://reward-checker.info Failure to act may cause account closure.,spam
ALERT! This is the final notice from Federal Bank. Submit credentials immediately to prevent permanent freeze. Offer expires today.,spam
"Hello, The interview with BluePeak is confirmed for Thursday at 9:00 AM. Let me know if you have questions.",ham
You are selected for a cash prize of $49. Pay a small processing fee now to receive it. Failure to act may cause account closure.,spam
IMPORTANT! Your KYC is pending. Update Aadhaar and bank details immediately at http://freegift-portal.co Respond immediately.,spam
Update: This is a gentle reminder to complete the feedback form by Monday. Let me know if you have questions.,ham
"IMPORTANT! Dear customer, we attempted to deliver your package. Confirm address and payment: http://freegift-portal.co Failure to act may cause account closure.",spam
NOTICE! Congratulations! You have won a free smartphone. Claim your reward immediately: http://account-upgrade-now.biz Failure to act may cause account closure.,spam
ALERT! URGENT: Your SBI account will be blocked today. Verify now at http://reward-checker.info Offer expires today.,spam
Please note: Thanks for your payment of ₹999. Your receipt has been generated successfully. Please confirm.,ham
"ATTENTION! Dear user, unusual activity detected. Confirm your password and PAN details here: http://account-upgrade-now.biz Offer expires today.",spam
Can we reschedule our discussion to Thursday at 3:30 PM? Regards.,ham
"Hi team, Your OTP for login to Amazon is 620477. Do not share it with anyone. Regards.",ham
Final warning: your PhonePe wallet is suspended. Login now to avoid closure: http://freegift-portal.co,spam
This is the final notice from HDFC Bank. Submit credentials immediately to prevent permanent freeze. Respond immediately.,spam
"FYI: Team, attached is the latest budget approval for your comments. Regards.",ham
"IMPORTANT! Dear user, unusual activity detected. Confirm your password and PAN details here: http://secure-login-now.com",spam
ATTENTION! Final warning: your LinkedIn wallet is suspended. Login now to avoid closure: http://freegift-portal.co Failure to act may cause account closure.,spam
IMPORTANT! Get rich fast! Earn guaranteed daily income from home. Limited slots left. Join now.,spam
"Hello, Please submit the signed document to the Operations by Friday evening. Regards.",ham
NOTICE! Congratulations! You have won a free smartphone. Claim your reward immediately: http://verify-wallet-alert.org Offer expires today.,spam
Please note: Your OTP for login to LinkedIn is 215248. Do not share it with anyone. Regards.,ham
ATTENTION! URGENT: Your SBI account will be blocked today. Verify now at http://reward-checker.info Offer expires today.,spam
NOTICE! Final warning: your PhonePe wallet is suspended. Login now to avoid closure: http://freegift-portal.co,spam
Congratulations! You have won a free smartphone. Claim your reward immediately: http://secure-login-now.com,spam
URGENT: Your Kotak Bank account will be blocked today. Verify now at http://freegift-portal.co Respond immediately.,spam
Lunch with the client is fixed at 9:00 AM in the conference room 2. Thank you.,ham
Please note: Can we reschedule our discussion to Wednesday at 6:15 PM? Please confirm.,ham
ALERT! URGENT: Your Kotak Bank account will be blocked today. Verify now at http://freegift-portal.co Failure to act may cause account closure.,spam
ATTENTION! Your parcel is on hold due to unpaid customs charge of $49. Pay now: http://verify-wallet-alert.org,spam
Update: Can we reschedule our discussion to Thursday at 2:00 PM? Thank you.,ham
ATTENTION! Your parcel is on hold due to unpaid customs charge of $49. Pay now: http://fastclaim-bonus.net Offer expires today.,spam
"Hi team, Lunch with the client is fixed at 3:30 PM in the main office. Please confirm.",ham
Update: Please bring your ID card and laptop for the workshop in conference room 2. Thank you.,ham
"Hi team, The interview with GreenLeaf is confirmed for Saturday at 6:15 PM. Thank you.",ham
Final warning: your Google Pay wallet is suspended. Login now to avoid closure: http://reward-checker.info,spam
"NOTICE! Dear customer, we attempted to deliver your package. Confirm address and payment: http://freegift-portal.co Respond immediately.",spam
NOTICE! URGENT: Your ICICI Bank account will be blocked today. Verify now at http://account-upgrade-now.biz Failure to act may cause account closure.,spam
"Hi team, Please submit the signed document to the Faculty Office by Tuesday evening.",ham
IMPORTANT! Free Netflix premium for 12 months. Login with your card to activate today.,spam
"Hi team, The interview with BrightEdge is confirmed for Saturday at 12:00 PM. Let me know if you have questions.",ham
FYI: Your order from Apex Motors has been shipped and will arrive in 2-3 business days.,ham
FYI: Please bring your ID card and laptop for the workshop in conference room 2. Please confirm.,ham
"ALERT! Your parcel is on hold due to unpaid customs charge of ₹4,999. Pay now: http://fastclaim-bonus.net Offer expires today.",spam
NOTICE! Winner! Your mobile number won lucky draw code UP-1118. Contact agent now to collect prize. Offer expires today.,spam
NOTICE! Security alert: reset your email password immediately or your account will be deleted: http://fastclaim-bonus.net Offer expires today.,spam
NOTICE! Congratulations! You have won a free smartphone. Claim your reward immediately: http://reward-checker.info Offer expires today.,spam
"FYI: Hi David, please review the budget approval before Friday. Regards.",ham
IMPORTANT! Winner! Your mobile number won lucky draw code NV-4207. Contact agent now to collect prize. Offer expires today.,spam
"Your parcel is on hold due to unpaid customs charge of ₹1,999. Pay now: http://fastclaim-bonus.net Failure to act may cause account closure.",spam
ATTENTION! URGENT: Your Federal Bank account will be blocked today. Verify now at http://account-upgrade-now.biz Respond immediately.,spam
IMPORTANT! Your subscription renewal failed. Re-enter payment credentials now at http://secure-login-now.com Offer expires today.,spam
IMPORTANT! Final warning: your PhonePe wallet is suspended. Login now to avoid closure: http://reward-checker.info,spam
"IMPORTANT! Dear user, unusual activity detected. Confirm your password and PAN details here: http://account-upgrade-now.biz Offer expires today.",spam
NOTICE! Final warning: your Google Pay wallet is suspended. Login now to avoid closure: http://fastclaim-bonus.net Offer expires today.,spam
FYI: The class has been moved to seminar hall due to maintenance work. Regards.,ham
NOTICE! URGENT: Your Kotak Bank account will be blocked today. Verify now at http://secure-login-now.com Offer expires today.,spam
ALERT! Final warning: your Google Pay wallet is suspended. Login now to avoid closure: http://verify-wallet-alert.org Failure to act may cause account closure.,spam
Update: Please submit the signed document to the HR by Friday evening. Please confirm.,ham
FYI: Your OTP for login to Netflix is 416722. Do not share it with anyone. Thank you.,ham
"Hello, The interview with FinTrust is confirmed for Saturday at 3:30 PM. Regards.",ham
"IMPORTANT! Your parcel is on hold due to unpaid customs charge of ₹1,999. Pay now: http://reward-checker.info Failure to act may cause account closure.",spam
"Hi team, The interview with Apex Motors is confirmed for Tuesday at 3:30 PM. Regards.",ham
"IMPORTANT! Your parcel is on hold due to unpaid customs charge of ₹4,999. Pay now: http://fastclaim-bonus.net Respond immediately.",spam
"IMPORTANT! Dear user, unusual activity detected. Confirm your password and PAN details here: http://freegift-portal.co",spam
"IMPORTANT! Your parcel is on hold due to unpaid customs charge of ₹4,999. Pay now: http://verify-wallet-alert.org",spam
FYI: Please submit the signed document to the HR by Thursday evening. Let me know if you have questions.,ham
"Hi team, Your leave request for Monday has been approved by Faculty Office. Let me know if you have questions.",ham
IMPORTANT! Your parcel is on hold due to unpaid customs charge of $199. Pay now: http://verify-wallet-alert.org Failure to act may cause account closure.,spam
Please note: Please submit the signed document to the Marketing by Friday evening. Thank you.,ham
IMPORTANT! Your subscription renewal failed. Re-enter payment credentials now at http://reward-checker.info Offer expires today.,spam
ATTENTION! Update your UPI PIN now to avoid service suspension. Click here: http://fastclaim-bonus.net Failure to act may cause account closure.,spam
Update: This is a gentle reminder to complete the feedback form by Tuesday. Thank you.,ham
NOTICE! URGENT: Your SBI account will be blocked today. Verify now at http://freegift-portal.co Respond immediately.,spam
"Hello, The interview with NexaSoft is confirmed for Saturday at 5:00 PM. Let me know if you have questions.",ham
Please note: Please bring your ID card and laptop for the workshop in training room. Regards.,ham
ATTENTION! Update your UPI PIN now to avoid service suspension. Click here: http://freegift-portal.co,spam
IMPORTANT! Winner! Your mobile number won lucky draw code UP-1118. Contact agent now to collect prize. Respond immediately.,spam
Please note: We have updated the project tracker with the latest milestones and owners. Please confirm.,ham
NOTICE! Update your UPI PIN now to avoid service suspension. Click here: http://freegift-portal.co,spam
Please note: Please bring your ID card and laptop for the workshop in seminar hall.,ham
Update: The interview with Infosphere is confirmed for Friday at 9:00 AM. Please confirm.,ham
Please note: Your OTP for login to Instagram is 914992. Do not share it with anyone. Let me know if you have questions.,ham
"Hi team, Your leave request for Monday has been approved by Faculty Office. Please confirm.",ham
Update: Can we reschedule our discussion to Wednesday at 9:00 AM? Regards.,ham
ATTENTION! URGENT: Your Axis Bank account will be blocked today. Verify now at http://fastclaim-bonus.net Failure to act may cause account closure.,spam
"Hello, Hi Olivia, please review the invoice review before Tuesday.",ham
FYI: Lunch with the client is fixed at 12:00 PM in the training room. Regards.,ham
"NOTICE! Dear user, unusual activity detected. Confirm your password and PAN details here: http://fastclaim-bonus.net Respond immediately.",spam
"Team, attached is the latest shipment update for your comments. Thank you.",ham
Final warning: your Amazon wallet is suspended. Login now to avoid closure: http://verify-wallet-alert.org,spam
Update: Reminder: the meeting is scheduled in the main office at 12:00 PM. Thank you.,ham
Update: Please submit the signed document to the Admin by Monday evening. Thank you.,ham
"Hello, Team, attached is the latest weekly report for your comments.",ham
ALERT! URGENT: Your HDFC Bank account will be blocked today. Verify now at http://account-upgrade-now.biz Failure to act may cause account closure.,spam
Your KYC is pending. Update Aadhaar and bank details immediately at http://secure-login-now.com Respond immediately.,spam
Update: Please submit the signed document to the Support by Saturday evening.,ham
ALERT! Final warning: your Paytm wallet is suspended. Login now to avoid closure: http://reward-checker.info Offer expires today.,spam
"Dear customer, we attempted to deliver your package. Confirm address and payment: http://freegift-portal.co",spam
IMPORTANT! You are selected for a cash prize of $99. Pay a small processing fee now to receive it. Offer expires today.,spam
"Hi team, Please submit the signed document to the Marketing by Monday evening. Regards.",ham
FYI: Please bring your ID card and laptop for the workshop in training room. Let me know if you have questions.,ham
"Hi team, The monthly salary for this cycle has been credited to your account. Thank you.",ham
ALERT! Security alert: reset your email password immediately or your account will be deleted: http://secure-login-now.com Failure to act may cause account closure.,spam
Your subscription renewal failed. Re-enter payment credentials now at http://account-upgrade-now.biz,spam
Update: Please bring your ID card and laptop for the workshop in training room.,ham
IMPORTANT! Your KYC is pending. Update Aadhaar and bank details immediately at http://reward-checker.info Offer expires today.,spam
"ATTENTION! Dear customer, we attempted to deliver your package. Confirm address and payment: http://verify-wallet-alert.org Respond immediately.",spam
"Hi team, Your leave request for Friday has been approved by HR. Please confirm.",ham
NOTICE! Security alert: reset your email password immediately or your account will be deleted: http://secure-login-now.com Offer expires today.,spam
"Hello, Hi John, please review the assignment reminder before Wednesday.",ham
IMPORTANT! Winner! Your mobile number won lucky draw code HR-7710. Contact agent now to collect prize. Failure to act may cause account closure.,spam
"Dear user, unusual activity detected. Confirm your password and PAN details here: http://freegift-portal.co",spam
Update: The interview with BluePeak is confirmed for Wednesday at 3:30 PM. Thank you.,ham
ALERT! URGENT: Your SBI account will be blocked today. Verify now at http://account-upgrade-now.biz,spam
"IMPORTANT! Your parcel is on hold due to unpaid customs charge of ₹4,999. Pay now: http://fastclaim-bonus.net",spam
NOTICE! This is the final notice from ICICI Bank. Submit credentials immediately to prevent permanent freeze. Offer expires today.,spam
"Hello, The interview with WorkHub is confirmed for Tuesday at 3:30 PM. Regards.",ham
ALERT! Security alert: reset your email password immediately or your account will be deleted: http://freegift-portal.co,spam
NOTICE! This is the final notice from Kotak Bank. Submit credentials immediately to prevent permanent freeze. Offer expires today.,spam
Please note: This is a gentle reminder to complete the feedback form by Thursday. Regards.,ham
"Hello, This is a gentle reminder to complete the feedback form by Thursday.",ham
IMPORTANT! Your KYC is pending. Update Aadhaar and bank details immediately at http://verify-wallet-alert.org Respond immediately.,spam
"ALERT! Your parcel is on hold due to unpaid customs charge of ₹1,999. Pay now: http://verify-wallet-alert.org Offer expires today.",spam
NOTICE! You have been pre-approved for an instant loan. Share OTP and card details to proceed. Failure to act may cause account closure.,spam
The interview with Infosphere is confirmed for Tuesday at 3:30 PM. Please confirm.,ham
Lunch with the client is fixed at 3:30 PM in the seminar hall. Let me know if you have questions.,ham
"ALERT! Dear customer, we attempted to deliver your package. Confirm address and payment: http://freegift-portal.co",spam
IMPORTANT! Security alert: reset your email password immediately or your account will be deleted: http://fastclaim-bonus.net Offer expires today.,spam
"Hello, Please submit the signed document to the HR by Tuesday evening. Let me know if you have questions.",ham
ALERT! Your parcel is on hold due to unpaid customs charge of ₹499. Pay now: http://verify-wallet-alert.org,spam
IMPORTANT! Final warning: your Google Pay wallet is suspended. Login now to avoid closure: http://secure-login-now.com Failure to act may cause account closure.,spam
URGENT: Your Kotak Bank account will be blocked today. Verify now at http://account-upgrade-now.biz Offer expires today.,spam
ALERT! URGENT: Your ICICI Bank account will be blocked today. Verify now at http://account-upgrade-now.biz,spam
"Hi team, Hi Aarav, please review the weekly report before Monday. Let me know if you have questions.",ham
Your leave request for Friday has been approved by IT. Thank you.,ham
ATTENTION! This is the final notice from Kotak Bank. Submit credentials immediately to prevent permanent freeze. Respond immediately.,spam
"Hello, Team, attached is the latest attendance list for your comments. Please confirm.",ham
Please note: The class has been moved to library due to maintenance work. Regards.,ham
FYI: Your OTP for login to Flipkart is 208422. Do not share it with anyone.,ham
ALERT! Your parcel is on hold due to unpaid customs charge of ₹999. Pay now: http://reward-checker.info,spam
"FYI: Hi Aditya, please review the client feedback before Tuesday. Please confirm.",ham
URGENT: Your Axis Bank account will be blocked today. Verify now at http://freegift-portal.co,spam
IMPORTANT! Final warning: your Paytm wallet is suspended. Login now to avoid closure: http://freegift-portal.co Failure to act may cause account closure.,spam
"Hello, Team, attached is the latest shipment update for your comments. Thank you.",ham
"IMPORTANT! Your parcel is on hold due to unpaid customs charge of ₹4,999. Pay now: http://account-upgrade-now.biz",spam
"Hi team, Reminder: the meeting is scheduled in the seminar hall at 6:15 PM. Please confirm.",ham
NOTICE! URGENT: Your ICICI Bank account will be blocked today. Verify now at http://secure-login-now.com Respond immediately.,spam
Update: Your leave request for Wednesday has been approved by Faculty Office. Let me know if you have questions.,ham
NOTICE! URGENT: Your Federal Bank account will be blocked today. Verify now at http://fastclaim-bonus.net,spam
Update: Reminder: the meeting is scheduled in the conference room 2 at 10:30 AM. Thank you.,ham
Your KYC is pending. Update Aadhaar and bank details immediately at http://account-upgrade-now.biz,spam
"Hello, Thanks for your payment of ₹1,999. Your receipt has been generated successfully. Let me know if you have questions.",ham
Update: Lunch with the client is fixed at 2:00 PM in the conference room 2. Regards.,ham
"Hi team, Thanks for your payment of ₹499. Your receipt has been generated successfully.",ham
Please note: Lunch with the client is fixed at 6:15 PM in the conference room 2. Regards.,ham
IMPORTANT! Security alert: reset your email password immediately or your account will be deleted: http://reward-checker.info Respond immediately.,spam
NOTICE! Final warning: your Paytm wallet is suspended. Login now to avoid closure: http://reward-checker.info Failure to act may cause account closure.,spam
"FYI: Hi Sophia, please review the invoice review before Wednesday. Thank you.",ham
Your parcel is on hold due to unpaid customs charge of ₹999. Pay now: http://account-upgrade-now.biz Failure to act may cause account closure.,spam
ALERT! URGENT: Your Axis Bank account will be blocked today. Verify now at http://freegift-portal.co,spam
Your OTP for login to Netflix is 714867. Do not share it with anyone. Thank you.,ham
Please note: Please submit the signed document to the IT by Thursday evening.,ham
The interview with FinTrust is confirmed for Thursday at 10:30 AM. Please confirm.,ham
FYI: The class has been moved to training room due to maintenance work.,ham
"ATTENTION! Dear user, unusual activity detected. Confirm your password and PAN details here: http://freegift-portal.co Failure to act may cause account closure.",spam
FYI: Please submit the signed document to the Marketing by Monday evening. Thank you.,ham
Please note: Your leave request for Friday has been approved by Admin. Please confirm.,ham
NOTICE! Your KYC is pending. Update Aadhaar and bank details immediately at http://account-upgrade-now.biz Offer expires today.,spam
"FYI: Team, attached is the latest weekly report for your comments. Please confirm.",ham
FYI: The interview with BluePeak is confirmed for Tuesday at 10:30 AM. Thank you.,ham
NOTICE! Your subscription renewal failed. Re-enter payment credentials now at http://freegift-portal.co Respond immediately.,spam
ATTENTION! Congratulations! You have won a free smartphone. Claim your reward immediately: http://account-upgrade-now.biz Offer expires today.,spam
"Hi team, We have updated the project tracker with the latest milestones and owners. Let me know if you have questions.",ham
NOTICE! Your parcel is on hold due to unpaid customs charge of ₹999. Pay now: http://verify-wallet-alert.org Respond immediately.,spam
This is a gentle reminder to complete the feedback form by Wednesday. Please confirm.,ham
Please note: Reminder: the meeting is scheduled in the Zoom at 12:00 PM. Let me know if you have questions.,ham
ATTENTION! Final warning: your PhonePe wallet is suspended. Login now to avoid closure: http://account-upgrade-now.biz Offer expires today.,spam
"Hello, Please submit the signed document to the Operations by Wednesday evening. Let me know if you have questions.",ham
"Dear customer, we attempted to deliver your package. Confirm address and payment: http://reward-checker.info Failure to act may cause account closure.",spam
ALERT! URGENT: Your Axis Bank account will be blocked today. Verify now at http://account-upgrade-now.biz,spam
Update: Reminder: the meeting is scheduled in the conference room 2 at 9:00 AM. Please confirm.,ham
ALERT! You are selected for a cash prize of $99. Pay a small processing fee now to receive it. Respond immediately.,spam
IMPORTANT! Final warning: your Flipkart wallet is suspended. Login now to avoid closure: http://freegift-portal.co Offer expires today.,spam
Please note: This is a gentle reminder to complete the feedback form by Tuesday. Please confirm.,ham
Please note: The interview with Infosphere is confirmed for Saturday at 3:30 PM. Let me know if you have questions.,ham
"Dear customer, we attempted to deliver your package. Confirm address and payment: http://secure-login-now.com Respond immediately.",spam
Please note: The interview with GreenLeaf is confirmed for Saturday at 12:00 PM. Regards.,ham
FYI: The interview with BluePeak is confirmed for Thursday at 9:00 AM. Regards.,ham
FYI: Your leave request for Tuesday has been approved by Admin. Regards.,ham
Please note: Your leave request for Wednesday has been approved by HR. Regards.,ham
"Hi team, Reminder: the meeting is scheduled in the main office at 5:00 PM. Regards.",ham
"IMPORTANT! Dear customer, we attempted to deliver your package. Confirm address and payment: http://account-upgrade-now.biz Respond immediately.",spam
"Hello, This is a gentle reminder to complete the feedback form by Wednesday. Thank you.",ham
IMPORTANT! Update your UPI PIN now to avoid service suspension. Click here: http://verify-wallet-alert.org Offer expires today.,spam
NOTICE! Final warning: your LinkedIn wallet is suspended. Login now to avoid closure: http://freegift-portal.co,spam
Your leave request for Monday has been approved by Admin. Please confirm.,ham
"Hello, Please submit the signed document to the IT by Thursday evening. Regards.",ham
"Hi team, Your leave request for Monday has been approved by HR. Regards.",ham
Final warning: your Paytm wallet is suspended. Login now to avoid closure: http://fastclaim-bonus.net,spam
"IMPORTANT! Dear customer, we attempted to deliver your package. Confirm address and payment: http://secure-login-now.com Failure to act may cause account closure.",spam
ALERT! Winner! Your mobile number won lucky draw code IN-5602. Contact agent now to collect prize. Respond immediately.,spam
ATTENTION! You are selected for a cash prize of ₹499. Pay a small processing fee now to receive it. Respond immediately.,spam
ALERT! Your parcel is on hold due to unpaid customs charge of $99. Pay now: http://account-upgrade-now.biz Failure to act may cause account closure.,spam
Please note: Your leave request for Friday has been approved by Support. Thank you.,ham
ATTENTION! URGENT: Your Kotak Bank account will be blocked today. Verify now at http://verify-wallet-alert.org Respond immediately.,spam
FYI: We received your application and will update you after the screening process. Thank you.,ham
IMPORTANT! Winner! Your mobile number won lucky draw code TR-9045. Contact agent now to collect prize. Offer expires today.,spam
ATTENTION! Final warning: your Paytm wallet is suspended. Login now to avoid closure: http://fastclaim-bonus.net Failure to act may cause account closure.,spam
NOTICE! Your parcel is on hold due to unpaid customs charge of ₹999. Pay now: http://reward-checker.info Failure to act may cause account closure.,spam
ALERT! Congratulations! You have won a free smartphone. Claim your reward immediately: http://reward-checker.info Respond immediately.,spam
"Hello, Your OTP for login to Flipkart is 693393. Do not share it with anyone. Let me know if you have questions.",ham
"Team, attached is the latest project update for your comments. Regards.",ham
IMPORTANT! URGENT: Your ICICI Bank account will be blocked today. Verify now at http://secure-login-now.com Offer expires today.,spam
"FYI: Team, attached is the latest project update for your comments. Let me know if you have questions.",ham
Please note: The class has been moved to lab 3 due to maintenance work. Regards.,ham
NOTICE! URGENT: Your HDFC Bank account will be blocked today. Verify now at http://freegift-portal.co,spam
"Hi team, Can we reschedule our discussion to Saturday at 6:15 PM? Regards.",ham
"Hi team, Team, attached is the latest attendance list for your comments.",ham
FYI: The interview with BluePeak is confirmed for Saturday at 2:00 PM. Please confirm.,ham
"ALERT! Dear customer, we attempted to deliver your package. Confirm address and payment: http://freegift-portal.co Respond immediately.",spam
FYI: The class has been moved to lab 3 due to maintenance work. Regards.,ham
"Hi team, Your order from SparkGrid has been shipped and will arrive in 2-3 business days. Please confirm.",ham
Your parcel is on hold due to unpaid customs charge of ₹499. Pay now: http://fastclaim-bonus.net,spam
"Hi team, Your package is out for delivery and should reach you by tonight. Let me know if you have questions.",ham
Can we reschedule our discussion to Monday at 5:00 PM? Let me know if you have questions.,ham
ALERT! Your parcel is on hold due to unpaid customs charge of ₹499. Pay now: http://fastclaim-bonus.net Respond immediately.,spam
ATTENTION! Congratulations! You have won a free smartphone. Claim your reward immediately: http://fastclaim-bonus.net Failure to act may cause account closure.,spam
"Hello, Your OTP for login to Flipkart is 980651. Do not share it with anyone. Let me know if you have questions.",ham
Please note: Lunch with the client is fixed at 12:00 PM in the library. Regards.,ham
FYI: The interview with Horizon Labs is confirmed for Tuesday at 5:00 PM.,ham
URGENT: Your Federal Bank account will be blocked today. Verify now at http://verify-wallet-alert.org Failure to act may cause account closure.,spam
NOTICE! Final warning: your Paytm wallet is suspended. Login now to avoid closure: http://verify-wallet-alert.org Failure to act may cause account closure.,spam
ATTENTION! You are selected for a cash prize of ₹999. Pay a small processing fee now to receive it. Offer expires today.,spam
ALERT! Final warning: your Instagram wallet is suspended. Login now to avoid closure: http://freegift-portal.co Respond immediately.,spam
"IMPORTANT! Dear user, unusual activity detected. Confirm your password and PAN details here: http://verify-wallet-alert.org",spam
"Hello, The class has been moved to lab 3 due to maintenance work. Let me know if you have questions.",ham
FYI: The interview with QuickShip is confirmed for Tuesday at 12:00 PM.,ham
Thanks for your payment of ₹999. Your receipt has been generated successfully. Regards.,ham
The interview with QuickShip is confirmed for Friday at 2:00 PM. Thank you.,ham
IMPORTANT! You are selected for a cash prize of $49. Pay a small processing fee now to receive it. Respond immediately.,spam
IMPORTANT! Update your UPI PIN now to avoid service suspension. Click here: http://freegift-portal.co Offer expires today.,spam
"NOTICE! You are selected for a cash prize of ₹4,999. Pay a small processing fee now to receive it. Respond immediately.",spam
FYI: The class has been moved to lab 3 due to maintenance work.,ham
"Hello, Can we reschedule our discussion to Wednesday at 2:00 PM? Let me know if you have questions.",ham
Your KYC is pending. Update Aadhaar and bank details immediately at http://freegift-portal.co Failure to act may cause account closure.,spam
"Dear user, unusual activity detected. Confirm your password and PAN details here: http://account-upgrade-now.biz Respond immediately.",spam
"Hi team, Team, attached is the latest lab schedule for your comments. Regards.",ham
"Hi Karan, please review the invoice review before Wednesday. Please confirm.",ham
FYI: Lunch with the client is fixed at 10:30 AM in the Zoom. Regards.,ham
Please note: Can we reschedule our discussion to Thursday at 3:30 PM? Let me know if you have questions.,ham
"Hello, Lunch with the client is fixed at 5:00 PM in the lab 3. Regards.",ham
NOTICE! Update your UPI PIN now to avoid service suspension. Click here: http://account-upgrade-now.biz Respond immediately.,spam
"Hello, Hi Karan, please review the lab schedule before Saturday.",ham
"ATTENTION! Dear user, unusual activity detected. Confirm your password and PAN details here: http://secure-login-now.com Respond immediately.",spam
"Hello, Can we reschedule our discussion to Saturday at 6:15 PM? Thank you.",ham
IMPORTANT! Final warning: your Flipkart wallet is suspended. Login now to avoid closure: http://reward-checker.info,spam
ALERT! Update your UPI PIN now to avoid service suspension. Click here: http://fastclaim-bonus.net,spam
Congratulations! You have won a free smartphone. Claim your reward immediately: http://verify-wallet-alert.org Offer expires today.,spam
IMPORTANT! Your subscription renewal failed. Re-enter payment credentials now at http://freegift-portal.co Offer expires today.,spam
IMPORTANT! Final warning: your LinkedIn wallet is suspended. Login now to avoid closure: http://reward-checker.info Offer expires today.,spam
"Team, attached is the latest lab schedule for your comments.",ham
Update: Your leave request for Monday has been approved by Support. Thank you.,ham
Your parcel is on hold due to unpaid customs charge of ₹999. Pay now: http://freegift-portal.co,spam
FYI: Please submit the signed document to the Admin by Saturday evening. Let me know if you have questions.,ham
"Update: Hi Sara, please review the lab schedule before Thursday. Please confirm.",ham
"Dear user, unusual activity detected. Confirm your password and PAN details here: http://secure-login-now.com Failure to act may cause account closure.",spam
IMPORTANT! Congratulations! You have won a free smartphone. Claim your reward immediately: http://verify-wallet-alert.org Failure to act may cause account closure.,spam
Please note: This is a gentle reminder to complete the feedback form by Wednesday.,ham
Please note: Please bring your ID card and laptop for the workshop in training room. Let me know if you have questions.,ham
Winner! Your mobile number won lucky draw code HR-7710. Contact agent now to collect prize. Offer expires today.,spam
"FYI: Hi Ananya, please review the weekly report before Tuesday. Regards.",ham
ALERT! URGENT: Your ICICI Bank account will be blocked today. Verify now at http://verify-wallet-alert.org Offer expires today.,spam
The interview with GreenLeaf is confirmed for Monday at 2:00 PM. Let me know if you have questions.,ham
Update: Your OTP for login to PhonePe is 338321. Do not share it with anyone.,ham
Reminder: the meeting is scheduled in the training room at 10:30 AM. Let me know if you have questions.,ham
Update: Your order from NexaSoft has been shipped and will arrive in 2-3 business days.,ham
"Hi team, Reminder: the meeting is scheduled in the lab 3 at 3:30 PM. Please confirm.",ham
Congratulations! You have won a free smartphone. Claim your reward immediately: http://account-upgrade-now.biz Failure to act may cause account closure.,spam
"Thanks for your payment of ₹4,999. Your receipt has been generated successfully. Let me know if you have questions.",ham
ALERT! Final warning: your LinkedIn wallet is suspended. Login now to avoid closure: http://freegift-portal.co Failure to act may cause account closure.,spam
This is the final notice from ICICI Bank. Submit credentials immediately to prevent permanent freeze.,spam
NOTICE! Security alert: reset your email password immediately or your account will be deleted: http://secure-login-now.com,spam
NOTICE! Winner! Your mobile number won lucky draw code AX-2291. Contact agent now to collect prize. Failure to act may cause account closure.,spam
"Hi team, The interview with QuickShip is confirmed for Thursday at 2:00 PM.",ham
Please note: Your leave request for Saturday has been approved by Admin. Let me know if you have questions.,ham
NOTICE! Security alert: reset your email password immediately or your account will be deleted: http://freegift-portal.co Failure to act may cause account closure.,spam
"Hello, The class has been moved to main office due to maintenance work.",ham
Please note: Lunch with the client is fixed at 9:00 AM in the lab 3.,ham
NOTICE! Security alert: reset your email password immediately or your account will be deleted: http://secure-login-now.com Failure to act may cause account closure.,spam
IMPORTANT! Final warning: your Netflix wallet is suspended. Login now to avoid closure: http://fastclaim-bonus.net,spam
NOTICE! Your parcel is on hold due to unpaid customs charge of $199. Pay now: http://account-upgrade-now.biz Failure to act may cause account closure.,spam
NOTICE! Final warning: your Netflix wallet is suspended. Login now to avoid closure: http://verify-wallet-alert.org Failure to act may cause account closure.,spam
FYI: Kindly find the attached notes for today's lecture and next week's plan. Regards.,ham
Update: Your order from FinTrust has been shipped and will arrive in 2-3 business days.,ham
Update: Please submit the signed document to the Accounts by Monday evening. Regards.,ham
Please note: Your OTP for login to Flipkart is 949832. Do not share it with anyone. Regards.,ham
ALERT! Update your UPI PIN now to avoid service suspension. Click here: http://secure-login-now.com,spam
Update: This is a gentle reminder to complete the feedback form by Thursday. Regards.,ham
"Hello, Your OTP for login to PhonePe is 242988. Do not share it with anyone. Thank you.",ham
This is the final notice from Kotak Bank. Submit credentials immediately to prevent permanent freeze. Offer expires today.,spam
IMPORTANT! Act now: your job application has been shortlisted. Pay registration fees to complete hiring. Offer expires today.,spam
This is a gentle reminder to complete the feedback form by Monday. Thank you.,ham
IMPORTANT! Final warning: your LinkedIn wallet is suspended. Login now to avoid closure: http://freegift-portal.co,spam
IMPORTANT! Security alert: reset your email password immediately or your account will be deleted: http://freegift-portal.co,spam
"Update: Hi Vikram, please review the client feedback before Tuesday. Thank you.",ham
ATTENTION! Winner! Your mobile number won lucky draw code TR-9045. Contact agent now to collect prize. Respond immediately.,spam
ATTENTION! Winner! Your mobile number won lucky draw code TR-9045. Contact agent now to collect prize. Failure to act may cause account closure.,spam
FYI: Can we reschedule our discussion to Friday at 10:30 AM? Please confirm.,ham
Please note: Thanks for your payment of $99. Your receipt has been generated successfully. Thank you.,ham
"Hi team, The interview with CloudSync is confirmed for Tuesday at 3:30 PM. Regards.",ham
Update: Lunch with the client is fixed at 10:30 AM in the seminar hall. Please confirm.,ham
URGENT: Your ICICI Bank account will be blocked today. Verify now at http://fastclaim-bonus.net Failure to act may cause account closure.,spam
NOTICE! Winner! Your mobile number won lucky draw code TR-9045. Contact agent now to collect prize. Failure to act may cause account closure.,spam
FYI: Can we reschedule our discussion to Tuesday at 3:30 PM? Regards.,ham
Please note: Lunch with the client is fixed at 12:00 PM in the Zoom. Let me know if you have questions.,ham
IMPORTANT! Final warning: your LinkedIn wallet is suspended. Login now to avoid closure: http://verify-wallet-alert.org,spam
"Hello, Your leave request for Saturday has been approved by Operations. Please confirm.",ham
Please note: The interview with FinTrust is confirmed for Tuesday at 12:00 PM. Please confirm.,ham
NOTICE! You are selected for a cash prize of $49. Pay a small processing fee now to receive it. Failure to act may cause account closure.,spam
NOTICE! Your KYC is pending. Update Aadhaar and bank details immediately at http://reward-checker.info Respond immediately.,spam
Final warning: your Amazon wallet is suspended. Login now to avoid closure: http://reward-checker.info Offer expires today.,spam
Update: The interview with Horizon Labs is confirmed for Wednesday at 2:00 PM.,ham
FYI: Lunch with the client is fixed at 5:00 PM in the seminar hall.,ham
ALERT! URGENT: Your Axis Bank account will be blocked today. Verify now at http://reward-checker.info Failure to act may cause account closure.,spam
ALERT! Your tax refund is ready. Confirm account number and CVV to receive the amount. Failure to act may cause account closure.,spam
ATTENTION! Update your UPI PIN now to avoid service suspension. Click here: http://reward-checker.info Offer expires today.,spam
IMPORTANT! Your subscription renewal failed. Re-enter payment credentials now at http://fastclaim-bonus.net Failure to act may cause account closure.,spam
NOTICE! Your parcel is on hold due to unpaid customs charge of ₹499. Pay now: http://freegift-portal.co Failure to act may cause account closure.,spam
IMPORTANT! Your parcel is on hold due to unpaid customs charge of $199. Pay now: http://fastclaim-bonus.net Respond immediately.,spam
Lunch with the client is fixed at 6:15 PM in the library.,ham
FYI: The class has been moved to conference room 2 due to maintenance work. Please confirm.,ham
"Hello, Can we reschedule our discussion to Monday at 9:00 AM? Let me know if you have questions.",ham
NOTICE! This is the final notice from SBI. Submit credentials immediately to prevent permanent freeze.,spam
"Hi team, Team, attached is the latest lab schedule for your comments. Let me know if you have questions.",ham
Please note: The class has been moved to lab 3 due to maintenance work. Please confirm.,ham
ATTENTION! Your KYC is pending. Update Aadhaar and bank details immediately at http://secure-login-now.com Failure to act may cause account closure.,spam
IMPORTANT! URGENT: Your ICICI Bank account will be blocked today. Verify now at http://freegift-portal.co Respond immediately.,spam
ALERT! You have been pre-approved for an instant loan. Share OTP and card details to proceed. Failure to act may cause account closure.,spam
NOTICE! URGENT: Your Axis Bank account will be blocked today. Verify now at http://account-upgrade-now.biz Failure to act may cause account closure.,spam
Update: Your leave request for Wednesday has been approved by Support. Regards.,ham
"Hi team, Reminder: the meeting is scheduled in the training room at 9:00 AM. Please confirm.",ham
NOTICE! URGENT: Your Federal Bank account will be blocked today. Verify now at http://freegift-portal.co,spam
"Please note: Hi Alex, please review the shipment update before Monday.",ham
IMPORTANT! Your subscription renewal failed. Re-enter payment credentials now at http://secure-login-now.com Failure to act may cause account closure.,spam
"Update: Team, attached is the latest meeting agenda for your comments. Thank you.",ham
NOTICE! URGENT: Your Axis Bank account will be blocked today. Verify now at http://verify-wallet-alert.org,spam
Please note: Can we reschedule our discussion to Monday at 9:00 AM?,ham
ATTENTION! Your parcel is on hold due to unpaid customs charge of ₹499. Pay now: http://secure-login-now.com Offer expires today.,spam
"ATTENTION! Dear customer, we attempted to deliver your package. Confirm address and payment: http://verify-wallet-alert.org Failure to act may cause account closure.",spam
FYI: Your order from GreenLeaf has been shipped and will arrive in 2-3 business days. Please confirm.,ham
"IMPORTANT! Your parcel is on hold due to unpaid customs charge of ₹4,999. Pay now: http://reward-checker.info Respond immediately.",spam
FYI: Can we reschedule our discussion to Wednesday at 6:15 PM? Thank you.,ham
"Hi team, Team, attached is the latest client feedback for your comments. Let me know if you have questions.",ham
Please note: The class has been moved to conference room 2 due to maintenance work.,ham
"Hi Aarav, please review the project update before Thursday.",ham
"Hi John, please review the budget approval before Saturday. Thank you.",ham
Please note: Your order from Apex Motors has been shipped and will arrive in 2-3 business days. Let me know if you have questions.,ham
This is the final notice from Federal Bank. Submit credentials immediately to prevent permanent freeze. Failure to act may cause account closure.,spam
"Hi team, Thanks for your payment of ₹4,999. Your receipt has been generated successfully. Please confirm.",ham
NOTICE! URGENT: Your HDFC Bank account will be blocked today. Verify now at http://account-upgrade-now.biz,spam
"Thanks for your payment of ₹1,999. Your receipt has been generated successfully. Let me know if you have questions.",ham
NOTICE! Your subscription renewal failed. Re-enter payment credentials now at http://freegift-portal.co Offer expires today.,spam
Please note: Please submit the signed document to the HR by Friday evening. Please confirm.,ham
ALERT! Security alert: reset your email password immediately or your account will be deleted: http://reward-checker.info Failure to act may cause account closure.,spam
"Hello, Thanks for your payment of ₹499. Your receipt has been generated successfully. Please confirm.",ham
IMPORTANT! You are selected for a cash prize of $49. Pay a small processing fee now to receive it. Failure to act may cause account closure.,spam
Update: Please submit the signed document to the IT by Monday evening. Please confirm.,ham
Update: We received your application and will update you after the screening process. Please confirm.,ham
Kindly find the attached notes for today's lecture and next week's plan.,ham
Can we reschedule our discussion to Saturday at 10:30 AM? Regards.,ham
"ALERT! You are selected for a cash prize of ₹4,999. Pay a small processing fee now to receive it. Respond immediately.",spam
"NOTICE! Dear customer, we attempted to deliver your package. Confirm address and payment: http://verify-wallet-alert.org",spam
Update: Please submit the signed document to the Accounts by Tuesday evening. Thank you.,ham
Please note: Your OTP for login to Google Pay is 474147. Do not share it with anyone. Thank you.,ham
ATTENTION! Security alert: reset your email password immediately or your account will be deleted: http://secure-login-now.com Respond immediately.,spam
IMPORTANT! Your KYC is pending. Update Aadhaar and bank details immediately at http://fastclaim-bonus.net Failure to act may cause account closure.,spam
"Hi team, Hi Vikram, please review the shipment update before Tuesday. Thank you.",ham
"Hello, The class has been moved to main office due to maintenance work. Thank you.",ham
Can we reschedule our discussion to Friday at 9:00 AM? Regards.,ham
FYI: Please submit the signed document to the Faculty Office by Friday evening.,ham
IMPORTANT! URGENT: Your Kotak Bank account will be blocked today. Verify now at http://secure-login-now.com Failure to act may cause account closure.,spam
ALERT! Your parcel is on hold due to unpaid customs charge of $99. Pay now: http://freegift-portal.co Respond immediately.,spam
ATTENTION! Final warning: your LinkedIn wallet is suspended. Login now to avoid closure: http://verify-wallet-alert.org Offer expires today.,spam
"ATTENTION! Dear user, unusual activity detected. Confirm your password and PAN details here: http://verify-wallet-alert.org",spam
NOTICE! Your parcel is on hold due to unpaid customs charge of ₹999. Pay now: http://reward-checker.info,spam
ALERT! Get rich fast! Earn guaranteed daily income from home. Limited slots left. Join now. Respond immediately.,spam
"Hello, The class has been moved to lab 3 due to maintenance work. Please confirm.",ham
"Hello, Hi David, please review the budget approval before Friday. Let me know if you have questions.",ham
"Hi team, Reminder: the meeting is scheduled in the main office at 3:30 PM. Regards.",ham
Update: Can we reschedule our discussion to Monday at 10:30 AM?,ham
Please note: Thanks for your payment of $199. Your receipt has been generated successfully. Let me know if you have questions.,ham
"Hi team, Please bring your ID card and laptop for the workshop in seminar hall. Let me know if you have questions.",ham
Update: Your OTP for login to LinkedIn is 825432. Do not share it with anyone.,ham
ATTENTION! Security alert: reset your email password immediately or your account will be deleted: http://verify-wallet-alert.org Offer expires today.,spam
"Hi team, The interview with GreenLeaf is confirmed for Thursday at 12:00 PM. Thank you.",ham
Winner! Your mobile number won lucky draw code AX-2291. Contact agent now to collect prize.,spam
ALERT! Security alert: reset your email password immediately or your account will be deleted: http://account-upgrade-now.biz Respond immediately.,spam
NOTICE! URGENT: Your HDFC Bank account will be blocked today. Verify now at http://secure-login-now.com Failure to act may cause account closure.,spam
Please bring your ID card and laptop for the workshop in seminar hall. Thank you.,ham
ALERT! Your KYC is pending. Update Aadhaar and bank details immediately at http://secure-login-now.com Failure to act may cause account closure.,spam
NOTICE! Your KYC is pending. Update Aadhaar and bank details immediately at http://verify-wallet-alert.org Respond immediately.,spam
"Hi team, Your package is out for delivery and should reach you by tonight.",ham
ALERT! Your subscription renewal failed. Re-enter payment credentials now at http://verify-wallet-alert.org Failure to act may cause account closure.,spam
Please note: The interview with TechNova is confirmed for Tuesday at 9:00 AM. Regards.,ham
IMPORTANT! You are selected for a cash prize of $99. Pay a small processing fee now to receive it. Respond immediately.,spam
FYI: This is a gentle reminder to complete the feedback form by Wednesday. Please confirm.,ham
"Update: Hi Riya, please review the shipment update before Saturday. Thank you.",ham
Please note: Your leave request for Wednesday has been approved by Operations. Thank you.,ham
Please note: Your OTP for login to Amazon is 952489. Do not share it with anyone. Let me know if you have questions.,ham
IMPORTANT! Your KYC is pending. Update Aadhaar and bank details immediately at http://secure-login-now.com Failure to act may cause account closure.,spam
"Hello, Can we reschedule our discussion to Saturday at 5:00 PM? Let me know if you have questions.",ham
ATTENTION! Security alert: reset your email password immediately or your account will be deleted: http://reward-checker.info,spam
Update: The interview with NexaSoft is confirmed for Saturday at 2:00 PM. Please confirm.,ham
Update: Your package is out for delivery and should reach you by tonight. Let me know if you have questions.,ham
NOTICE! Update your UPI PIN now to avoid service suspension. Click here: http://secure-login-now.com Respond immediately.,spam
Please note: Your order from QuickShip has been shipped and will arrive in 2-3 business days. Regards.,ham
"IMPORTANT! Your parcel is on hold due to unpaid customs charge of ₹1,999. Pay now: http://account-upgrade-now.biz Failure to act may cause account closure.",spam
Your parcel is on hold due to unpaid customs charge of $99. Pay now: http://freegift-portal.co Offer expires today.,spam
ATTENTION! Your KYC is pending. Update Aadhaar and bank details immediately at http://verify-wallet-alert.org Offer expires today.,spam
"Please note: Hi Emma, please review the meeting agenda before Tuesday. Let me know if you have questions.",ham
Please submit the signed document to the HR by Wednesday evening. Thank you.,ham
"NOTICE! You are selected for a cash prize of ₹4,999. Pay a small processing fee now to receive it. Failure to act may cause account closure.",spam
NOTICE! URGENT: Your Kotak Bank account will be blocked today. Verify now at http://verify-wallet-alert.org Offer expires today.,spam
"Hello, Your leave request for Friday has been approved by IT.",ham
Your parcel is on hold due to unpaid customs charge of $99. Pay now: http://secure-login-now.com Failure to act may cause account closure.,spam
ATTENTION! Security alert: reset your email password immediately or your account will be deleted: http://fastclaim-bonus.net Respond immediately.,spam
ALERT! Update your UPI PIN now to avoid service suspension. Click here: http://fastclaim-bonus.net Offer expires today.,spam
"Hi team, Your order from BluePeak has been shipped and will arrive in 2-3 business days.",ham
"Hi team, Please submit the signed document to the HR by Wednesday evening. Please confirm.",ham
NOTICE! Free Netflix premium for 12 months. Login with your card to activate today. Respond immediately.,spam
ALERT! Your parcel is on hold due to unpaid customs charge of ₹999. Pay now: http://verify-wallet-alert.org,spam
The class has been moved to lab 3 due to maintenance work. Regards.,ham
Update: Can we reschedule our discussion to Saturday at 6:15 PM? Thank you.,ham
Update: Please bring your ID card and laptop for the workshop in Zoom. Thank you.,ham
Final warning: your PhonePe wallet is suspended. Login now to avoid closure: http://account-upgrade-now.biz Failure to act may cause account closure.,spam
"Hi team, Thanks for your payment of ₹1,999. Your receipt has been generated successfully. Thank you.",ham
ATTENTION! Security alert: reset your email password immediately or your account will be deleted: http://freegift-portal.co Failure to act may cause account closure.,spam
Please note: This is a gentle reminder to complete the feedback form by Friday. Please confirm.,ham
ALERT! Final warning: your Google Pay wallet is suspended. Login now to avoid closure: http://verify-wallet-alert.org Offer expires today.,spam
Update your UPI PIN now to avoid service suspension. Click here: http://secure-login-now.com,spam
Your order from SparkGrid has been shipped and will arrive in 2-3 business days.,ham
IMPORTANT! Security alert: reset your email password immediately or your account will be deleted: http://reward-checker.info Offer expires today.,spam
ALERT! URGENT: Your Federal Bank account will be blocked today. Verify now at http://secure-login-now.com Respond immediately.,spam
IMPORTANT! Your parcel is on hold due to unpaid customs charge of $49. Pay now: http://secure-login-now.com Failure to act may cause account closure.,spam
"Hi team, Please submit the signed document to the Marketing by Friday evening. Thank you.",ham
"ATTENTION! Dear user, unusual activity detected. Confirm your password and PAN details here: http://verify-wallet-alert.org Failure to act may cause account closure.",spam
NOTICE! Final warning: your Instagram wallet is suspended. Login now to avoid closure: http://fastclaim-bonus.net,spam
"Hi team, Hi John, please review the budget approval before Thursday. Let me know if you have questions.",ham
Please note: Your OTP for login to LinkedIn is 834430. Do not share it with anyone.,ham
"Hi team, Team, attached is the latest weekly report for your comments. Regards.",ham
Lunch with the client is fixed at 3:30 PM in the seminar hall. Please confirm.,ham
Please note: This is a gentle reminder to complete the feedback form by Monday. Thank you.,ham
Update: Please submit the signed document to the Faculty Office by Tuesday evening. Please confirm.,ham
Please bring your ID card and laptop for the workshop in training room. Let me know if you have questions.,ham
"Hello, Reminder: the meeting is scheduled in the lab 3 at 6:15 PM. Let me know if you have questions.",ham
Security alert: reset your email password immediately or your account will be deleted: http://fastclaim-bonus.net Failure to act may cause account closure.,spam
"Hi team, Reminder: the meeting is scheduled in the seminar hall at 12:00 PM. Regards.",ham
"Hello, The class has been moved to seminar hall due to maintenance work.",ham
NOTICE! Your KYC is pending. Update Aadhaar and bank details immediately at http://account-upgrade-now.biz Respond immediately.,spam
Please note: Your order from BrightEdge has been shipped and will arrive in 2-3 business days. Thank you.,ham
"Hi team, Reminder: the meeting is scheduled in the lab 3 at 10:30 AM. Please confirm.",ham
IMPORTANT! Your parcel is on hold due to unpaid customs charge of ₹999. Pay now: http://reward-checker.info Offer expires today.,spam
FYI: Can we reschedule our discussion to Thursday at 6:15 PM? Thank you.,ham
Reminder: the meeting is scheduled in the main office at 12:00 PM. Please confirm.,ham
Lunch with the client is fixed at 5:00 PM in the conference room 2. Regards.,ham
"IMPORTANT! Dear customer, we attempted to deliver your package. Confirm address and payment: http://verify-wallet-alert.org",spam
Congratulations! You have won a free smartphone. Claim your reward immediately: http://reward-checker.info,spam
IMPORTANT! Your KYC is pending. Update Aadhaar and bank details immediately at http://verify-wallet-alert.org Offer expires today.,spam
Update: Your order from Horizon Labs has been shipped and will arrive in 2-3 business days.,ham
"Hi team, Lunch with the client is fixed at 2:00 PM in the library. Please confirm.",ham
Please submit the signed document to the Admin by Saturday evening. Please confirm.,ham
Please note: Reminder: the meeting is scheduled in the library at 10:30 AM.,ham
Update: Can we reschedule our discussion to Wednesday at 6:15 PM? Please confirm.,ham
"Team, attached is the latest invoice review for your comments. Regards.",ham
Update: Lunch with the client is fixed at 3:30 PM in the library. Thank you.,ham
ATTENTION! Winner! Your mobile number won lucky draw code TR-9045. Contact agent now to collect prize.,spam
Update: Thanks for your payment of ₹999. Your receipt has been generated successfully.,ham
"Hello, The interview with CloudSync is confirmed for Friday at 10:30 AM. Please confirm.",ham
Update: Reminder: the meeting is scheduled in the main office at 5:00 PM. Let me know if you have questions.,ham
IMPORTANT! Update your UPI PIN now to avoid service suspension. Click here: http://fastclaim-bonus.net Offer expires today.,spam
FYI: Your leave request for Tuesday has been approved by IT. Regards.,ham
The interview with BluePeak is confirmed for Thursday at 2:00 PM. Let me know if you have questions.,ham
Please note: Your order from FinTrust has been shipped and will arrive in 2-3 business days. Let me know if you have questions.,ham
FYI: The class has been moved to library due to maintenance work. Please confirm.,ham
URGENT: Your SBI account will be blocked today. Verify now at http://freegift-portal.co Respond immediately.,spam
IMPORTANT! Special crypto opportunity: guaranteed 5x profit. Deposit today and withdraw tomorrow. Respond immediately.,spam
"Hello, Thanks for your payment of $99. Your receipt has been generated successfully. Please confirm.",ham
Please note: Your OTP for login to Flipkart is 174615. Do not share it with anyone. Let me know if you have questions.,ham
FYI: Your leave request for Tuesday has been approved by Operations. Please confirm.,ham
NOTICE! Final warning: your Instagram wallet is suspended. Login now to avoid closure: http://reward-checker.info Respond immediately.,spam
NOTICE! Your tax refund is ready. Confirm account number and CVV to receive the amount. Offer expires today.,spam
IMPORTANT! Your tax refund is ready. Confirm account number and CVV to receive the amount.,spam
ATTENTION! Security alert: reset your email password immediately or your account will be deleted: http://reward-checker.info Offer expires today.,spam
You are selected for a cash prize of $99. Pay a small processing fee now to receive it.,spam
"Hi team, Please bring your ID card and laptop for the workshop in library. Regards.",ham
"Hi Riya, please review the project update before Tuesday. Let me know if you have questions.",ham
Can we reschedule our discussion to Wednesday at 9:00 AM? Let me know if you have questions.,ham
NOTICE! Your parcel is on hold due to unpaid customs charge of ₹999. Pay now: http://account-upgrade-now.biz Respond immediately.,spam
"Hello, Your leave request for Thursday has been approved by Admin. Thank you.",ham
ALERT! Your KYC is pending. Update Aadhaar and bank details immediately at http://freegift-portal.co Offer expires today.,spam
ALERT! Final warning: your Flipkart wallet is suspended. Login now to avoid closure: http://verify-wallet-alert.org Offer expires today.,spam
NOTICE! Winner! Your mobile number won lucky draw code HR-7710. Contact agent now to collect prize.,spam
"Hi team, The monthly salary for this cycle has been credited to your account. Please confirm.",ham
"Hello, Your order from BluePeak has been shipped and will arrive in 2-3 business days. Thank you.",ham
IMPORTANT! Congratulations! You have won a free smartphone. Claim your reward immediately: http://reward-checker.info Respond immediately.,spam
ALERT! Your subscription renewal failed. Re-enter payment credentials now at http://account-upgrade-now.biz Respond immediately.,spam
"ALERT! Your parcel is on hold due to unpaid customs charge of ₹4,999. Pay now: http://freegift-portal.co",spam
Your subscription renewal failed. Re-enter payment credentials now at http://reward-checker.info Offer expires today.,spam
"Hi team, Thanks for your payment of ₹999. Your receipt has been generated successfully.",ham
"Hi team, The class has been moved to library due to maintenance work. Regards.",ham
ATTENTION! Final warning: your Netflix wallet is suspended. Login now to avoid closure: http://reward-checker.info Respond immediately.,spam
"Thanks for your payment of ₹4,999. Your receipt has been generated successfully.",ham
"ALERT! Your parcel is on hold due to unpaid customs charge of ₹1,999. Pay now: http://freegift-portal.co Respond immediately.",spam
FYI: Please bring your ID card and laptop for the workshop in library. Thank you.,ham
ATTENTION! Your parcel is on hold due to unpaid customs charge of ₹499. Pay now: http://secure-login-now.com Respond immediately.,spam
This is the final notice from Kotak Bank. Submit credentials immediately to prevent permanent freeze. Respond immediately.,spam
"Hi team, Hi Karan, please review the weekly report before Monday. Regards.",ham
Final warning: your Instagram wallet is suspended. Login now to avoid closure: http://freegift-portal.co Failure to act may cause account closure.,spam
FYI: The interview with TechNova is confirmed for Monday at 5:00 PM. Thank you.,ham
FYI: Your leave request for Monday has been approved by Faculty Office. Let me know if you have questions.,ham
ATTENTION! Your parcel is on hold due to unpaid customs charge of ₹999. Pay now: http://account-upgrade-now.biz Respond immediately.,spam
Update: Your leave request for Tuesday has been approved by Support. Let me know if you have questions.,ham
ALERT! This is the final notice from HDFC Bank. Submit credentials immediately to prevent permanent freeze.,spam
ATTENTION! Your parcel is on hold due to unpaid customs charge of ₹499. Pay now: http://secure-login-now.com,spam
FYI: We have updated the project tracker with the latest milestones and owners.,ham
NOTICE! Your subscription renewal failed. Re-enter payment credentials now at http://fastclaim-bonus.net,spam
"Hello, Please bring your ID card and laptop for the workshop in lab 3. Let me know if you have questions.",ham
NOTICE! Final warning: your LinkedIn wallet is suspended. Login now to avoid closure: http://fastclaim-bonus.net Failure to act may cause account closure.,spam
IMPORTANT! Your parcel is on hold due to unpaid customs charge of ₹499. Pay now: http://freegift-portal.co,spam
Update: Your leave request for Tuesday has been approved by Support.,ham
"Hello, Lunch with the client is fixed at 10:30 AM in the conference room 2. Thank you.",ham
"Hello, Thanks for your payment of ₹499. Your receipt has been generated successfully.",ham
Winner! Your mobile number won lucky draw code TR-9045. Contact agent now to collect prize. Failure to act may cause account closure.,spam
"Dear customer, we attempted to deliver your package. Confirm address and payment: http://reward-checker.info",spam
Can we reschedule our discussion to Tuesday at 5:00 PM? Regards.,ham
Please note: Your OTP for login to Google Pay is 633052. Do not share it with anyone.,ham
"Hello, We received your application and will update you after the screening process. Please confirm.",ham
NOTICE! URGENT: Your Kotak Bank account will be blocked today. Verify now at http://account-upgrade-now.biz Respond immediately.,spam
FYI: Your OTP for login to PhonePe is 469375. Do not share it with anyone. Regards.,ham
NOTICE! Winner! Your mobile number won lucky draw code NV-4207. Contact agent now to collect prize.,spam
Please submit the signed document to the Operations by Monday evening. Regards.,ham
"Hi team, Please bring your ID card and laptop for the workshop in Zoom. Let me know if you have questions.",ham
Security alert: reset your email password immediately or your account will be deleted: http://freegift-portal.co Offer expires today.,spam
URGENT: Your HDFC Bank account will be blocked today. Verify now at http://verify-wallet-alert.org Offer expires today.,spam
Please note: The class has been moved to lab 3 due to maintenance work. Let me know if you have questions.,ham
ALERT! Your parcel is on hold due to unpaid customs charge of ₹499. Pay now: http://fastclaim-bonus.net Offer expires today.,spam
ALERT! Your parcel is on hold due to unpaid customs charge of ₹999. Pay now: http://verify-wallet-alert.org Offer expires today.,spam
IMPORTANT! Security alert: reset your email password immediately or your account will be deleted: http://secure-login-now.com,spam
IMPORTANT! Final warning: your LinkedIn wallet is suspended. Login now to avoid closure: http://fastclaim-bonus.net Failure to act may cause account closure.,spam
"ALERT! Dear user, unusual activity detected. Confirm your password and PAN details here: http://secure-login-now.com",spam
"Please note: Hi Vikram, please review the lab schedule before Wednesday. Thank you.",ham
"Hi team, Reminder: the meeting is scheduled in the library at 2:00 PM. Thank you.",ham
IMPORTANT! Your subscription renewal failed. Re-enter payment credentials now at http://verify-wallet-alert.org Failure to act may cause account closure.,spam
Can we reschedule our discussion to Tuesday at 6:15 PM? Thank you.,ham
IMPORTANT! Winner! Your mobile number won lucky draw code AX-2291. Contact agent now to collect prize. Offer expires today.,spam
Update: Kindly find the attached notes for today's lecture and next week's plan. Let me know if you have questions.,ham
Please note: Can we reschedule our discussion to Wednesday at 2:00 PM? Thank you.,ham
IMPORTANT! Your KYC is pending. Update Aadhaar and bank details immediately at http://verify-wallet-alert.org Failure to act may cause account closure.,spam
"Hello, Please submit the signed document to the Support by Tuesday evening.",ham
ALERT! Final warning: your PhonePe wallet is suspended. Login now to avoid closure: http://secure-login-now.com Respond immediately.,spam
ATTENTION! Update your UPI PIN now to avoid service suspension. Click here: http://verify-wallet-alert.org,spam
"Hello, Kindly find the attached notes for today's lecture and next week's plan. Please confirm.",ham
ATTENTION! Your subscription renewal failed. Re-enter payment credentials now at http://fastclaim-bonus.net Failure to act may cause account closure.,spam
NOTICE! Final warning: your PhonePe wallet is suspended. Login now to avoid closure: http://verify-wallet-alert.org,spam
"ALERT! Dear user, unusual activity detected. Confirm your password and PAN details here: http://fastclaim-bonus.net",spam
IMPORTANT! Update your UPI PIN now to avoid service suspension. Click here: http://secure-login-now.com,spam
The class has been moved to conference room 2 due to maintenance work.,ham
Your subscription renewal failed. Re-enter payment credentials now at http://secure-login-now.com,spam
ALERT! Your KYC is pending. Update Aadhaar and bank details immediately at http://verify-wallet-alert.org Failure to act may cause account closure.,spam
Update: Your order from Infosphere has been shipped and will arrive in 2-3 business days. Please confirm.,ham
Your OTP for login to Netflix is 588236. Do not share it with anyone. Regards.,ham
Reminder: the meeting is scheduled in the lab 3 at 10:30 AM. Please confirm.,ham
"Hi team, Your leave request for Saturday has been approved by Support. Thank you.",ham
ATTENTION! URGENT: Your ICICI Bank account will be blocked today. Verify now at http://freegift-portal.co Respond immediately.,spam
FYI: Your order from GreenLeaf has been shipped and will arrive in 2-3 business days. Thank you.,ham
Update: Please submit the signed document to the Operations by Tuesday evening. Let me know if you have questions.,ham
The class has been moved to lab 3 due to maintenance work.,ham
ALERT! Winner! Your mobile number won lucky draw code AX-2291. Contact agent now to collect prize. Respond immediately.,spam
"Hi team, Reminder: the meeting is scheduled in the training room at 2:00 PM.",ham
Please note: Your OTP for login to Instagram is 930241. Do not share it with anyone. Let me know if you have questions.,ham
"Please note: Thanks for your payment of ₹4,999. Your receipt has been generated successfully. Please confirm.",ham
This is a gentle reminder to complete the feedback form by Monday. Regards.,ham
"FYI: Hi David, please review the budget approval before Friday. Please confirm.",ham
NOTICE! Final warning: your Google Pay wallet is suspended. Login now to avoid closure: http://verify-wallet-alert.org,spam
"Hi team, Your leave request for Tuesday has been approved by HR.",ham
Update: Reminder: the meeting is scheduled in the Zoom at 6:15 PM.,ham
Can we reschedule our discussion to Thursday at 12:00 PM? Please confirm.,ham
This is a gentle reminder to complete the feedback form by Thursday. Please confirm.,ham
NOTICE! Congratulations! You have won a free smartphone. Claim your reward immediately: http://reward-checker.info Failure to act may cause account closure.,spam
ALERT! URGENT: Your HDFC Bank account will be blocked today. Verify now at http://reward-checker.info Offer expires today.,spam
"Hi team, Your leave request for Wednesday has been approved by Support. Thank you.",ham
"ATTENTION! Your parcel is on hold due to unpaid customs charge of ₹1,999. Pay now: http://fastclaim-bonus.net Failure to act may cause account closure.",spam
Reminder: the meeting is scheduled in the training room at 2:00 PM.,ham
"Hello, Your leave request for Monday has been approved by IT. Let me know if you have questions.",ham
"Hi team, The class has been moved to seminar hall due to maintenance work. Let me know if you have questions.",ham
NOTICE! URGENT: Your Federal Bank account will be blocked today. Verify now at http://verify-wallet-alert.org Offer expires today.,spam
ATTENTION! URGENT: Your Federal Bank account will be blocked today. Verify now at http://freegift-portal.co Failure to act may cause account closure.,spam
"Hello, The interview with UrbanMart is confirmed for Wednesday at 5:00 PM. Regards.",ham
"Hello, Please bring your ID card and laptop for the workshop in seminar hall. Please confirm.",ham
ALERT! Final warning: your Instagram wallet is suspended. Login now to avoid closure: http://account-upgrade-now.biz Respond immediately.,spam
NOTICE! Your parcel is on hold due to unpaid customs charge of $99. Pay now: http://account-upgrade-now.biz,spam
"Hello, The interview with TechNova is confirmed for Tuesday at 2:00 PM. Regards.",ham
Please note: Your leave request for Wednesday has been approved by Marketing. Regards.,ham
Update: Please submit the signed document to the Operations by Friday evening. Please confirm.,ham
ALERT! Final warning: your Google Pay wallet is suspended. Login now to avoid closure: http://account-upgrade-now.biz,spam
"Hi team, Your OTP for login to PhonePe is 681815. Do not share it with anyone. Regards.",ham
ATTENTION! Winner! Your mobile number won lucky draw code HR-7710. Contact agent now to collect prize. Respond immediately.,spam
ATTENTION! Your parcel is on hold due to unpaid customs charge of $49. Pay now: http://reward-checker.info Respond immediately.,spam
This is the final notice from Axis Bank. Submit credentials immediately to prevent permanent freeze. Offer expires today.,spam
ALERT! You are selected for a cash prize of $49. Pay a small processing fee now to receive it. Offer expires today.,spam
ATTENTION! Congratulations! You have won a free smartphone. Claim your reward immediately: http://reward-checker.info,spam
"Hi team, Can we reschedule our discussion to Saturday at 12:00 PM? Let me know if you have questions.",ham
Update: The interview with CloudSync is confirmed for Wednesday at 6:15 PM. Let me know if you have questions.,ham
Please note: The monthly salary for this cycle has been credited to your account. Let me know if you have questions.,ham
FYI: Please bring your ID card and laptop for the workshop in main office. Thank you.,ham
"Hello, The interview with Infosphere is confirmed for Thursday at 10:30 AM. Please confirm.",ham
"Hi team, The interview with NexaSoft is confirmed for Tuesday at 6:15 PM.",ham
"Hello, Your leave request for Thursday has been approved by Marketing. Let me know if you have questions.",ham
The class has been moved to lab 3 due to maintenance work. Let me know if you have questions.,ham
"NOTICE! Your parcel is on hold due to unpaid customs charge of ₹4,999. Pay now: http://secure-login-now.com Respond immediately.",spam
ALERT! This is the final notice from Axis Bank. Submit credentials immediately to prevent permanent freeze.,spam
ALERT! Your parcel is on hold due to unpaid customs charge of ₹499. Pay now: http://freegift-portal.co Respond immediately.,spam
ATTENTION! Act now: your job application has been shortlisted. Pay registration fees to complete hiring.,spam
ALERT! You have been pre-approved for an instant loan. Share OTP and card details to proceed. Respond immediately.,spam
"Hello, Your OTP for login to Instagram is 141857. Do not share it with anyone. Thank you.",ham
NOTICE! Your parcel is on hold due to unpaid customs charge of ₹499. Pay now: http://freegift-portal.co,spam
ATTENTION! Your KYC is pending. Update Aadhaar and bank details immediately at http://secure-login-now.com Respond immediately.,spam
NOTICE! Winner! Your mobile number won lucky draw code HR-7710. Contact agent now to collect prize. Respond immediately.,spam
Your KYC is pending. Update Aadhaar and bank details immediately at http://fastclaim-bonus.net Failure to act may cause account closure.,spam
IMPORTANT! Your parcel is on hold due to unpaid customs charge of $99. Pay now: http://reward-checker.info,spam
Final warning: your Paytm wallet is suspended. Login now to avoid closure: http://freegift-portal.co Offer expires today.,spam
"IMPORTANT! Dear user, unusual activity detected. Confirm your password and PAN details here: http://account-upgrade-now.biz Failure to act may cause account closure.",spam
ALERT! Final warning: your Google Pay wallet is suspended. Login now to avoid closure: http://reward-checker.info Offer expires today.,spam
Update: The interview with SparkGrid is confirmed for Thursday at 5:00 PM. Please confirm.,ham
"Hi team, Your leave request for Tuesday has been approved by Accounts. Regards.",ham
Please note: Please bring your ID card and laptop for the workshop in Zoom. Please confirm.,ham
FYI: Your OTP for login to Google Pay is 223375. Do not share it with anyone. Please confirm.,ham
Final warning: your Flipkart wallet is suspended. Login now to avoid closure: http://secure-login-now.com,spam
ATTENTION! Update your UPI PIN now to avoid service suspension. Click here: http://fastclaim-bonus.net Offer expires today.,spam
FYI: Can we reschedule our discussion to Tuesday at 12:00 PM? Regards.,ham
"Hi team, The monthly salary for this cycle has been credited to your account. Let me know if you have questions.",ham
"ALERT! Dear customer, we attempted to deliver your package. Confirm address and payment: http://account-upgrade-now.biz Offer expires today.",spam
FYI: Can we reschedule our discussion to Monday at 3:30 PM? Thank you.,ham
"Hello, Your order from NexaSoft has been shipped and will arrive in 2-3 business days. Thank you.",ham
FYI: Please submit the signed document to the Faculty Office by Wednesday evening. Let me know if you have questions.,ham
"ALERT! Dear customer, we attempted to deliver your package. Confirm address and payment: http://fastclaim-bonus.net Offer expires today.",spam
NOTICE! Your parcel is on hold due to unpaid customs charge of $49. Pay now: http://verify-wallet-alert.org Respond immediately.,spam
This is the final notice from Axis Bank. Submit credentials immediately to prevent permanent freeze. Failure to act may cause account closure.,spam
"Hello, The interview with SparkGrid is confirmed for Tuesday at 5:00 PM. Please confirm.",ham
ATTENTION! This is the final notice from Axis Bank. Submit credentials immediately to prevent permanent freeze.,spam
"Hello, Your leave request for Wednesday has been approved by Marketing. Regards.",ham
Get rich fast! Earn guaranteed daily income from home. Limited slots left. Join now. Offer expires today.,spam
IMPORTANT! URGENT: Your SBI account will be blocked today. Verify now at http://reward-checker.info Offer expires today.,spam
Please note: The interview with GreenLeaf is confirmed for Thursday at 6:15 PM. Thank you.,ham
ATTENTION! Final warning: your Flipkart wallet is suspended. Login now to avoid closure: http://account-upgrade-now.biz Respond immediately.,spam
URGENT: Your ICICI Bank account will be blocked today. Verify now at http://account-upgrade-now.biz Offer expires today.,spam
"Dear user, unusual activity detected. Confirm your password and PAN details here: http://reward-checker.info Failure to act may cause account closure.",spam
NOTICE! Your parcel is on hold due to unpaid customs charge of ₹999. Pay now: http://secure-login-now.com Respond immediately.,spam
Please note: Reminder: the meeting is scheduled in the training room at 2:00 PM. Regards.,ham
"Hello, Your leave request for Tuesday has been approved by Faculty Office. Regards.",ham
Please note: Your leave request for Thursday has been approved by Admin. Let me know if you have questions.,ham
Update: The interview with Horizon Labs is confirmed for Monday at 12:00 PM. Thank you.,ham
"Hi team, The class has been moved to main office due to maintenance work. Regards.",ham
IMPORTANT! Final warning: your PhonePe wallet is suspended. Login now to avoid closure: http://freegift-portal.co,spam
"ALERT! Dear customer, we attempted to deliver your package. Confirm address and payment: http://secure-login-now.com Offer expires today.",spam
URGENT: Your Federal Bank account will be blocked today. Verify now at http://verify-wallet-alert.org Respond immediately.,spam
Your parcel is on hold due to unpaid customs charge of $49. Pay now: http://reward-checker.info Respond immediately.,spam
FYI: Please bring your ID card and laptop for the workshop in conference room 2.,ham
FYI: This is a gentle reminder to complete the feedback form by Thursday.,ham
"Hi team, Please bring your ID card and laptop for the workshop in training room.",ham
Please note: Please submit the signed document to the HR by Friday evening.,ham
ATTENTION! URGENT: Your Axis Bank account will be blocked today. Verify now at http://account-upgrade-now.biz Offer expires today.,spam
IMPORTANT! URGENT: Your Axis Bank account will be blocked today. Verify now at http://freegift-portal.co Failure to act may cause account closure.,spam
Update: Please bring your ID card and laptop for the workshop in conference room 2. Please confirm.,ham
Please note: Your order from WorkHub has been shipped and will arrive in 2-3 business days. Regards.,ham
"ATTENTION! Dear user, unusual activity detected. Confirm your password and PAN details here: http://fastclaim-bonus.net",spam
FYI: Can we reschedule our discussion to Wednesday at 2:00 PM? Thank you.,ham
Your parcel is on hold due to unpaid customs charge of $49. Pay now: http://fastclaim-bonus.net Respond immediately.,spam
Update: The interview with NexaSoft is confirmed for Thursday at 3:30 PM.,ham
Update: Your leave request for Thursday has been approved by Marketing. Regards.,ham
ATTENTION! Free Netflix premium for 12 months. Login with your card to activate today. Failure to act may cause account closure.,spam
Update: The monthly salary for this cycle has been credited to your account. Let me know if you have questions.,ham
"Dear customer, we attempted to deliver your package. Confirm address and payment: http://account-upgrade-now.biz",spam
Reminder: the meeting is scheduled in the conference room 2 at 6:15 PM. Let me know if you have questions.,ham
ALERT! Your parcel is on hold due to unpaid customs charge of $199. Pay now: http://fastclaim-bonus.net Failure to act may cause account closure.,spam
Update your UPI PIN now to avoid service suspension. Click here: http://freegift-portal.co Failure to act may cause account closure.,spam
Security alert: reset your email password immediately or your account will be deleted: http://reward-checker.info,spam
Your KYC is pending. Update Aadhaar and bank details immediately at http://reward-checker.info,spam
"Hello, Hi Aarav, please review the assignment reminder before Tuesday. Thank you.",ham
"Hello, This is a gentle reminder to complete the feedback form by Thursday. Please confirm.",ham
ATTENTION! Your parcel is on hold due to unpaid customs charge of $49. Pay now: http://secure-login-now.com,spam
ALERT! Your parcel is on hold due to unpaid customs charge of $49. Pay now: http://reward-checker.info Respond immediately.,spam
ALERT! You are selected for a cash prize of $199. Pay a small processing fee now to receive it. Failure to act may cause account closure.,spam
ALERT! Final warning: your Google Pay wallet is suspended. Login now to avoid closure: http://reward-checker.info Failure to act may cause account closure.,spam
ATTENTION! Your tax refund is ready. Confirm account number and CVV to receive the amount. Failure to act may cause account closure.,spam
Please note: Your leave request for Tuesday has been approved by Operations.,ham
IMPORTANT! Final warning: your Flipkart wallet is suspended. Login now to avoid closure: http://secure-login-now.com,spam
ALERT! Final warning: your Paytm wallet is suspended. Login now to avoid closure: http://fastclaim-bonus.net Respond immediately.,spam
"Hello, Hi David, please review the lab schedule before Monday. Thank you.",ham
ATTENTION! URGENT: Your HDFC Bank account will be blocked today. Verify now at http://freegift-portal.co Respond immediately.,spam
ATTENTION! Final warning: your Instagram wallet is suspended. Login now to avoid closure: http://fastclaim-bonus.net,spam
"FYI: Hi Emma, please review the shipment update before Saturday. Let me know if you have questions.",ham
Please submit the signed document to the Marketing by Wednesday evening.,ham
Please note: Your leave request for Tuesday has been approved by IT. Thank you.,ham
NOTICE! Your parcel is on hold due to unpaid customs charge of ₹499. Pay now: http://verify-wallet-alert.org Offer expires today.,spam
IMPORTANT! Congratulations! You have won a free smartphone. Claim your reward immediately: http://account-upgrade-now.biz Respond immediately.,spam
Please note: Your OTP for login to PhonePe is 573351. Do not share it with anyone. Thank you.,ham
FYI: Please submit the signed document to the Marketing by Saturday evening. Let me know if you have questions.,ham
"NOTICE! Dear user, unusual activity detected. Confirm your password and PAN details here: http://freegift-portal.co Failure to act may cause account closure.",spam
"Hello, Your order from TechNova has been shipped and will arrive in 2-3 business days.",ham
"Hello, Hi Sara, please review the invoice review before Friday. Thank you.",ham
Final warning: your Flipkart wallet is suspended. Login now to avoid closure: http://reward-checker.info Offer expires today.,spam
"Hello, Your leave request for Monday has been approved by Support.",ham
Please note: Reminder: the meeting is scheduled in the seminar hall at 3:30 PM. Let me know if you have questions.,ham
ATTENTION! URGENT: Your Federal Bank account will be blocked today. Verify now at http://secure-login-now.com Respond immediately.,spam
"Please note: Hi Neha, please review the meeting agenda before Friday. Thank you.",ham
IMPORTANT! Your parcel is on hold due to unpaid customs charge of ₹999. Pay now: http://reward-checker.info,spam
Please note: Your OTP for login to Amazon is 194926. Do not share it with anyone.,ham
ALERT! Congratulations! You have won a free smartphone. Claim your reward immediately: http://reward-checker.info,spam
You are selected for a cash prize of $49. Pay a small processing fee now to receive it. Respond immediately.,spam
ALERT! Final warning: your Flipkart wallet is suspended. Login now to avoid closure: http://account-upgrade-now.biz Offer expires today.,spam
Please submit the signed document to the Support by Thursday evening. Regards.,ham
Please note: This is a gentle reminder to complete the feedback form by Tuesday. Regards.,ham
Please note: Reminder: the meeting is scheduled in the training room at 9:00 AM. Let me know if you have questions.,ham
"Hi Aditya, please review the attendance list before Thursday. Regards.",ham
Your order from NexaSoft has been shipped and will arrive in 2-3 business days. Thank you.,ham
Update: Please submit the signed document to the Admin by Tuesday evening. Thank you.,ham
NOTICE! URGENT: Your Federal Bank account will be blocked today. Verify now at http://secure-login-now.com Failure to act may cause account closure.,spam
Update: Please submit the signed document to the IT by Saturday evening.,ham
Update: Your order from GreenLeaf has been shipped and will arrive in 2-3 business days. Thank you.,ham
"Hi team, Your order from UrbanMart has been shipped and will arrive in 2-3 business days. Please confirm.",ham
"Hi team, Hi David, please review the shipment update before Tuesday. Please confirm.",ham
"Hi team, Hi Olivia, please review the shipment update before Thursday. Please confirm.",ham
IMPORTANT! You have been pre-approved for an instant loan. Share OTP and card details to proceed. Respond immediately.,spam
ALERT! Your parcel is on hold due to unpaid customs charge of $199. Pay now: http://fastclaim-bonus.net Offer expires today.,spam
FYI: Can we reschedule our discussion to Monday at 9:00 AM? Please confirm.,ham
Update: Please bring your ID card and laptop for the workshop in library. Thank you.,ham
Update: Your package is out for delivery and should reach you by tonight. Thank you.,ham
"Team, attached is the latest meeting agenda for your comments. Thank you.",ham
FYI: The interview with FinTrust is confirmed for Tuesday at 9:00 AM. Thank you.,ham
"FYI: Team, attached is the latest client feedback for your comments. Regards.",ham
Please note: Please submit the signed document to the HR by Monday evening. Let me know if you have questions.,ham
Please note: Please submit the signed document to the IT by Wednesday evening. Thank you.,ham
The interview with BluePeak is confirmed for Monday at 3:30 PM. Let me know if you have questions.,ham
NOTICE! Final warning: your LinkedIn wallet is suspended. Login now to avoid closure: http://reward-checker.info Offer expires today.,spam
"Hi team, Your package is out for delivery and should reach you by tonight. Thank you.",ham
"NOTICE! Dear customer, we attempted to deliver your package. Confirm address and payment: http://account-upgrade-now.biz Respond immediately.",spam
"Hello, The interview with TechNova is confirmed for Wednesday at 10:30 AM. Please confirm.",ham
IMPORTANT! Final warning: your Google Pay wallet is suspended. Login now to avoid closure: http://verify-wallet-alert.org Respond immediately.,spam
Please note: This is a gentle reminder to complete the feedback form by Monday. Regards.,ham
"Hi team, Can we reschedule our discussion to Tuesday at 9:00 AM?",ham
"Hello, Reminder: the meeting is scheduled in the lab 3 at 10:30 AM. Please confirm.",ham
ALERT! Winner! Your mobile number won lucky draw code TR-9045. Contact agent now to collect prize. Failure to act may cause account closure.,spam
"IMPORTANT! Dear user, unusual activity detected. Confirm your password and PAN details here: http://fastclaim-bonus.net Respond immediately.",spam
The interview with TechNova is confirmed for Friday at 10:30 AM. Please confirm.,ham
Please note: This is a gentle reminder to complete the feedback form by Wednesday. Regards.,ham
FYI: Your OTP for login to Amazon is 190019. Do not share it with anyone. Let me know if you have questions.,ham
ALERT! URGENT: Your HDFC Bank account will be blocked today. Verify now at http://fastclaim-bonus.net Respond immediately.,spam
Final warning: your Instagram wallet is suspended. Login now to avoid closure: http://reward-checker.info,spam
"Hello, Thanks for your payment of ₹4,999. Your receipt has been generated successfully. Please confirm.",ham
FYI: Can we reschedule our discussion to Monday at 2:00 PM? Let me know if you have questions.,ham
"Hi team, The network issue has been resolved. Kindly reconnect and confirm access. Let me know if you have questions.",ham
ATTENTION! Your KYC is pending. Update Aadhaar and bank details immediately at http://verify-wallet-alert.org Respond immediately.,spam
ATTENTION! Security alert: reset your email password immediately or your account will be deleted: http://fastclaim-bonus.net Offer expires today.,spam
NOTICE! Security alert: reset your email password immediately or your account will be deleted: http://verify-wallet-alert.org Offer expires today.,spam
"Hi team, Lunch with the client is fixed at 3:30 PM in the Zoom. Thank you.",ham
ATTENTION! Winner! Your mobile number won lucky draw code UP-1118. Contact agent now to collect prize. Failure to act may cause account closure.,spam
ALERT! Your parcel is on hold due to unpaid customs charge of ₹999. Pay now: http://secure-login-now.com,spam
"FYI: Hi Sam, please review the meeting agenda before Tuesday. Please confirm.",ham
"Hello, We received your application and will update you after the screening process. Thank you.",ham
ATTENTION! You are selected for a cash prize of $199. Pay a small processing fee now to receive it. Offer expires today.,spam
NOTICE! Congratulations! You have won a free smartphone. Claim your reward immediately: http://secure-login-now.com Failure to act may cause account closure.,spam
ATTENTION! You are selected for a cash prize of ₹999. Pay a small processing fee now to receive it.,spam
"NOTICE! Your parcel is on hold due to unpaid customs charge of ₹4,999. Pay now: http://account-upgrade-now.biz Offer expires today.",spam
"Hello, Can we reschedule our discussion to Monday at 10:30 AM? Let me know if you have questions.",ham
"Hello, Please submit the signed document to the Support by Friday evening. Regards.",ham
Please bring your ID card and laptop for the workshop in training room.,ham
Update: We received your application and will update you after the screening process. Thank you.,ham
Update: Please bring your ID card and laptop for the workshop in training room. Regards.,ham
Update: Lunch with the client is fixed at 3:30 PM in the library.,ham
Your parcel is on hold due to unpaid customs charge of $199. Pay now: http://secure-login-now.com Respond immediately.,spam
NOTICE! You are selected for a cash prize of ₹499. Pay a small processing fee now to receive it. Respond immediately.,spam
"Hello, Can we reschedule our discussion to Tuesday at 12:00 PM? Thank you.",ham
FYI: Please bring your ID card and laptop for the workshop in main office. Let me know if you have questions.,ham
Congratulations! You have won a free smartphone. Claim your reward immediately: http://verify-wallet-alert.org Failure to act may cause account closure.,spam
NOTICE! Your KYC is pending. Update Aadhaar and bank details immediately at http://reward-checker.info,spam
Update: Thanks for your payment of ₹999. Your receipt has been generated successfully. Regards.,ham
Your leave request for Tuesday has been approved by Accounts. Please confirm.,ham
IMPORTANT! Security alert: reset your email password immediately or your account will be deleted: http://fastclaim-bonus.net Failure to act may cause account closure.,spam
FYI: The interview with QuickShip is confirmed for Tuesday at 12:00 PM. Let me know if you have questions.,ham
"Hello, Team, attached is the latest assignment reminder for your comments. Let me know if you have questions.",ham
ALERT! Final warning: your Amazon wallet is suspended. Login now to avoid closure: http://reward-checker.info Offer expires today.,spam
Security alert: reset your email password immediately or your account will be deleted: http://verify-wallet-alert.org,spam
Update: Lunch with the client is fixed at 2:00 PM in the Zoom. Please confirm.,ham
IMPORTANT! URGENT: Your HDFC Bank account will be blocked today. Verify now at http://freegift-portal.co,spam
Final warning: your Google Pay wallet is suspended. Login now to avoid closure: http://secure-login-now.com Failure to act may cause account closure.,spam
"FYI: Hi Priya, please review the shipment update before Friday. Let me know if you have questions.",ham
ALERT! Your KYC is pending. Update Aadhaar and bank details immediately at http://freegift-portal.co Failure to act may cause account closure.,spam
Update: The interview with Infosphere is confirmed for Saturday at 12:00 PM. Regards.,ham
"Hi team, Thanks for your payment of ₹999. Your receipt has been generated successfully. Please confirm.",ham
"Hi team, Lunch with the client is fixed at 10:30 AM in the conference room 2. Regards.",ham
"ATTENTION! You are selected for a cash prize of ₹1,999. Pay a small processing fee now to receive it. Failure to act may cause account closure.",spam
FYI: Your OTP for login to LinkedIn is 707497. Do not share it with anyone.,ham
Please submit the signed document to the HR by Friday evening. Regards.,ham
Final warning: your Netflix wallet is suspended. Login now to avoid closure: http://fastclaim-bonus.net Respond immediately.,spam
NOTICE! Get rich fast! Earn guaranteed daily income from home. Limited slots left. Join now. Respond immediately.,spam
IMPORTANT! Update your UPI PIN now to avoid service suspension. Click here: http://reward-checker.info Respond immediately.,spam
"Please note: Team, attached is the latest meeting agenda for your comments.",ham
ALERT! Your parcel is on hold due to unpaid customs charge of ₹999. Pay now: http://verify-wallet-alert.org Failure to act may cause account closure.,spam
Final warning: your Flipkart wallet is suspended. Login now to avoid closure: http://verify-wallet-alert.org,spam
"Dear customer, we attempted to deliver your package. Confirm address and payment: http://verify-wallet-alert.org",spam
NOTICE! Your subscription renewal failed. Re-enter payment credentials now at http://verify-wallet-alert.org,spam
"FYI: Thanks for your payment of ₹4,999. Your receipt has been generated successfully.",ham
"Dear customer, we attempted to deliver your package. Confirm address and payment: http://freegift-portal.co Respond immediately.",spam
Update: The monthly salary for this cycle has been credited to your account. Please confirm.,ham
"Hello, Please bring your ID card and laptop for the workshop in Zoom. Please confirm.",ham
FYI: Lunch with the client is fixed at 6:15 PM in the main office. Please confirm.,ham
Update: Your OTP for login to Amazon is 747684. Do not share it with anyone. Let me know if you have questions.,ham
NOTICE! Final warning: your Netflix wallet is suspended. Login now to avoid closure: http://freegift-portal.co Respond immediately.,spam
IMPORTANT! Update your UPI PIN now to avoid service suspension. Click here: http://verify-wallet-alert.org Respond immediately.,spam
"FYI: Team, attached is the latest budget approval for your comments. Thank you.",ham
ATTENTION! Your KYC is pending. Update Aadhaar and bank details immediately at http://reward-checker.info Failure to act may cause account closure.,spam
IMPORTANT! Security alert: reset your email password immediately or your account will be deleted: http://verify-wallet-alert.org Respond immediately.,spam
"ATTENTION! Dear customer, we attempted to deliver your package. Confirm address and payment: http://freegift-portal.co Failure to act may cause account closure.",spam
IMPORTANT! Your subscription renewal failed. Re-enter payment credentials now at http://account-upgrade-now.biz Respond immediately.,spam
"ATTENTION! Dear customer, we attempted to deliver your package. Confirm address and payment: http://fastclaim-bonus.net Failure to act may cause account closure.",spam
Thanks for your payment of $199. Your receipt has been generated successfully. Let me know if you have questions.,ham
FYI: Your OTP for login to Amazon is 285978. Do not share it with anyone. Regards.,ham
"Hi team, Your OTP for login to Instagram is 895478. Do not share it with anyone.",ham
ATTENTION! Update your UPI PIN now to avoid service suspension. Click here: http://verify-wallet-alert.org Failure to act may cause account closure.,spam
"Hello, Your leave request for Thursday has been approved by Operations. Regards.",ham
"Team, attached is the latest shipment update for your comments. Regards.",ham
"Please note: Hi Emma, please review the budget approval before Thursday. Please confirm.",ham
Update: Your order from BluePeak has been shipped and will arrive in 2-3 business days. Let me know if you have questions.,ham
NOTICE! Your parcel is on hold due to unpaid customs charge of $199. Pay now: http://reward-checker.info,spam
"Hello, Your order from GreenLeaf has been shipped and will arrive in 2-3 business days. Thank you.",ham
ALERT! Your subscription renewal failed. Re-enter payment credentials now at http://reward-checker.info Offer expires today.,spam
Update: This is a gentle reminder to complete the feedback form by Thursday.,ham
ALERT! Your parcel is on hold due to unpaid customs charge of $99. Pay now: http://account-upgrade-now.biz Respond immediately.,spam
"Hello, The interview with Apex Motors is confirmed for Saturday at 9:00 AM. Thank you.",ham
Update: Please bring your ID card and laptop for the workshop in main office.,ham
FYI: This is a gentle reminder to complete the feedback form by Wednesday. Thank you.,ham
IMPORTANT! URGENT: Your HDFC Bank account will be blocked today. Verify now at http://reward-checker.info Respond immediately.,spam
FYI: Lunch with the client is fixed at 6:15 PM in the training room. Thank you.,ham
"Hi team, Your OTP for login to Netflix is 508482. Do not share it with anyone. Thank you.",ham
"FYI: Hi Vikram, please review the client feedback before Tuesday. Please confirm.",ham
ATTENTION! Security alert: reset your email password immediately or your account will be deleted: http://secure-login-now.com Offer expires today.,spam
Please note: Lunch with the client is fixed at 2:00 PM in the main office. Regards.,ham
FYI: Your package is out for delivery and should reach you by tonight. Let me know if you have questions.,ham
NOTICE! URGENT: Your Axis Bank account will be blocked today. Verify now at http://account-upgrade-now.biz Offer expires today.,spam
ALERT! Congratulations! You have won a free smartphone. Claim your reward immediately: http://account-upgrade-now.biz Failure to act may cause account closure.,spam
Update: The interview with FinTrust is confirmed for Thursday at 12:00 PM. Regards.,ham
"Hi team, Can we reschedule our discussion to Wednesday at 2:00 PM?",ham
"FYI: Hi Sara, please review the weekly report before Tuesday. Thank you.",ham
Please note: The interview with WorkHub is confirmed for Thursday at 9:00 AM. Regards.,ham
"Hi team, Lunch with the client is fixed at 10:30 AM in the library. Let me know if you have questions.",ham
"Hi team, The class has been moved to Zoom due to maintenance work. Thank you.",ham
"NOTICE! Dear customer, we attempted to deliver your package. Confirm address and payment: http://fastclaim-bonus.net Offer expires today.",spam
ALERT! Final warning: your PhonePe wallet is suspended. Login now to avoid closure: http://secure-login-now.com Failure to act may cause account closure.,spam
"Hi team, Lunch with the client is fixed at 10:30 AM in the Zoom. Regards.",ham
IMPORTANT! You are selected for a cash prize of ₹999. Pay a small processing fee now to receive it. Offer expires today.,spam
"Hi team, Team, attached is the latest project update for your comments.",ham
"Hi team, Can we reschedule our discussion to Thursday at 10:30 AM? Let me know if you have questions.",ham
Winner! Your mobile number won lucky draw code UP-1118. Contact agent now to collect prize. Respond immediately.,spam
Update: Thanks for your payment of ₹999. Your receipt has been generated successfully. Let me know if you have questions.,ham
ALERT! Final warning: your PhonePe wallet is suspended. Login now to avoid closure: http://freegift-portal.co,spam
"Please note: Team, attached is the latest invoice review for your comments. Please confirm.",ham
Please note: The network issue has been resolved. Kindly reconnect and confirm access. Regards.,ham
NOTICE! Your parcel is on hold due to unpaid customs charge of $99. Pay now: http://freegift-portal.co Failure to act may cause account closure.,spam
ATTENTION! Update your UPI PIN now to avoid service suspension. Click here: http://fastclaim-bonus.net Respond immediately.,spam
ATTENTION! Update your UPI PIN now to avoid service suspension. Click here: http://freegift-portal.co Failure to act may cause account closure.,spam
"Hi team, Your order from TechNova has been shipped and will arrive in 2-3 business days. Let me know if you have questions.",ham
"Hi team, Please bring your ID card and laptop for the workshop in seminar hall. Please confirm.",ham
"Update: Hi Sam, please review the invoice review before Friday. Let me know if you have questions.",ham
"Hello, Can we reschedule our discussion to Wednesday at 6:15 PM? Regards.",ham
"Please note: Hi Alex, please review the assignment reminder before Friday. Let me know if you have questions.",ham
Your order from Infosphere has been shipped and will arrive in 2-3 business days. Let me know if you have questions.,ham
NOTICE! URGENT: Your HDFC Bank account will be blocked today. Verify now at http://fastclaim-bonus.net,spam
NOTICE! Update your UPI PIN now to avoid service suspension. Click here: http://verify-wallet-alert.org Respond immediately.,spam
"Hello, Your OTP for login to Paytm is 876152. Do not share it with anyone. Please confirm.",ham
FYI: Please bring your ID card and laptop for the workshop in main office.,ham
ATTENTION! Final warning: your Paytm wallet is suspended. Login now to avoid closure: http://verify-wallet-alert.org Respond immediately.,spam
Update: Your OTP for login to Netflix is 794776. Do not share it with anyone. Thank you.,ham
"Your parcel is on hold due to unpaid customs charge of ₹1,999. Pay now: http://verify-wallet-alert.org Failure to act may cause account closure.",spam
"Hi team, The network issue has been resolved. Kindly reconnect and confirm access. Regards.",ham
"Hello, This is a gentle reminder to complete the feedback form by Wednesday. Please confirm.",ham
NOTICE! Free Netflix premium for 12 months. Login with your card to activate today.,spam
Please note: Can we reschedule our discussion to Friday at 3:30 PM? Thank you.,ham
"Hi team, The interview with NexaSoft is confirmed for Friday at 9:00 AM. Thank you.",ham
IMPORTANT! Update your UPI PIN now to avoid service suspension. Click here: http://account-upgrade-now.biz Offer expires today.,spam
This is the final notice from SBI. Submit credentials immediately to prevent permanent freeze. Respond immediately.,spam
IMPORTANT! URGENT: Your Federal Bank account will be blocked today. Verify now at http://reward-checker.info Offer expires today.,spam
Thanks for your payment of $99. Your receipt has been generated successfully. Thank you.,ham
"Hello, Hi Emma, please review the meeting agenda before Thursday. Please confirm.",ham
"NOTICE! Dear customer, we attempted to deliver your package. Confirm address and payment: http://verify-wallet-alert.org Offer expires today.",spam
ATTENTION! Final warning: your Flipkart wallet is suspended. Login now to avoid closure: http://verify-wallet-alert.org Offer expires today.,spam
NOTICE! Winner! Your mobile number won lucky draw code TR-9045. Contact agent now to collect prize.,spam
"Update: Team, attached is the latest invoice review for your comments.",ham
ATTENTION! URGENT: Your Federal Bank account will be blocked today. Verify now at http://verify-wallet-alert.org Respond immediately.,spam
"Hi team, Reminder: the meeting is scheduled in the training room at 6:15 PM. Thank you.",ham
ALERT! URGENT: Your HDFC Bank account will be blocked today. Verify now at http://secure-login-now.com Offer expires today.,spam
FYI: Kindly find the attached notes for today's lecture and next week's plan. Please confirm.,ham
"IMPORTANT! Dear customer, we attempted to deliver your package. Confirm address and payment: http://freegift-portal.co",spam
FYI: This is a gentle reminder to complete the feedback form by Saturday. Let me know if you have questions.,ham
Your leave request for Friday has been approved by Support. Please confirm.,ham
URGENT: Your SBI account will be blocked today. Verify now at http://freegift-portal.co Offer expires today.,spam
ATTENTION! This is the final notice from ICICI Bank. Submit credentials immediately to prevent permanent freeze.,spam
URGENT: Your SBI account will be blocked today. Verify now at http://verify-wallet-alert.org,spam
Please note: This is a gentle reminder to complete the feedback form by Thursday. Thank you.,ham
Can we reschedule our discussion to Monday at 10:30 AM? Let me know if you have questions.,ham
ATTENTION! URGENT: Your Axis Bank account will be blocked today. Verify now at http://secure-login-now.com Offer expires today.,spam
IMPORTANT! Your subscription renewal failed. Re-enter payment credentials now at http://account-upgrade-now.biz Offer expires today.,spam
"Dear customer, we attempted to deliver your package. Confirm address and payment: http://account-upgrade-now.biz Failure to act may cause account closure.",spam
"IMPORTANT! Your parcel is on hold due to unpaid customs charge of ₹1,999. Pay now: http://reward-checker.info",spam
IMPORTANT! This is the final notice from SBI. Submit credentials immediately to prevent permanent freeze. Respond immediately.,spam
ATTENTION! Final warning: your PhonePe wallet is suspended. Login now to avoid closure: http://fastclaim-bonus.net Respond immediately.,spam
NOTICE! URGENT: Your HDFC Bank account will be blocked today. Verify now at http://verify-wallet-alert.org,spam
FYI: Lunch with the client is fixed at 9:00 AM in the conference room 2. Thank you.,ham
IMPORTANT! Winner! Your mobile number won lucky draw code IN-5602. Contact agent now to collect prize.,spam
ALERT! Your KYC is pending. Update Aadhaar and bank details immediately at http://secure-login-now.com Offer expires today.,spam
"FYI: Team, attached is the latest shipment update for your comments. Thank you.",ham
NOTICE! You are selected for a cash prize of ₹499. Pay a small processing fee now to receive it.,spam
"Hi team, Your order from SparkGrid has been shipped and will arrive in 2-3 business days. Regards.",ham
NOTICE! This is the final notice from HDFC Bank. Submit credentials immediately to prevent permanent freeze. Respond immediately.,spam
Please note: This is a gentle reminder to complete the feedback form by Thursday.,ham
Final warning: your Amazon wallet is suspended. Login now to avoid closure: http://verify-wallet-alert.org Offer expires today.,spam
This is the final notice from Kotak Bank. Submit credentials immediately to prevent permanent freeze. Failure to act may cause account closure.,spam
"ATTENTION! Your parcel is on hold due to unpaid customs charge of ₹1,999. Pay now: http://freegift-portal.co Failure to act may cause account closure.",spam
Winner! Your mobile number won lucky draw code NV-4207. Contact agent now to collect prize. Offer expires today.,spam
Please note: The class has been moved to Zoom due to maintenance work. Let me know if you have questions.,ham
Update: Please submit the signed document to the Marketing by Thursday evening. Let me know if you have questions.,ham
Your order from BrightEdge has been shipped and will arrive in 2-3 business days. Let me know if you have questions.,ham
FYI: Thanks for your payment of $49. Your receipt has been generated successfully. Let me know if you have questions.,ham
We received your application and will update you after the screening process. Regards.,ham
FYI: Your leave request for Tuesday has been approved by Admin.,ham
"Hi team, Team, attached is the latest lab schedule for your comments. Please confirm.",ham
"Hi Alex, please review the meeting agenda before Thursday. Regards.",ham
Update: This is a gentle reminder to complete the feedback form by Tuesday. Please confirm.,ham
IMPORTANT! Your parcel is on hold due to unpaid customs charge of $199. Pay now: http://secure-login-now.com,spam
IMPORTANT! Your subscription renewal failed. Re-enter payment credentials now at http://freegift-portal.co,spam
Please note: Can we reschedule our discussion to Saturday at 9:00 AM? Let me know if you have questions.,ham
"Hello, Your OTP for login to PhonePe is 803534. Do not share it with anyone.",ham
"Team, attached is the latest weekly report for your comments. Regards.",ham
Can we reschedule our discussion to Monday at 6:15 PM?,ham
Please note: The monthly salary for this cycle has been credited to your account. Regards.,ham
ALERT! Update your UPI PIN now to avoid service suspension. Click here: http://reward-checker.info Failure to act may cause account closure.,spam
Please note: Your OTP for login to Paytm is 862427. Do not share it with anyone.,ham
IMPORTANT! URGENT: Your Kotak Bank account will be blocked today. Verify now at http://fastclaim-bonus.net Failure to act may cause account closure.,spam
ATTENTION! Congratulations! You have won a free smartphone. Claim your reward immediately: http://account-upgrade-now.biz Failure to act may cause account closure.,spam
NOTICE! Your subscription renewal failed. Re-enter payment credentials now at http://fastclaim-bonus.net Respond immediately.,spam
Please note: The network issue has been resolved. Kindly reconnect and confirm access. Please confirm.,ham
"Hello, Hi Vikram, please review the project update before Monday.",ham
Please note: Your OTP for login to Amazon is 429739. Do not share it with anyone. Regards.,ham
"Hi team, Your leave request for Thursday has been approved by Operations.",ham
Please submit the signed document to the Accounts by Saturday evening. Please confirm.,ham
URGENT: Your Federal Bank account will be blocked today. Verify now at http://fastclaim-bonus.net Respond immediately.,spam
"Hi team, Your OTP for login to Paytm is 503897. Do not share it with anyone. Thank you.",ham
FYI: Your leave request for Tuesday has been approved by Operations.,ham
"Hello, Hi Rahul, please review the project update before Friday. Regards.",ham
Winner! Your mobile number won lucky draw code UP-1118. Contact agent now to collect prize. Failure to act may cause account closure.,spam
Winner! Your mobile number won lucky draw code TR-9045. Contact agent now to collect prize.,spam
"Hi team, Your OTP for login to Google Pay is 798103. Do not share it with anyone. Let me know if you have questions.",ham
Final warning: your Flipkart wallet is suspended. Login now to avoid closure: http://verify-wallet-alert.org Offer expires today.,spam
"Hi team, Your OTP for login to Instagram is 602777. Do not share it with anyone. Please confirm.",ham
"Hi team, Can we reschedule our discussion to Tuesday at 3:30 PM? Thank you.",ham
Update: The interview with FinTrust is confirmed for Tuesday at 2:00 PM. Let me know if you have questions.,ham
IMPORTANT! This is the final notice from Kotak Bank. Submit credentials immediately to prevent permanent freeze. Respond immediately.,spam
Your KYC is pending. Update Aadhaar and bank details immediately at http://verify-wallet-alert.org Offer expires today.,spam
"Hello, Can we reschedule our discussion to Saturday at 10:30 AM? Let me know if you have questions.",ham
Please note: Lunch with the client is fixed at 5:00 PM in the training room. Let me know if you have questions.,ham
NOTICE! Your parcel is on hold due to unpaid customs charge of $49. Pay now: http://reward-checker.info Respond immediately.,spam
Please note: Lunch with the client is fixed at 2:00 PM in the seminar hall. Thank you.,ham
"Dear user, unusual activity detected. Confirm your password and PAN details here: http://fastclaim-bonus.net Respond immediately.",spam
Please note: This is a gentle reminder to complete the feedback form by Wednesday. Thank you.,ham
IMPORTANT! Your KYC is pending. Update Aadhaar and bank details immediately at http://freegift-portal.co Offer expires today.,spam
Please note: Your leave request for Tuesday has been approved by Marketing. Regards.,ham
Final warning: your Netflix wallet is suspended. Login now to avoid closure: http://freegift-portal.co Offer expires today.,spam
"Update: Hi Neha, please review the invoice review before Monday.",ham
NOTICE! Final warning: your Amazon wallet is suspended. Login now to avoid closure: http://account-upgrade-now.biz Offer expires today.,spam
"Hello, Your order from BrightEdge has been shipped and will arrive in 2-3 business days. Let me know if you have questions.",ham
This is the final notice from SBI. Submit credentials immediately to prevent permanent freeze.,spam
Your KYC is pending. Update Aadhaar and bank details immediately at http://fastclaim-bonus.net Respond immediately.,spam
Please bring your ID card and laptop for the workshop in training room. Thank you.,ham
"Hello, We received your application and will update you after the screening process.",ham
FYI: The class has been moved to main office due to maintenance work. Let me know if you have questions.,ham
"Hello, Please bring your ID card and laptop for the workshop in main office. Thank you.",ham
Final warning: your Paytm wallet is suspended. Login now to avoid closure: http://fastclaim-bonus.net Failure to act may cause account closure.,spam
Update: Lunch with the client is fixed at 2:00 PM in the seminar hall. Regards.,ham
Update: Please submit the signed document to the Marketing by Monday evening. Please confirm.,ham
NOTICE! Congratulations! You have won a free smartphone. Claim your reward immediately: http://verify-wallet-alert.org Failure to act may cause account closure.,spam
NOTICE! Your parcel is on hold due to unpaid customs charge of $199. Pay now: http://account-upgrade-now.biz Offer expires today.,spam
IMPORTANT! Congratulations! You have won a free smartphone. Claim your reward immediately: http://fastclaim-bonus.net Offer expires today.,spam
FYI: Please submit the signed document to the Accounts by Thursday evening. Please confirm.,ham
IMPORTANT! Your KYC is pending. Update Aadhaar and bank details immediately at http://verify-wallet-alert.org,spam
IMPORTANT! Your subscription renewal failed. Re-enter payment credentials now at http://secure-login-now.com,spam
"NOTICE! Your parcel is on hold due to unpaid customs charge of ₹1,999. Pay now: http://secure-login-now.com Respond immediately.",spam
Congratulations! You have won a free smartphone. Claim your reward immediately: http://freegift-portal.co,spam
NOTICE! URGENT: Your Axis Bank account will be blocked today. Verify now at http://fastclaim-bonus.net,spam
NOTICE! Your subscription renewal failed. Re-enter payment credentials now at http://reward-checker.info,spam
NOTICE! Congratulations! You have won a free smartphone. Claim your reward immediately: http://account-upgrade-now.biz,spam
"Hello, Team, attached is the latest invoice review for your comments. Please confirm.",ham
NOTICE! URGENT: Your Federal Bank account will be blocked today. Verify now at http://account-upgrade-now.biz,spam
"FYI: Thanks for your payment of ₹1,999. Your receipt has been generated successfully. Let me know if you have questions.",ham
"Hello, Thanks for your payment of $49. Your receipt has been generated successfully. Let me know if you have questions.",ham
"Hi team, Reminder: the meeting is scheduled in the main office at 9:00 AM. Please confirm.",ham
NOTICE! Final warning: your Flipkart wallet is suspended. Login now to avoid closure: http://account-upgrade-now.biz Failure to act may cause account closure.,spam
"Hi team, This is a gentle reminder to complete the feedback form by Tuesday. Regards.",ham
ALERT! Your subscription renewal failed. Re-enter payment credentials now at http://freegift-portal.co Respond immediately.,spam
NOTICE! Winner! Your mobile number won lucky draw code IN-5602. Contact agent now to collect prize. Respond immediately.,spam
Your subscription renewal failed. Re-enter payment credentials now at http://secure-login-now.com Failure to act may cause account closure.,spam
"ATTENTION! Dear user, unusual activity detected. Confirm your password and PAN details here: http://secure-login-now.com",spam
Update: Lunch with the client is fixed at 5:00 PM in the conference room 2. Let me know if you have questions.,ham
Please bring your ID card and laptop for the workshop in library. Regards.,ham
Please note: The interview with QuickShip is confirmed for Friday at 9:00 AM. Please confirm.,ham
"Hi team, Hi Michael, please review the project update before Saturday.",ham
ALERT! Update your UPI PIN now to avoid service suspension. Click here: http://fastclaim-bonus.net Respond immediately.,spam
ATTENTION! URGENT: Your Kotak Bank account will be blocked today. Verify now at http://account-upgrade-now.biz Respond immediately.,spam
"ATTENTION! Your parcel is on hold due to unpaid customs charge of ₹4,999. Pay now: http://reward-checker.info Respond immediately.",spam
"Hi team, We received your application and will update you after the screening process.",ham
"Hi team, Reminder: the meeting is scheduled in the lab 3 at 12:00 PM. Thank you.",ham
"Hello, Can we reschedule our discussion to Thursday at 9:00 AM?",ham
"Hello, Please submit the signed document to the Operations by Saturday evening. Regards.",ham
"Hello, Hi Sam, please review the project update before Thursday. Regards.",ham
Your leave request for Monday has been approved by Marketing. Regards.,ham
NOTICE! Your subscription renewal failed. Re-enter payment credentials now at http://reward-checker.info Offer expires today.,spam
FYI: Thanks for your payment of $49. Your receipt has been generated successfully. Regards.,ham
Congratulations! You have won a free smartphone. Claim your reward immediately: http://verify-wallet-alert.org,spam
"Hello, Thanks for your payment of ₹499. Your receipt has been generated successfully. Thank you.",ham
"Hi David, please review the weekly report before Wednesday. Let me know if you have questions.",ham
"Hi team, Your package is out for delivery and should reach you by tonight. Regards.",ham
"Hello, This is a gentle reminder to complete the feedback form by Tuesday. Let me know if you have questions.",ham
Please note: Your OTP for login to Google Pay is 143061. Do not share it with anyone. Please confirm.,ham
NOTICE! URGENT: Your SBI account will be blocked today. Verify now at http://secure-login-now.com Respond immediately.,spam
ALERT! URGENT: Your Axis Bank account will be blocked today. Verify now at http://secure-login-now.com,spam
IMPORTANT! URGENT: Your Kotak Bank account will be blocked today. Verify now at http://reward-checker.info Respond immediately.,spam
Your leave request for Tuesday has been approved by Admin. Thank you.,ham
ALERT! Get rich fast! Earn guaranteed daily income from home. Limited slots left. Join now. Offer expires today.,spam
Update: Thanks for your payment of $199. Your receipt has been generated successfully. Regards.,ham
IMPORTANT! Exclusive investment offer: double your money in 7 days. Reply YES to start.,spam
ATTENTION! Update your UPI PIN now to avoid service suspension. Click here: http://secure-login-now.com Respond immediately.,spam
"Hello, This is a gentle reminder to complete the feedback form by Thursday. Let me know if you have questions.",ham
NOTICE! Congratulations! You have won a free smartphone. Claim your reward immediately: http://reward-checker.info,spam
"Hello, Your order from NexaSoft has been shipped and will arrive in 2-3 business days. Let me know if you have questions.",ham
ATTENTION! Final warning: your PhonePe wallet is suspended. Login now to avoid closure: http://account-upgrade-now.biz Respond immediately.,spam
"ALERT! Dear user, unusual activity detected. Confirm your password and PAN details here: http://verify-wallet-alert.org Respond immediately.",spam
ALERT! URGENT: Your Axis Bank account will be blocked today. Verify now at http://secure-login-now.com Respond immediately.,spam
IMPORTANT! Final warning: your Instagram wallet is suspended. Login now to avoid closure: http://verify-wallet-alert.org Respond immediately.,spam
IMPORTANT! Security alert: reset your email password immediately or your account will be deleted: http://verify-wallet-alert.org,spam
ALERT! Final warning: your LinkedIn wallet is suspended. Login now to avoid closure: http://account-upgrade-now.biz Respond immediately.,spam
NOTICE! Your parcel is on hold due to unpaid customs charge of $99. Pay now: http://account-upgrade-now.biz Offer expires today.,spam
You have been pre-approved for an instant loan. Share OTP and card details to proceed. Failure to act may cause account closure.,spam
Get rich fast! Earn guaranteed daily income from home. Limited slots left. Join now. Respond immediately.,spam
Please submit the signed document to the Faculty Office by Saturday evening. Regards.,ham
IMPORTANT! Final warning: your Instagram wallet is suspended. Login now to avoid closure: http://secure-login-now.com Offer expires today.,spam
"IMPORTANT! You are selected for a cash prize of ₹1,999. Pay a small processing fee now to receive it. Failure to act may cause account closure.",spam
Update: Please submit the signed document to the Operations by Wednesday evening. Regards.,ham
"Hello, Can we reschedule our discussion to Tuesday at 12:00 PM? Let me know if you have questions.",ham
ALERT! Special crypto opportunity: guaranteed 5x profit. Deposit today and withdraw tomorrow. Respond immediately.,spam
Please note: Your order from NexaSoft has been shipped and will arrive in 2-3 business days.,ham
Your subscription renewal failed. Re-enter payment credentials now at http://fastclaim-bonus.net,spam
"NOTICE! Dear customer, we attempted to deliver your package. Confirm address and payment: http://reward-checker.info Failure to act may cause account closure.",spam
"Hello, Your leave request for Thursday has been approved by Operations. Thank you.",ham
URGENT: Your HDFC Bank account will be blocked today. Verify now at http://freegift-portal.co Offer expires today.,spam
Final warning: your Netflix wallet is suspended. Login now to avoid closure: http://secure-login-now.com Respond immediately.,spam
"Team, attached is the latest meeting agenda for your comments. Regards.",ham
The interview with NexaSoft is confirmed for Thursday at 12:00 PM. Please confirm.,ham
Please note: Please bring your ID card and laptop for the workshop in lab 3. Please confirm.,ham
"Hi team, Reminder: the meeting is scheduled in the conference room 2 at 5:00 PM. Regards.",ham
"Hi team, Hi Priya, please review the client feedback before Thursday.",ham
ALERT! URGENT: Your SBI account will be blocked today. Verify now at http://freegift-portal.co Offer expires today.,spam
"ALERT! Dear user, unusual activity detected. Confirm your password and PAN details here: http://secure-login-now.com Failure to act may cause account closure.",spam
NOTICE! This is the final notice from Kotak Bank. Submit credentials immediately to prevent permanent freeze. Failure to act may cause account closure.,spam
Update: Your leave request for Thursday has been approved by Operations. Please confirm.,ham
Please submit the signed document to the HR by Wednesday evening. Let me know if you have questions.,ham
Please note: We received your application and will update you after the screening process. Thank you.,ham
ALERT! Final warning: your Netflix wallet is suspended. Login now to avoid closure: http://fastclaim-bonus.net Failure to act may cause account closure.,spam
"Hi team, Your OTP for login to PhonePe is 969032. Do not share it with anyone. Regards.",ham
Update: The interview with TechNova is confirmed for Thursday at 3:30 PM. Please confirm.,ham
IMPORTANT! URGENT: Your Federal Bank account will be blocked today. Verify now at http://freegift-portal.co,spam
NOTICE! Final warning: your Google Pay wallet is suspended. Login now to avoid closure: http://verify-wallet-alert.org Offer expires today.,spam
"Hi team, Please submit the signed document to the Accounts by Monday evening. Regards.",ham
Your subscription renewal failed. Re-enter payment credentials now at http://reward-checker.info Failure to act may cause account closure.,spam
Final warning: your LinkedIn wallet is suspended. Login now to avoid closure: http://account-upgrade-now.biz Respond immediately.,spam
"ALERT! Your parcel is on hold due to unpaid customs charge of ₹4,999. Pay now: http://reward-checker.info Failure to act may cause account closure.",spam
NOTICE! Congratulations! You have won a free smartphone. Claim your reward immediately: http://freegift-portal.co Respond immediately.,spam
NOTICE! Your KYC is pending. Update Aadhaar and bank details immediately at http://reward-checker.info Failure to act may cause account closure.,spam
Update: Reminder: the meeting is scheduled in the library at 9:00 AM. Regards.,ham
Please bring your ID card and laptop for the workshop in lab 3. Thank you.,ham
Update: Can we reschedule our discussion to Tuesday at 5:00 PM?,ham
Please note: The class has been moved to seminar hall due to maintenance work. Please confirm.,ham
IMPORTANT! URGENT: Your Federal Bank account will be blocked today. Verify now at http://freegift-portal.co Respond immediately.,spam
NOTICE! Final warning: your Paytm wallet is suspended. Login now to avoid closure: http://account-upgrade-now.biz Offer expires today.,spam
We have updated the project tracker with the latest milestones and owners. Let me know if you have questions.,ham
"Update: Team, attached is the latest attendance list for your comments. Regards.",ham
ATTENTION! URGENT: Your SBI account will be blocked today. Verify now at http://reward-checker.info,spam
"ATTENTION! Your parcel is on hold due to unpaid customs charge of ₹1,999. Pay now: http://fastclaim-bonus.net Offer expires today.",spam
Please note: Can we reschedule our discussion to Monday at 2:00 PM? Thank you.,ham
Reminder: the meeting is scheduled in the Zoom at 6:15 PM. Thank you.,ham
"Team, attached is the latest invoice review for your comments. Thank you.",ham
"Hello, Please submit the signed document to the HR by Wednesday evening.",ham
"ATTENTION! Dear user, unusual activity detected. Confirm your password and PAN details here: http://verify-wallet-alert.org Respond immediately.",spam
"ATTENTION! Dear user, unusual activity detected. Confirm your password and PAN details here: http://freegift-portal.co",spam
ATTENTION! You are selected for a cash prize of $49. Pay a small processing fee now to receive it. Respond immediately.,spam
"Hello, We have updated the project tracker with the latest milestones and owners. Thank you.",ham
"Please note: Team, attached is the latest meeting agenda for your comments. Regards.",ham
"Hello, Your order from CloudSync has been shipped and will arrive in 2-3 business days.",ham
Security alert: reset your email password immediately or your account will be deleted: http://verify-wallet-alert.org Respond immediately.,spam
ATTENTION! Your parcel is on hold due to unpaid customs charge of ₹999. Pay now: http://reward-checker.info,spam
Please note: Your order from GreenLeaf has been shipped and will arrive in 2-3 business days. Please confirm.,ham
"Update: Hi Sam, please review the invoice review before Tuesday. Let me know if you have questions.",ham
ATTENTION! URGENT: Your SBI account will be blocked today. Verify now at http://account-upgrade-now.biz Failure to act may cause account closure.,spam
Update: The class has been moved to main office due to maintenance work. Please confirm.,ham
IMPORTANT! Your tax refund is ready. Confirm account number and CVV to receive the amount. Respond immediately.,spam
Please note: Lunch with the client is fixed at 5:00 PM in the main office.,ham
The class has been moved to library due to maintenance work. Regards.,ham
"Hi Sam, please review the weekly report before Friday. Let me know if you have questions.",ham
Your parcel is on hold due to unpaid customs charge of $49. Pay now: http://verify-wallet-alert.org Failure to act may cause account closure.,spam
"Update: Hi David, please review the shipment update before Friday. Let me know if you have questions.",ham
Update: The network issue has been resolved. Kindly reconnect and confirm access. Please confirm.,ham
ATTENTION! Your KYC is pending. Update Aadhaar and bank details immediately at http://freegift-portal.co Offer expires today.,spam
IMPORTANT! Security alert: reset your email password immediately or your account will be deleted: http://verify-wallet-alert.org Offer expires today.,spam
Please note: This is a gentle reminder to complete the feedback form by Friday.,ham
Please note: Please submit the signed document to the HR by Thursday evening. Thank you.,ham
Please note: Please submit the signed document to the IT by Monday evening. Let me know if you have questions.,ham
Please note: Your order from Horizon Labs has been shipped and will arrive in 2-3 business days.,ham
ALERT! Get rich fast! Earn guaranteed daily income from home. Limited slots left. Join now.,spam
IMPORTANT! URGENT: Your Federal Bank account will be blocked today. Verify now at http://fastclaim-bonus.net Respond immediately.,spam
FYI: The interview with BrightEdge is confirmed for Friday at 2:00 PM. Please confirm.,ham
"Hello, Lunch with the client is fixed at 10:30 AM in the main office. Let me know if you have questions.",ham
Security alert: reset your email password immediately or your account will be deleted: http://reward-checker.info Failure to act may cause account closure.,spam
Your order from WorkHub has been shipped and will arrive in 2-3 business days. Thank you.,ham
Winner! Your mobile number won lucky draw code HR-7710. Contact agent now to collect prize. Respond immediately.,spam
"Dear user, unusual activity detected. Confirm your password and PAN details here: http://account-upgrade-now.biz Offer expires today.",spam
ALERT! Final warning: your Flipkart wallet is suspended. Login now to avoid closure: http://reward-checker.info Offer expires today.,spam
Your tax refund is ready. Confirm account number and CVV to receive the amount. Respond immediately.,spam
"ATTENTION! Dear customer, we attempted to deliver your package. Confirm address and payment: http://reward-checker.info Failure to act may cause account closure.",spam
FYI: This is a gentle reminder to complete the feedback form by Saturday. Please confirm.,ham
ALERT! Your parcel is on hold due to unpaid customs charge of $49. Pay now: http://reward-checker.info Offer expires today.,spam
"Hi team, Please bring your ID card and laptop for the workshop in Zoom. Thank you.",ham
Security alert: reset your email password immediately or your account will be deleted: http://secure-login-now.com,spam
FYI: Reminder: the meeting is scheduled in the library at 6:15 PM. Thank you.,ham
"Hello, Lunch with the client is fixed at 2:00 PM in the conference room 2.",ham
"Hello, Your OTP for login to LinkedIn is 293636. Do not share it with anyone. Please confirm.",ham
ALERT! Final warning: your Amazon wallet is suspended. Login now to avoid closure: http://account-upgrade-now.biz Respond immediately.,spam
"Hello, Your leave request for Tuesday has been approved by Accounts. Let me know if you have questions.",ham
"ALERT! You are selected for a cash prize of ₹1,999. Pay a small processing fee now to receive it.",spam
Your order from GreenLeaf has been shipped and will arrive in 2-3 business days. Please confirm.,ham
IMPORTANT! Update your UPI PIN now to avoid service suspension. Click here: http://reward-checker.info,spam
IMPORTANT! Your parcel is on hold due to unpaid customs charge of $49. Pay now: http://reward-checker.info Respond immediately.,spam
"Hello, This is a gentle reminder to complete the feedback form by Friday. Please confirm.",ham
ALERT! URGENT: Your SBI account will be blocked today. Verify now at http://secure-login-now.com Respond immediately.,spam
Update: This is a gentle reminder to complete the feedback form by Saturday. Please confirm.,ham
NOTICE! Update your UPI PIN now to avoid service suspension. Click here: http://fastclaim-bonus.net Failure to act may cause account closure.,spam
Update: Thanks for your payment of $49. Your receipt has been generated successfully. Regards.,ham
NOTICE! Security alert: reset your email password immediately or your account will be deleted: http://secure-login-now.com Respond immediately.,spam
"Hi team, Your order from GreenLeaf has been shipped and will arrive in 2-3 business days. Thank you.",ham
ATTENTION! URGENT: Your Kotak Bank account will be blocked today. Verify now at http://secure-login-now.com Failure to act may cause account closure.,spam
"IMPORTANT! Dear user, unusual activity detected. Confirm your password and PAN details here: http://fastclaim-bonus.net Offer expires today.",spam
"Hello, Team, attached is the latest lab schedule for your comments. Let me know if you have questions.",ham
NOTICE! You are selected for a cash prize of ₹999. Pay a small processing fee now to receive it. Offer expires today.,spam
The class has been moved to lab 3 due to maintenance work. Thank you.,ham
ALERT! Update your UPI PIN now to avoid service suspension. Click here: http://verify-wallet-alert.org Failure to act may cause account closure.,spam
"FYI: Hi David, please review the client feedback before Saturday. Regards.",ham
"Hello, Team, attached is the latest meeting agenda for your comments. Please confirm.",ham
IMPORTANT! Your parcel is on hold due to unpaid customs charge of $49. Pay now: http://fastclaim-bonus.net Respond immediately.,spam
"Hi team, Reminder: the meeting is scheduled in the training room at 9:00 AM. Let me know if you have questions.",ham
"Hello, Lunch with the client is fixed at 12:00 PM in the seminar hall. Regards.",ham
"You are selected for a cash prize of ₹4,999. Pay a small processing fee now to receive it. Failure to act may cause account closure.",spam
Update: Please submit the signed document to the Admin by Thursday evening. Let me know if you have questions.,ham
ATTENTION! Your KYC is pending. Update Aadhaar and bank details immediately at http://fastclaim-bonus.net,spam
Update: Please bring your ID card and laptop for the workshop in library.,ham
Your OTP for login to LinkedIn is 231652. Do not share it with anyone. Thank you.,ham
FYI: Thanks for your payment of $199. Your receipt has been generated successfully. Please confirm.,ham
Get rich fast! Earn guaranteed daily income from home. Limited slots left. Join now.,spam
Update: Please submit the signed document to the Support by Saturday evening. Regards.,ham
Update: The interview with CloudSync is confirmed for Friday at 9:00 AM. Please confirm.,ham
Please note: We have updated the project tracker with the latest milestones and owners. Regards.,ham
ALERT! Your parcel is on hold due to unpaid customs charge of ₹999. Pay now: http://account-upgrade-now.biz,spam
"FYI: Hi Neha, please review the shipment update before Thursday. Regards.",ham
IMPORTANT! Congratulations! You have won a free smartphone. Claim your reward immediately: http://secure-login-now.com,spam
ATTENTION! URGENT: Your HDFC Bank account will be blocked today. Verify now at http://account-upgrade-now.biz Offer expires today.,spam
You are selected for a cash prize of $99. Pay a small processing fee now to receive it. Offer expires today.,spam
"Hello, Lunch with the client is fixed at 2:00 PM in the seminar hall. Let me know if you have questions.",ham
NOTICE! URGENT: Your HDFC Bank account will be blocked today. Verify now at http://secure-login-now.com,spam
"Hi team, Your leave request for Wednesday has been approved by Marketing. Let me know if you have questions.",ham
ATTENTION! Your parcel is on hold due to unpaid customs charge of $49. Pay now: http://verify-wallet-alert.org Failure to act may cause account closure.,spam
"Update: Hi Ananya, please review the client feedback before Saturday.",ham
Lunch with the client is fixed at 6:15 PM in the training room. Let me know if you have questions.,ham
NOTICE! You have been pre-approved for an instant loan. Share OTP and card details to proceed. Respond immediately.,spam
ATTENTION! You are selected for a cash prize of $199. Pay a small processing fee now to receive it. Failure to act may cause account closure.,spam
ALERT! Update your UPI PIN now to avoid service suspension. Click here: http://fastclaim-bonus.net Failure to act may cause account closure.,spam
FYI: Please submit the signed document to the Marketing by Saturday evening. Please confirm.,ham
ATTENTION! Winner! Your mobile number won lucky draw code AX-2291. Contact agent now to collect prize.,spam
"IMPORTANT! Dear customer, we attempted to deliver your package. Confirm address and payment: http://freegift-portal.co Offer expires today.",spam
The interview with FinTrust is confirmed for Thursday at 9:00 AM. Let me know if you have questions.,ham
"Hi team, Your OTP for login to Paytm is 623956. Do not share it with anyone. Regards.",ham
"Hi team, Team, attached is the latest project update for your comments. Let me know if you have questions.",ham
ALERT! Winner! Your mobile number won lucky draw code HR-7710. Contact agent now to collect prize. Failure to act may cause account closure.,spam
NOTICE! Congratulations! You have won a free smartphone. Claim your reward immediately: http://freegift-portal.co,spam
NOTICE! Your parcel is on hold due to unpaid customs charge of $199. Pay now: http://verify-wallet-alert.org Failure to act may cause account closure.,spam
"IMPORTANT! Dear customer, we attempted to deliver your package. Confirm address and payment: http://verify-wallet-alert.org Failure to act may cause account closure.",spam
ATTENTION! URGENT: Your Federal Bank account will be blocked today. Verify now at http://account-upgrade-now.biz Failure to act may cause account closure.,spam
Update: Thanks for your payment of ₹999. Your receipt has been generated successfully. Thank you.,ham
Update: Please submit the signed document to the Admin by Thursday evening. Thank you.,ham
NOTICE! Act now: your job application has been shortlisted. Pay registration fees to complete hiring.,spam
IMPORTANT! Your subscription renewal failed. Re-enter payment credentials now at http://verify-wallet-alert.org Offer expires today.,spam
Update: The class has been moved to seminar hall due to maintenance work.,ham
Winner! Your mobile number won lucky draw code AX-2291. Contact agent now to collect prize. Respond immediately.,spam
ALERT! You are selected for a cash prize of $99. Pay a small processing fee now to receive it. Failure to act may cause account closure.,spam
ATTENTION! Final warning: your Netflix wallet is suspended. Login now to avoid closure: http://reward-checker.info Failure to act may cause account closure.,spam
NOTICE! You are selected for a cash prize of $199. Pay a small processing fee now to receive it.,spam
ALERT! Final warning: your PhonePe wallet is suspended. Login now to avoid closure: http://secure-login-now.com Offer expires today.,spam
"Hello, Hi Aarav, please review the meeting agenda before Saturday. Thank you.",ham
Update: Lunch with the client is fixed at 5:00 PM in the training room.,ham
"NOTICE! Dear customer, we attempted to deliver your package. Confirm address and payment: http://verify-wallet-alert.org Respond immediately.",spam
Your parcel is on hold due to unpaid customs charge of $49. Pay now: http://freegift-portal.co,spam
Please note: Thanks for your payment of ₹999. Your receipt has been generated successfully. Regards.,ham
ALERT! Final warning: your Flipkart wallet is suspended. Login now to avoid closure: http://freegift-portal.co,spam
"ALERT! Dear customer, we attempted to deliver your package. Confirm address and payment: http://secure-login-now.com Failure to act may cause account closure.",spam
ATTENTION! Your KYC is pending. Update Aadhaar and bank details immediately at http://account-upgrade-now.biz Respond immediately.,spam
"Update: Hi Neha, please review the budget approval before Thursday. Let me know if you have questions.",ham
ATTENTION! You are selected for a cash prize of ₹999. Pay a small processing fee now to receive it. Respond immediately.,spam
Update: The monthly salary for this cycle has been credited to your account. Thank you.,ham
"Hi team, Your order from BluePeak has been shipped and will arrive in 2-3 business days. Thank you.",ham
"Hi team, Thanks for your payment of ₹999. Your receipt has been generated successfully. Regards.",ham
"Hello, Can we reschedule our discussion to Thursday at 9:00 AM? Please confirm.",ham
"Hello, We received your application and will update you after the screening process. Let me know if you have questions.",ham
NOTICE! This is the final notice from ICICI Bank. Submit credentials immediately to prevent permanent freeze. Respond immediately.,spam
Please submit the signed document to the Support by Friday evening.,ham
"Hello, Please submit the signed document to the Admin by Thursday evening. Thank you.",ham
Please note: The interview with Apex Motors is confirmed for Tuesday at 10:30 AM. Let me know if you have questions.,ham
FYI: Lunch with the client is fixed at 5:00 PM in the library.,ham
FYI: Your OTP for login to Instagram is 364514. Do not share it with anyone. Let me know if you have questions.,ham
Your order from SparkGrid has been shipped and will arrive in 2-3 business days. Regards.,ham
"Hi team, Team, attached is the latest invoice review for your comments. Thank you.",ham
FYI: Your leave request for Monday has been approved by Operations.,ham
"Hello, The interview with CloudSync is confirmed for Tuesday at 9:00 AM. Regards.",ham
"ALERT! Your parcel is on hold due to unpaid customs charge of ₹1,999. Pay now: http://verify-wallet-alert.org Respond immediately.",spam
"Hi team, Your OTP for login to PhonePe is 745072. Do not share it with anyone. Regards.",ham
ATTENTION! You are selected for a cash prize of $99. Pay a small processing fee now to receive it. Respond immediately.,spam
Final warning: your Amazon wallet is suspended. Login now to avoid closure: http://account-upgrade-now.biz Offer expires today.,spam
Update: Your order from UrbanMart has been shipped and will arrive in 2-3 business days. Thank you.,ham
ATTENTION! Get rich fast! Earn guaranteed daily income from home. Limited slots left. Join now. Respond immediately.,spam
ATTENTION! Your parcel is on hold due to unpaid customs charge of $199. Pay now: http://freegift-portal.co,spam
"NOTICE! Dear customer, we attempted to deliver your package. Confirm address and payment: http://reward-checker.info Offer expires today.",spam
ALERT! URGENT: Your SBI account will be blocked today. Verify now at http://freegift-portal.co Respond immediately.,spam
Please note: Lunch with the client is fixed at 6:15 PM in the conference room 2. Thank you.,ham
Please note: Your order from SparkGrid has been shipped and will arrive in 2-3 business days.,ham
NOTICE! URGENT: Your ICICI Bank account will be blocked today. Verify now at http://freegift-portal.co Offer expires today.,spam
Update your UPI PIN now to avoid service suspension. Click here: http://account-upgrade-now.biz Failure to act may cause account closure.,spam
Winner! Your mobile number won lucky draw code AX-2291. Contact agent now to collect prize. Offer expires today.,spam
ALERT! Winner! Your mobile number won lucky draw code AX-2291. Contact agent now to collect prize. Failure to act may cause account closure.,spam
"Hi team, We have updated the project tracker with the latest milestones and owners. Thank you.",ham
NOTICE! Your subscription renewal failed. Re-enter payment credentials now at http://freegift-portal.co Failure to act may cause account closure.,spam
Can we reschedule our discussion to Thursday at 2:00 PM? Please confirm.,ham
"Hello, Lunch with the client is fixed at 9:00 AM in the seminar hall. Please confirm.",ham
Update: Please bring your ID card and laptop for the workshop in lab 3.,ham
"Hi team, Thanks for your payment of $49. Your receipt has been generated successfully. Please confirm.",ham
URGENT: Your ICICI Bank account will be blocked today. Verify now at http://secure-login-now.com Failure to act may cause account closure.,spam
"NOTICE! Dear user, unusual activity detected. Confirm your password and PAN details here: http://account-upgrade-now.biz",spam
Please note: The interview with TechNova is confirmed for Friday at 12:00 PM. Regards.,ham
Your OTP for login to Flipkart is 881543. Do not share it with anyone. Please confirm.,ham
"Hi team, The class has been moved to seminar hall due to maintenance work. Please confirm.",ham
ATTENTION! Final warning: your LinkedIn wallet is suspended. Login now to avoid closure: http://freegift-portal.co Offer expires today.,spam
Final warning: your LinkedIn wallet is suspended. Login now to avoid closure: http://account-upgrade-now.biz Failure to act may cause account closure.,spam
ATTENTION! URGENT: Your SBI account will be blocked today. Verify now at http://freegift-portal.co Respond immediately.,spam
ATTENTION! Your KYC is pending. Update Aadhaar and bank details immediately at http://verify-wallet-alert.org,spam
"ALERT! Your parcel is on hold due to unpaid customs charge of ₹4,999. Pay now: http://account-upgrade-now.biz Respond immediately.",spam
FYI: Your OTP for login to Flipkart is 732608. Do not share it with anyone.,ham
Update: Please bring your ID card and laptop for the workshop in Zoom. Please confirm.,ham
"Dear user, unusual activity detected. Confirm your password and PAN details here: http://fastclaim-bonus.net Offer expires today.",spam
"Dear user, unusual activity detected. Confirm your password and PAN details here: http://reward-checker.info Offer expires today.",spam
NOTICE! Your parcel is on hold due to unpaid customs charge of $49. Pay now: http://fastclaim-bonus.net Failure to act may cause account closure.,spam
NOTICE! You are selected for a cash prize of ₹999. Pay a small processing fee now to receive it.,spam
ATTENTION! Final warning: your Instagram wallet is suspended. Login now to avoid closure: http://freegift-portal.co Offer expires today.,spam
ATTENTION! Your parcel is on hold due to unpaid customs charge of ₹499. Pay now: http://account-upgrade-now.biz,spam
ATTENTION! URGENT: Your Kotak Bank account will be blocked today. Verify now at http://fastclaim-bonus.net Respond immediately.,spam
FYI: Your order from SparkGrid has been shipped and will arrive in 2-3 business days.,ham
ALERT! Your KYC is pending. Update Aadhaar and bank details immediately at http://secure-login-now.com,spam
Your subscription renewal failed. Re-enter payment credentials now at http://secure-login-now.com Offer expires today.,spam
Your leave request for Friday has been approved by Faculty Office. Thank you.,ham
"ATTENTION! Dear customer, we attempted to deliver your package. Confirm address and payment: http://account-upgrade-now.biz Respond immediately.",spam
Please note: Lunch with the client is fixed at 10:30 AM in the training room.,ham
Please note: Reminder: the meeting is scheduled in the conference room 2 at 3:30 PM. Regards.,ham
Update: Your leave request for Thursday has been approved by Support. Please confirm.,ham
IMPORTANT! This is the final notice from HDFC Bank. Submit credentials immediately to prevent permanent freeze. Failure to act may cause account closure.,spam
FYI: Your order from Apex Motors has been shipped and will arrive in 2-3 business days. Thank you.,ham
"Please note: Hi Alex, please review the shipment update before Friday. Let me know if you have questions.",ham
NOTICE! Your KYC is pending. Update Aadhaar and bank details immediately at http://freegift-portal.co Failure to act may cause account closure.,spam
ATTENTION! Your parcel is on hold due to unpaid customs charge of $199. Pay now: http://freegift-portal.co Failure to act may cause account closure.,spam
FYI: Reminder: the meeting is scheduled in the conference room 2 at 3:30 PM. Let me know if you have questions.,ham
Security alert: reset your email password immediately or your account will be deleted: http://fastclaim-bonus.net Offer expires today.,spam
Update: Your order from CloudSync has been shipped and will arrive in 2-3 business days. Please confirm.,ham
"You are selected for a cash prize of ₹1,999. Pay a small processing fee now to receive it. Offer expires today.",spam
ALERT! Update your UPI PIN now to avoid service suspension. Click here: http://reward-checker.info,spam
IMPORTANT! You are selected for a cash prize of ₹499. Pay a small processing fee now to receive it. Failure to act may cause account closure.,spam
ALERT! Your KYC is pending. Update Aadhaar and bank details immediately at http://verify-wallet-alert.org,spam
Please note: Lunch with the client is fixed at 10:30 AM in the main office.,ham
ALERT! This is the final notice from Federal Bank. Submit credentials immediately to prevent permanent freeze. Respond immediately.,spam
Please note: Reminder: the meeting is scheduled in the library at 6:15 PM. Let me know if you have questions.,ham
ALERT! You are selected for a cash prize of $199. Pay a small processing fee now to receive it.,spam
ALERT! Security alert: reset your email password immediately or your account will be deleted: http://reward-checker.info Offer expires today.,spam
The interview with BluePeak is confirmed for Monday at 9:00 AM. Please confirm.,ham
FYI: Lunch with the client is fixed at 10:30 AM in the conference room 2.,ham
Security alert: reset your email password immediately or your account will be deleted: http://verify-wallet-alert.org Offer expires today.,spam
ATTENTION! Your parcel is on hold due to unpaid customs charge of $99. Pay now: http://account-upgrade-now.biz Offer expires today.,spam
"Hi team, Your leave request for Tuesday has been approved by Marketing. Please confirm.",ham
"Hi team, This is a gentle reminder to complete the feedback form by Wednesday. Please confirm.",ham
"IMPORTANT! Dear user, unusual activity detected. Confirm your password and PAN details here: http://secure-login-now.com Failure to act may cause account closure.",spam
Final warning: your Paytm wallet is suspended. Login now to avoid closure: http://freegift-portal.co,spam
ALERT! Congratulations! You have won a free smartphone. Claim your reward immediately: http://account-upgrade-now.biz,spam
"Please note: Hi Sneha, please review the meeting agenda before Thursday. Regards.",ham
Lunch with the client is fixed at 3:30 PM in the training room. Let me know if you have questions.,ham
ATTENTION! Special crypto opportunity: guaranteed 5x profit. Deposit today and withdraw tomorrow. Offer expires today.,spam
Please note: Reminder: the meeting is scheduled in the seminar hall at 5:00 PM. Regards.,ham
This is the final notice from HDFC Bank. Submit credentials immediately to prevent permanent freeze. Offer expires today.,spam
NOTICE! Final warning: your PhonePe wallet is suspended. Login now to avoid closure: http://account-upgrade-now.biz Respond immediately.,spam
NOTICE! URGENT: Your ICICI Bank account will be blocked today. Verify now at http://fastclaim-bonus.net,spam
FYI: Reminder: the meeting is scheduled in the Zoom at 9:00 AM. Thank you.,ham
ATTENTION! You are selected for a cash prize of ₹999. Pay a small processing fee now to receive it. Failure to act may cause account closure.,spam
IMPORTANT! URGENT: Your Axis Bank account will be blocked today. Verify now at http://secure-login-now.com Offer expires today.,spam
FYI: Please bring your ID card and laptop for the workshop in seminar hall. Regards.,ham
"Your parcel is on hold due to unpaid customs charge of ₹4,999. Pay now: http://fastclaim-bonus.net",spam
"IMPORTANT! Dear user, unusual activity detected. Confirm your password and PAN details here: http://freegift-portal.co Offer expires today.",spam
ALERT! Final warning: your Netflix wallet is suspended. Login now to avoid closure: http://freegift-portal.co Offer expires today.,spam
"ALERT! Your parcel is on hold due to unpaid customs charge of ₹1,999. Pay now: http://reward-checker.info Offer expires today.",spam
Your subscription renewal failed. Re-enter payment credentials now at http://verify-wallet-alert.org,spam
"Hi team, Hi Riya, please review the lab schedule before Wednesday. Please confirm.",ham
IMPORTANT! URGENT: Your ICICI Bank account will be blocked today. Verify now at http://secure-login-now.com,spam
"Hi team, Thanks for your payment of ₹1,999. Your receipt has been generated successfully. Let me know if you have questions.",ham
FYI: Can we reschedule our discussion to Tuesday at 5:00 PM?,ham
The interview with GreenLeaf is confirmed for Monday at 3:30 PM. Let me know if you have questions.,ham
"Hello, Your OTP for login to LinkedIn is 677295. Do not share it with anyone.",ham
FYI: We have updated the project tracker with the latest milestones and owners. Please confirm.,ham
Your OTP for login to Paytm is 245295. Do not share it with anyone. Thank you.,ham
ALERT! Congratulations! You have won a free smartphone. Claim your reward immediately: http://verify-wallet-alert.org Respond immediately.,spam
"Update: Hi Alex, please review the client feedback before Thursday. Regards.",ham
ATTENTION! URGENT: Your Federal Bank account will be blocked today. Verify now at http://reward-checker.info Failure to act may cause account closure.,spam
The monthly salary for this cycle has been credited to your account. Thank you.,ham
This is a gentle reminder to complete the feedback form by Monday.,ham
FYI: Lunch with the client is fixed at 2:00 PM in the lab 3. Regards.,ham
"NOTICE! Dear user, unusual activity detected. Confirm your password and PAN details here: http://freegift-portal.co",spam
"Hello, Please submit the signed document to the Faculty Office by Saturday evening. Thank you.",ham
"Hi team, Please submit the signed document to the Marketing by Monday evening. Let me know if you have questions.",ham
FYI: Your order from FinTrust has been shipped and will arrive in 2-3 business days. Please confirm.,ham
ALERT! This is the final notice from ICICI Bank. Submit credentials immediately to prevent permanent freeze. Offer expires today.,spam
ALERT! Security alert: reset your email password immediately or your account will be deleted: http://verify-wallet-alert.org,spam
FYI: Your leave request for Thursday has been approved by Admin. Please confirm.,ham
Update: The interview with FinTrust is confirmed for Saturday at 12:00 PM. Please confirm.,ham
ALERT! Winner! Your mobile number won lucky draw code TR-9045. Contact agent now to collect prize. Respond immediately.,spam
IMPORTANT! You are selected for a cash prize of ₹499. Pay a small processing fee now to receive it. Offer expires today.,spam
Update: Your leave request for Wednesday has been approved by Marketing. Please confirm.,ham
"Team, attached is the latest assignment reminder for your comments. Let me know if you have questions.",ham
"Hi team, This is a gentle reminder to complete the feedback form by Monday. Please confirm.",ham
Please note: Your leave request for Monday has been approved by Faculty Office. Please confirm.,ham
"Please note: Hi Ananya, please review the client feedback before Saturday. Regards.",ham
ALERT! Your parcel is on hold due to unpaid customs charge of $99. Pay now: http://fastclaim-bonus.net Respond immediately.,spam
IMPORTANT! Your KYC is pending. Update Aadhaar and bank details immediately at http://secure-login-now.com Offer expires today.,spam
"Hi team, Your leave request for Saturday has been approved by Operations. Regards.",ham
"Update: Team, attached is the latest attendance list for your comments. Please confirm.",ham
Please note: Please submit the signed document to the Admin by Wednesday evening. Let me know if you have questions.,ham
"Dear user, unusual activity detected. Confirm your password and PAN details here: http://account-upgrade-now.biz Failure to act may cause account closure.",spam
"Hi team, The interview with WorkHub is confirmed for Saturday at 12:00 PM.",ham
"Hi team, Please bring your ID card and laptop for the workshop in training room. Thank you.",ham
Your leave request for Saturday has been approved by Faculty Office. Please confirm.,ham
Update: Please bring your ID card and laptop for the workshop in seminar hall. Thank you.,ham
NOTICE! Final warning: your Netflix wallet is suspended. Login now to avoid closure: http://secure-login-now.com Respond immediately.,spam
ATTENTION! Update your UPI PIN now to avoid service suspension. Click here: http://reward-checker.info,spam
NOTICE! Congratulations! You have won a free smartphone. Claim your reward immediately: http://fastclaim-bonus.net Respond immediately.,spam
"Please note: Hi Sneha, please review the lab schedule before Friday. Regards.",ham
"Hello, Team, attached is the latest weekly report for your comments. Regards.",ham
Please note: The interview with NexaSoft is confirmed for Tuesday at 9:00 AM.,ham
Final warning: your Instagram wallet is suspended. Login now to avoid closure: http://account-upgrade-now.biz Respond immediately.,spam
Update: Your OTP for login to Google Pay is 550212. Do not share it with anyone. Thank you.,ham
"Team, attached is the latest budget approval for your comments. Let me know if you have questions.",ham
IMPORTANT! Winner! Your mobile number won lucky draw code IN-5602. Contact agent now to collect prize. Respond immediately.,spam
Update: This is a gentle reminder to complete the feedback form by Wednesday.,ham
ALERT! URGENT: Your Kotak Bank account will be blocked today. Verify now at http://reward-checker.info Respond immediately.,spam
"Hi Sophia, please review the client feedback before Tuesday. Please confirm.",ham
"Hi team, Please bring your ID card and laptop for the workshop in seminar hall. Thank you.",ham
"Hello, The interview with BluePeak is confirmed for Monday at 2:00 PM.",ham
"Hi team, Hi Daniel, please review the assignment reminder before Thursday. Let me know if you have questions.",ham
"Hi team, The monthly salary for this cycle has been credited to your account. Regards.",ham
Please note: The interview with QuickShip is confirmed for Monday at 12:00 PM. Let me know if you have questions.,ham
Update: Please bring your ID card and laptop for the workshop in Zoom. Regards.,ham
FYI: This is a gentle reminder to complete the feedback form by Monday. Please confirm.,ham
FYI: The monthly salary for this cycle has been credited to your account.,ham
"Hi team, Lunch with the client is fixed at 6:15 PM in the Zoom.",ham
"Update: Hi Alex, please review the weekly report before Friday. Let me know if you have questions.",ham
ALERT! URGENT: Your Kotak Bank account will be blocked today. Verify now at http://fastclaim-bonus.net Failure to act may cause account closure.,spam
FYI: Can we reschedule our discussion to Friday at 10:30 AM? Thank you.,ham
Update: This is a gentle reminder to complete the feedback form by Saturday. Regards.,ham
NOTICE! Final warning: your Instagram wallet is suspended. Login now to avoid closure: http://freegift-portal.co,spam
"Hi team, Kindly find the attached notes for today's lecture and next week's plan. Thank you.",ham
"Hi team, Hi Michael, please review the shipment update before Monday. Let me know if you have questions.",ham
Please submit the signed document to the Faculty Office by Wednesday evening.,ham
"Hi team, The interview with Horizon Labs is confirmed for Thursday at 12:00 PM. Regards.",ham
URGENT: Your Kotak Bank account will be blocked today. Verify now at http://fastclaim-bonus.net Offer expires today.,spam
NOTICE! Your parcel is on hold due to unpaid customs charge of ₹999. Pay now: http://account-upgrade-now.biz Failure to act may cause account closure.,spam
Please note: Please submit the signed document to the Admin by Thursday evening.,ham
ALERT! Congratulations! You have won a free smartphone. Claim your reward immediately: http://secure-login-now.com Respond immediately.,spam
"Hi team, Your order from BrightEdge has been shipped and will arrive in 2-3 business days. Regards.",ham
ALERT! URGENT: Your ICICI Bank account will be blocked today. Verify now at http://reward-checker.info Offer expires today.,spam
ATTENTION! Update your UPI PIN now to avoid service suspension. Click here: http://account-upgrade-now.biz Failure to act may cause account closure.,spam
Congratulations! You have won a free smartphone. Claim your reward immediately: http://secure-login-now.com Respond immediately.,spam
Final warning: your Instagram wallet is suspended. Login now to avoid closure: http://reward-checker.info Respond immediately.,spam
"Update: Hi Rahul, please review the weekly report before Friday. Please confirm.",ham
IMPORTANT! Your parcel is on hold due to unpaid customs charge of ₹999. Pay now: http://account-upgrade-now.biz,spam
NOTICE! Final warning: your Google Pay wallet is suspended. Login now to avoid closure: http://fastclaim-bonus.net Respond immediately.,spam
"FYI: Team, attached is the latest meeting agenda for your comments. Thank you.",ham
ATTENTION! Final warning: your Netflix wallet is suspended. Login now to avoid closure: http://secure-login-now.com Failure to act may cause account closure.,spam
Update: Please submit the signed document to the HR by Saturday evening. Let me know if you have questions.,ham
"Hello, Thanks for your payment of $199. Your receipt has been generated successfully.",ham
Please note: Reminder: the meeting is scheduled in the main office at 3:30 PM.,ham
ATTENTION! Winner! Your mobile number won lucky draw code HR-7710. Contact agent now to collect prize.,spam
"Hello, Your OTP for login to Flipkart is 420155. Do not share it with anyone. Thank you.",ham
Please note: Please submit the signed document to the HR by Tuesday evening. Let me know if you have questions.,ham
FYI: The class has been moved to seminar hall due to maintenance work. Thank you.,ham
"Hi team, Can we reschedule our discussion to Tuesday at 10:30 AM? Please confirm.",ham
ALERT! You are selected for a cash prize of $49. Pay a small processing fee now to receive it. Respond immediately.,spam
ALERT! Your subscription renewal failed. Re-enter payment credentials now at http://verify-wallet-alert.org,spam
ATTENTION! Winner! Your mobile number won lucky draw code NV-4207. Contact agent now to collect prize. Offer expires today.,spam
ALERT! Final warning: your PhonePe wallet is suspended. Login now to avoid closure: http://account-upgrade-now.biz Failure to act may cause account closure.,spam
NOTICE! Your subscription renewal failed. Re-enter payment credentials now at http://account-upgrade-now.biz,spam
NOTICE! Update your UPI PIN now to avoid service suspension. Click here: http://reward-checker.info Offer expires today.,spam
"Hi team, Your order from UrbanMart has been shipped and will arrive in 2-3 business days. Thank you.",ham
Update: Your order from NexaSoft has been shipped and will arrive in 2-3 business days. Please confirm.,ham
ALERT! Final warning: your Flipkart wallet is suspended. Login now to avoid closure: http://secure-login-now.com Respond immediately.,spam
Reminder: the meeting is scheduled in the seminar hall at 6:15 PM.,ham
"Hello, We have updated the project tracker with the latest milestones and owners.",ham
Winner! Your mobile number won lucky draw code IN-5602. Contact agent now to collect prize.,spam
FYI: Please submit the signed document to the Accounts by Tuesday evening. Please confirm.,ham
"ALERT! Dear customer, we attempted to deliver your package. Confirm address and payment: http://reward-checker.info Respond immediately.",spam
"Hi Sara, please review the lab schedule before Saturday. Please confirm.",ham
"Hello, Please submit the signed document to the Operations by Monday evening. Regards.",ham
"ALERT! Your parcel is on hold due to unpaid customs charge of ₹4,999. Pay now: http://account-upgrade-now.biz",spam
"Hi team, Team, attached is the latest budget approval for your comments.",ham
IMPORTANT! Final warning: your Instagram wallet is suspended. Login now to avoid closure: http://secure-login-now.com,spam
NOTICE! This is the final notice from Federal Bank. Submit credentials immediately to prevent permanent freeze. Failure to act may cause account closure.,spam
Please note: The interview with WorkHub is confirmed for Tuesday at 2:00 PM. Thank you.,ham
Update: Your leave request for Friday has been approved by Faculty Office. Let me know if you have questions.,ham
Winner! Your mobile number won lucky draw code HR-7710. Contact agent now to collect prize. Failure to act may cause account closure.,spam
Please note: Please submit the signed document to the Admin by Saturday evening.,ham
FYI: The interview with CloudSync is confirmed for Tuesday at 3:30 PM. Thank you.,ham
"Hello, Please submit the signed document to the Marketing by Saturday evening. Regards.",ham
ATTENTION! You have been pre-approved for an instant loan. Share OTP and card details to proceed. Offer expires today.,spam
Update: Lunch with the client is fixed at 12:00 PM in the main office.,ham
Update your UPI PIN now to avoid service suspension. Click here: http://fastclaim-bonus.net Failure to act may cause account closure.,spam
ATTENTION! Your subscription renewal failed. Re-enter payment credentials now at http://freegift-portal.co Offer expires today.,spam
NOTICE! Final warning: your Paytm wallet is suspended. Login now to avoid closure: http://account-upgrade-now.biz Respond immediately.,spam
Please note: Your OTP for login to Google Pay is 723697. Do not share it with anyone. Let me know if you have questions.,ham
IMPORTANT! This is the final notice from SBI. Submit credentials immediately to prevent permanent freeze. Failure to act may cause account closure.,spam
ALERT! Final warning: your Amazon wallet is suspended. Login now to avoid closure: http://reward-checker.info,spam
"ATTENTION! Your parcel is on hold due to unpaid customs charge of ₹4,999. Pay now: http://freegift-portal.co Offer expires today.",spam
IMPORTANT! Final warning: your Netflix wallet is suspended. Login now to avoid closure: http://secure-login-now.com,spam
ATTENTION! Final warning: your Google Pay wallet is suspended. Login now to avoid closure: http://verify-wallet-alert.org Failure to act may cause account closure.,spam
"Hello, Please bring your ID card and laptop for the workshop in Zoom. Let me know if you have questions.",ham
Your parcel is on hold due to unpaid customs charge of ₹999. Pay now: http://account-upgrade-now.biz,spam
IMPORTANT! You are selected for a cash prize of ₹999. Pay a small processing fee now to receive it. Respond immediately.,spam
NOTICE! Your parcel is on hold due to unpaid customs charge of $99. Pay now: http://secure-login-now.com Respond immediately.,spam
NOTICE! URGENT: Your Federal Bank account will be blocked today. Verify now at http://account-upgrade-now.biz Respond immediately.,spam
"Please note: Team, attached is the latest lab schedule for your comments. Let me know if you have questions.",ham
IMPORTANT! Your KYC is pending. Update Aadhaar and bank details immediately at http://account-upgrade-now.biz Failure to act may cause account closure.,spam
NOTICE! Your subscription renewal failed. Re-enter payment credentials now at http://account-upgrade-now.biz Offer expires today.,spam
ALERT! Final warning: your Instagram wallet is suspended. Login now to avoid closure: http://reward-checker.info Offer expires today.,spam
ATTENTION! Get rich fast! Earn guaranteed daily income from home. Limited slots left. Join now. Offer expires today.,spam
IMPORTANT! Update your UPI PIN now to avoid service suspension. Click here: http://reward-checker.info Offer expires today.,spam
ALERT! Winner! Your mobile number won lucky draw code UP-1118. Contact agent now to collect prize. Offer expires today.,spam
ALERT! Security alert: reset your email password immediately or your account will be deleted: http://account-upgrade-now.biz,spam
"Hello, Please submit the signed document to the IT by Friday evening. Thank you.",ham
FYI: The interview with SparkGrid is confirmed for Thursday at 12:00 PM. Thank you.,ham
IMPORTANT! URGENT: Your ICICI Bank account will be blocked today. Verify now at http://fastclaim-bonus.net,spam
ATTENTION! You are selected for a cash prize of $199. Pay a small processing fee now to receive it.,spam
ALERT! Security alert: reset your email password immediately or your account will be deleted: http://reward-checker.info Respond immediately.,spam
Your leave request for Thursday has been approved by Faculty Office. Thank you.,ham
Update: Lunch with the client is fixed at 3:30 PM in the lab 3. Thank you.,ham
"Hi team, The interview with QuickShip is confirmed for Wednesday at 10:30 AM. Please confirm.",ham
Update: Lunch with the client is fixed at 6:15 PM in the library. Regards.,ham
Please note: Please submit the signed document to the Admin by Saturday evening. Regards.,ham
"NOTICE! Dear customer, we attempted to deliver your package. Confirm address and payment: http://fastclaim-bonus.net Failure to act may cause account closure.",spam
Your leave request for Wednesday has been approved by Operations.,ham
Please note: Thanks for your payment of ₹499. Your receipt has been generated successfully. Regards.,ham
NOTICE! This is the final notice from Kotak Bank. Submit credentials immediately to prevent permanent freeze. Respond immediately.,spam
NOTICE! URGENT: Your Kotak Bank account will be blocked today. Verify now at http://account-upgrade-now.biz Failure to act may cause account closure.,spam
"Hello, Your leave request for Tuesday has been approved by Operations. Regards.",ham
ATTENTION! Your subscription renewal failed. Re-enter payment credentials now at http://reward-checker.info,spam
ALERT! Your subscription renewal failed. Re-enter payment credentials now at http://account-upgrade-now.biz Failure to act may cause account closure.,spam
"Hi team, Can we reschedule our discussion to Friday at 12:00 PM?",ham
Your subscription renewal failed. Re-enter payment credentials now at http://verify-wallet-alert.org Failure to act may cause account closure.,spam
Update: The monthly salary for this cycle has been credited to your account.,ham
Your KYC is pending. Update Aadhaar and bank details immediately at http://verify-wallet-alert.org,spam
"Please note: Hi Priya, please review the shipment update before Tuesday. Regards.",ham
Update: Please bring your ID card and laptop for the workshop in seminar hall. Regards.,ham
Please bring your ID card and laptop for the workshop in conference room 2. Regards.,ham
"Hi team, Lunch with the client is fixed at 10:30 AM in the Zoom.",ham
ATTENTION! This is the final notice from Axis Bank. Submit credentials immediately to prevent permanent freeze. Failure to act may cause account closure.,spam
"FYI: Hi David, please review the shipment update before Wednesday. Let me know if you have questions.",ham
"Hello, Your order from Horizon Labs has been shipped and will arrive in 2-3 business days. Let me know if you have questions.",ham
Update: The interview with NexaSoft is confirmed for Wednesday at 3:30 PM. Let me know if you have questions.,ham
Final warning: your Instagram wallet is suspended. Login now to avoid closure: http://secure-login-now.com,spam
"Hi team, Hi Aditya, please review the invoice review before Monday. Please confirm.",ham
"Hi team, Please submit the signed document to the IT by Thursday evening.",ham
"FYI: Hi Daniel, please review the invoice review before Tuesday. Let me know if you have questions.",ham
Your parcel is on hold due to unpaid customs charge of ₹499. Pay now: http://account-upgrade-now.biz,spam
IMPORTANT! URGENT: Your ICICI Bank account will be blocked today. Verify now at http://account-upgrade-now.biz Respond immediately.,spam
Please note: Lunch with the client is fixed at 5:00 PM in the seminar hall. Please confirm.,ham
NOTICE! URGENT: Your SBI account will be blocked today. Verify now at http://secure-login-now.com,spam
NOTICE! URGENT: Your SBI account will be blocked today. Verify now at http://reward-checker.info Respond immediately.,spam
"Hello, Please submit the signed document to the Accounts by Thursday evening. Thank you.",ham
IMPORTANT! Final warning: your Paytm wallet is suspended. Login now to avoid closure: http://account-upgrade-now.biz Offer expires today.,spam
"ALERT! Dear user, unusual activity detected. Confirm your password and PAN details here: http://verify-wallet-alert.org Failure to act may cause account closure.",spam
IMPORTANT! Final warning: your Instagram wallet is suspended. Login now to avoid closure: http://account-upgrade-now.biz Respond immediately.,spam
"Please note: Hi Sam, please review the weekly report before Monday. Please confirm.",ham
"Thanks for your payment of ₹4,999. Your receipt has been generated successfully. Thank you.",ham
"Hi team, Can we reschedule our discussion to Wednesday at 10:30 AM? Let me know if you have questions.",ham
Your order from SparkGrid has been shipped and will arrive in 2-3 business days. Let me know if you have questions.,ham
NOTICE! Congratulations! You have won a free smartphone. Claim your reward immediately: http://secure-login-now.com,spam
NOTICE! Winner! Your mobile number won lucky draw code IN-5602. Contact agent now to collect prize. Offer expires today.,spam
ATTENTION! Final warning: your Paytm wallet is suspended. Login now to avoid closure: http://account-upgrade-now.biz Respond immediately.,spam
"ALERT! You are selected for a cash prize of ₹4,999. Pay a small processing fee now to receive it. Failure to act may cause account closure.",spam
Update: Your leave request for Thursday has been approved by Marketing. Let me know if you have questions.,ham
Congratulations! You have won a free smartphone. Claim your reward immediately: http://fastclaim-bonus.net Failure to act may cause account closure.,spam
The monthly salary for this cycle has been credited to your account. Please confirm.,ham
"Dear user, unusual activity detected. Confirm your password and PAN details here: http://verify-wallet-alert.org Respond immediately.",spam
ATTENTION! Your parcel is on hold due to unpaid customs charge of $99. Pay now: http://freegift-portal.co Failure to act may cause account closure.,spam
ATTENTION! Your parcel is on hold due to unpaid customs charge of $49. Pay now: http://account-upgrade-now.biz Failure to act may cause account closure.,spam
Reminder: the meeting is scheduled in the seminar hall at 12:00 PM.,ham
"IMPORTANT! Your parcel is on hold due to unpaid customs charge of ₹1,999. Pay now: http://verify-wallet-alert.org Respond immediately.",spam
FYI: We received your application and will update you after the screening process. Regards.,ham
"Hello, Your leave request for Monday has been approved by Operations. Thank you.",ham
Lunch with the client is fixed at 12:00 PM in the Zoom. Thank you.,ham
"Hello, Your order from UrbanMart has been shipped and will arrive in 2-3 business days.",ham
"ALERT! Your parcel is on hold due to unpaid customs charge of ₹1,999. Pay now: http://freegift-portal.co Offer expires today.",spam
ALERT! Exclusive investment offer: double your money in 7 days. Reply YES to start. Respond immediately.,spam
Please note: Can we reschedule our discussion to Friday at 9:00 AM?,ham
Update: Reminder: the meeting is scheduled in the Zoom at 6:15 PM. Please confirm.,ham
IMPORTANT! Final warning: your Instagram wallet is suspended. Login now to avoid closure: http://freegift-portal.co Respond immediately.,spam
"Hello, Hi Riya, please review the lab schedule before Friday.",ham
ALERT! Exclusive investment offer: double your money in 7 days. Reply YES to start.,spam
FYI: Your OTP for login to Instagram is 949011. Do not share it with anyone. Regards.,ham
IMPORTANT! URGENT: Your Federal Bank account will be blocked today. Verify now at http://account-upgrade-now.biz,spam
"Hello, We have updated the project tracker with the latest milestones and owners. Let me know if you have questions.",ham
IMPORTANT! You are selected for a cash prize of $199. Pay a small processing fee now to receive it. Failure to act may cause account closure.,spam
NOTICE! This is the final notice from Axis Bank. Submit credentials immediately to prevent permanent freeze. Offer expires today.,spam
Please note: Your OTP for login to Instagram is 110498. Do not share it with anyone. Regards.,ham
"Hi team, Thanks for your payment of $199. Your receipt has been generated successfully. Regards.",ham
ATTENTION! Final warning: your Amazon wallet is suspended. Login now to avoid closure: http://reward-checker.info Offer expires today.,spam
"Hi Olivia, please review the budget approval before Wednesday. Please confirm.",ham
NOTICE! You are selected for a cash prize of ₹999. Pay a small processing fee now to receive it. Respond immediately.,spam
"Hello, Lunch with the client is fixed at 12:00 PM in the main office. Regards.",ham
"Hi team, Reminder: the meeting is scheduled in the lab 3 at 3:30 PM. Regards.",ham
Please note: The class has been moved to Zoom due to maintenance work. Regards.,ham
"Hi team, Can we reschedule our discussion to Friday at 3:30 PM? Let me know if you have questions.",ham
FYI: Please submit the signed document to the IT by Saturday evening. Please confirm.,ham
ALERT! This is the final notice from SBI. Submit credentials immediately to prevent permanent freeze.,spam
"Hello, Your order from WorkHub has been shipped and will arrive in 2-3 business days.",ham
FYI: We have updated the project tracker with the latest milestones and owners. Let me know if you have questions.,ham
"ATTENTION! Dear user, unusual activity detected. Confirm your password and PAN details here: http://reward-checker.info",spam
IMPORTANT! Congratulations! You have won a free smartphone. Claim your reward immediately: http://verify-wallet-alert.org,spam
FYI: Your order from CloudSync has been shipped and will arrive in 2-3 business days. Thank you.,ham
Update: Reminder: the meeting is scheduled in the main office at 6:15 PM.,ham
IMPORTANT! Act now: your job application has been shortlisted. Pay registration fees to complete hiring. Failure to act may cause account closure.,spam
IMPORTANT! URGENT: Your HDFC Bank account will be blocked today. Verify now at http://freegift-portal.co Respond immediately.,spam
"Please note: Team, attached is the latest project update for your comments. Let me know if you have questions.",ham
FYI: Reminder: the meeting is scheduled in the Zoom at 3:30 PM.,ham
ATTENTION! This is the final notice from HDFC Bank. Submit credentials immediately to prevent permanent freeze.,spam
Security alert: reset your email password immediately or your account will be deleted: http://account-upgrade-now.biz Failure to act may cause account closure.,spam
FYI: Thanks for your payment of $49. Your receipt has been generated successfully. Please confirm.,ham
ALERT! URGENT: Your ICICI Bank account will be blocked today. Verify now at http://reward-checker.info Failure to act may cause account closure.,spam
NOTICE! Your subscription renewal failed. Re-enter payment credentials now at http://secure-login-now.com Offer expires today.,spam
Update: Your leave request for Friday has been approved by HR. Let me know if you have questions.,ham
ATTENTION! URGENT: Your ICICI Bank account will be blocked today. Verify now at http://secure-login-now.com,spam
Update: Reminder: the meeting is scheduled in the library at 5:00 PM. Regards.,ham
ALERT! Final warning: your Amazon wallet is suspended. Login now to avoid closure: http://account-upgrade-now.biz,spam
NOTICE! URGENT: Your ICICI Bank account will be blocked today. Verify now at http://freegift-portal.co,spam
ALERT! You are selected for a cash prize of $49. Pay a small processing fee now to receive it.,spam
"Hi team, Your leave request for Monday has been approved by Marketing.",ham
You are selected for a cash prize of $199. Pay a small processing fee now to receive it. Offer expires today.,spam
"Dear customer, we attempted to deliver your package. Confirm address and payment: http://secure-login-now.com Offer expires today.",spam
ALERT! Final warning: your Amazon wallet is suspended. Login now to avoid closure: http://verify-wallet-alert.org Respond immediately.,spam
NOTICE! Final warning: your Flipkart wallet is suspended. Login now to avoid closure: http://freegift-portal.co Offer expires today.,spam
ALERT! Free Netflix premium for 12 months. Login with your card to activate today. Failure to act may cause account closure.,spam
"Hello, Lunch with the client is fixed at 9:00 AM in the lab 3. Thank you.",ham
"ATTENTION! Dear customer, we attempted to deliver your package. Confirm address and payment: http://verify-wallet-alert.org",spam
"Hi team, The class has been moved to Zoom due to maintenance work. Please confirm.",ham
Please note: The interview with BrightEdge is confirmed for Wednesday at 10:30 AM.,ham
ALERT! Act now: your job application has been shortlisted. Pay registration fees to complete hiring.,spam
"Hello, Can we reschedule our discussion to Thursday at 12:00 PM? Please confirm.",ham
ATTENTION! This is the final notice from SBI. Submit credentials immediately to prevent permanent freeze. Offer expires today.,spam
NOTICE! Update your UPI PIN now to avoid service suspension. Click here: http://account-upgrade-now.biz Failure to act may cause account closure.,spam
ALERT! Final warning: your Paytm wallet is suspended. Login now to avoid closure: http://secure-login-now.com,spam
IMPORTANT! Your parcel is on hold due to unpaid customs charge of ₹999. Pay now: http://freegift-portal.co Failure to act may cause account closure.,spam
Update your UPI PIN now to avoid service suspension. Click here: http://verify-wallet-alert.org Failure to act may cause account closure.,spam
"Hello, This is a gentle reminder to complete the feedback form by Thursday. Thank you.",ham
Lunch with the client is fixed at 3:30 PM in the conference room 2. Please confirm.,ham
ALERT! Your subscription renewal failed. Re-enter payment credentials now at http://fastclaim-bonus.net Offer expires today.,spam
FYI: Kindly find the attached notes for today's lecture and next week's plan. Thank you.,ham
"Hi team, Lunch with the client is fixed at 5:00 PM in the seminar hall. Thank you.",ham
ATTENTION! URGENT: Your ICICI Bank account will be blocked today. Verify now at http://account-upgrade-now.biz Failure to act may cause account closure.,spam
ALERT! Final warning: your Netflix wallet is suspended. Login now to avoid closure: http://verify-wallet-alert.org Offer expires today.,spam
ALERT! URGENT: Your SBI account will be blocked today. Verify now at http://account-upgrade-now.biz Respond immediately.,spam
Please note: This is a gentle reminder to complete the feedback form by Thursday. Let me know if you have questions.,ham
ALERT! URGENT: Your HDFC Bank account will be blocked today. Verify now at http://freegift-portal.co Respond immediately.,spam
"IMPORTANT! Dear customer, we attempted to deliver your package. Confirm address and payment: http://secure-login-now.com Respond immediately.",spam
"Update: Hi Rahul, please review the invoice review before Friday.",ham
"IMPORTANT! Dear user, unusual activity detected. Confirm your password and PAN details here: http://freegift-portal.co Respond immediately.",spam
FYI: This is a gentle reminder to complete the feedback form by Monday.,ham
Update your UPI PIN now to avoid service suspension. Click here: http://verify-wallet-alert.org Offer expires today.,spam
"Hi team, Your OTP for login to Instagram is 767189. Do not share it with anyone. Let me know if you have questions.",ham
NOTICE! This is the final notice from Federal Bank. Submit credentials immediately to prevent permanent freeze. Respond immediately.,spam
ATTENTION! URGENT: Your SBI account will be blocked today. Verify now at http://freegift-portal.co,spam
"Hello, Please submit the signed document to the Faculty Office by Tuesday evening. Please confirm.",ham
ALERT! Your subscription renewal failed. Re-enter payment credentials now at http://secure-login-now.com Respond immediately.,spam
IMPORTANT! Your KYC is pending. Update Aadhaar and bank details immediately at http://freegift-portal.co,spam
ALERT! Final warning: your PhonePe wallet is suspended. Login now to avoid closure: http://verify-wallet-alert.org Failure to act may cause account closure.,spam
Please note: The interview with UrbanMart is confirmed for Tuesday at 5:00 PM. Regards.,ham
Please submit the signed document to the Support by Saturday evening. Regards.,ham
"Hi team, Lunch with the client is fixed at 12:00 PM in the training room. Regards.",ham
ATTENTION! This is the final notice from HDFC Bank. Submit credentials immediately to prevent permanent freeze. Respond immediately.,spam
"ALERT! Dear customer, we attempted to deliver your package. Confirm address and payment: http://freegift-portal.co Offer expires today.",spam
Update: Please submit the signed document to the Accounts by Monday evening. Thank you.,ham
ALERT! Congratulations! You have won a free smartphone. Claim your reward immediately: http://secure-login-now.com,spam
"NOTICE! Dear user, unusual activity detected. Confirm your password and PAN details here: http://secure-login-now.com Offer expires today.",spam
"Hello, The class has been moved to training room due to maintenance work. Regards.",ham
Please note: Can we reschedule our discussion to Friday at 9:00 AM? Regards.,ham
"IMPORTANT! Dear customer, we attempted to deliver your package. Confirm address and payment: http://secure-login-now.com Offer expires today.",spam
Update: Please submit the signed document to the Admin by Friday evening. Regards.,ham
ALERT! Your parcel is on hold due to unpaid customs charge of $199. Pay now: http://verify-wallet-alert.org Failure to act may cause account closure.,spam
"Please note: Team, attached is the latest attendance list for your comments. Please confirm.",ham
Please note: Your OTP for login to PhonePe is 471904. Do not share it with anyone. Please confirm.,ham
The monthly salary for this cycle has been credited to your account.,ham
ATTENTION! Your subscription renewal failed. Re-enter payment credentials now at http://verify-wallet-alert.org Offer expires today.,spam
Update: The class has been moved to seminar hall due to maintenance work. Let me know if you have questions.,ham
Final warning: your Paytm wallet is suspended. Login now to avoid closure: http://account-upgrade-now.biz Failure to act may cause account closure.,spam
FYI: Reminder: the meeting is scheduled in the training room at 3:30 PM. Thank you.,ham
Your leave request for Friday has been approved by Admin. Thank you.,ham
FYI: Thanks for your payment of ₹499. Your receipt has been generated successfully. Please confirm.,ham
NOTICE! Security alert: reset your email password immediately or your account will be deleted: http://account-upgrade-now.biz Failure to act may cause account closure.,spam
ALERT! Your subscription renewal failed. Re-enter payment credentials now at http://fastclaim-bonus.net,spam
Please note: Lunch with the client is fixed at 10:30 AM in the seminar hall. Thank you.,ham
Please note: Reminder: the meeting is scheduled in the library at 9:00 AM. Thank you.,ham
Your KYC is pending. Update Aadhaar and bank details immediately at http://account-upgrade-now.biz Failure to act may cause account closure.,spam
Update: Your leave request for Tuesday has been approved by Operations. Please confirm.,ham
"Hello, Your leave request for Monday has been approved by IT. Thank you.",ham
NOTICE! URGENT: Your SBI account will be blocked today. Verify now at http://fastclaim-bonus.net Failure to act may cause account closure.,spam
ATTENTION! URGENT: Your ICICI Bank account will be blocked today. Verify now at http://freegift-portal.co Offer expires today.,spam
"Hello, Please submit the signed document to the Admin by Thursday evening. Please confirm.",ham
"Hi team, Team, attached is the latest budget approval for your comments. Let me know if you have questions.",ham
ATTENTION! Your KYC is pending. Update Aadhaar and bank details immediately at http://fastclaim-bonus.net Failure to act may cause account closure.,spam
ALERT! Free Netflix premium for 12 months. Login with your card to activate today. Respond immediately.,spam
ALERT! Security alert: reset your email password immediately or your account will be deleted: http://verify-wallet-alert.org Failure to act may cause account closure.,spam
Update: Your order from CloudSync has been shipped and will arrive in 2-3 business days. Thank you.,ham
Update: Lunch with the client is fixed at 2:00 PM in the lab 3. Regards.,ham
Your parcel is on hold due to unpaid customs charge of $99. Pay now: http://reward-checker.info Offer expires today.,spam
Update your UPI PIN now to avoid service suspension. Click here: http://secure-login-now.com Failure to act may cause account closure.,spam
"Hi team, This is a gentle reminder to complete the feedback form by Thursday. Thank you.",ham
"ATTENTION! You are selected for a cash prize of ₹1,999. Pay a small processing fee now to receive it. Offer expires today.",spam
URGENT: Your Federal Bank account will be blocked today. Verify now at http://reward-checker.info Offer expires today.,spam
Please note: Your leave request for Thursday has been approved by Support. Please confirm.,ham
Update: Your leave request for Thursday has been approved by Support. Regards.,ham
Please note: The class has been moved to lab 3 due to maintenance work. Thank you.,ham
"Please note: Team, attached is the latest budget approval for your comments. Thank you.",ham
FYI: Lunch with the client is fixed at 12:00 PM in the seminar hall. Regards.,ham
"Hi Priya, please review the weekly report before Thursday. Let me know if you have questions.",ham
FYI: Please submit the signed document to the Faculty Office by Friday evening. Thank you.,ham
Update: The class has been moved to lab 3 due to maintenance work. Regards.,ham
"Dear customer, we attempted to deliver your package. Confirm address and payment: http://fastclaim-bonus.net Offer expires today.",spam
NOTICE! This is the final notice from HDFC Bank. Submit credentials immediately to prevent permanent freeze. Offer expires today.,spam
"ALERT! Dear user, unusual activity detected. Confirm your password and PAN details here: http://reward-checker.info Offer expires today.",spam
Please note: Thanks for your payment of ₹999. Your receipt has been generated successfully. Thank you.,ham
"Hi team, Thanks for your payment of ₹999. Your receipt has been generated successfully. Thank you.",ham
NOTICE! Security alert: reset your email password immediately or your account will be deleted: http://account-upgrade-now.biz,spam
Update: This is a gentle reminder to complete the feedback form by Wednesday. Please confirm.,ham
Update: Please submit the signed document to the Admin by Saturday evening. Regards.,ham
"Hello, Your package is out for delivery and should reach you by tonight. Thank you.",ham
Your order from GreenLeaf has been shipped and will arrive in 2-3 business days.,ham
FYI: This is a gentle reminder to complete the feedback form by Monday. Regards.,ham
Your parcel is on hold due to unpaid customs charge of ₹999. Pay now: http://secure-login-now.com Respond immediately.,spam
"Update: Hi Riya, please review the weekly report before Tuesday. Let me know if you have questions.",ham
Please note: Please submit the signed document to the Operations by Monday evening.,ham
The interview with TechNova is confirmed for Thursday at 3:30 PM. Let me know if you have questions.,ham
ALERT! Congratulations! You have won a free smartphone. Claim your reward immediately: http://freegift-portal.co Failure to act may cause account closure.,spam
ATTENTION! Final warning: your PhonePe wallet is suspended. Login now to avoid closure: http://fastclaim-bonus.net,spam
ATTENTION! Free Netflix premium for 12 months. Login with your card to activate today. Offer expires today.,spam
Update: Can we reschedule our discussion to Friday at 9:00 AM? Let me know if you have questions.,ham
NOTICE! Your subscription renewal failed. Re-enter payment credentials now at http://reward-checker.info Failure to act may cause account closure.,spam
"IMPORTANT! Your parcel is on hold due to unpaid customs charge of ₹4,999. Pay now: http://reward-checker.info Failure to act may cause account closure.",spam
ALERT! Final warning: your Netflix wallet is suspended. Login now to avoid closure: http://reward-checker.info,spam
"Hello, Your order from CloudSync has been shipped and will arrive in 2-3 business days. Regards.",ham
ALERT! Final warning: your PhonePe wallet is suspended. Login now to avoid closure: http://account-upgrade-now.biz Offer expires today.,spam
"ATTENTION! Dear user, unusual activity detected. Confirm your password and PAN details here: http://reward-checker.info Failure to act may cause account closure.",spam
FYI: Your OTP for login to Netflix is 945918. Do not share it with anyone. Regards.,ham
ATTENTION! URGENT: Your Axis Bank account will be blocked today. Verify now at http://account-upgrade-now.biz Respond immediately.,spam
ATTENTION! Congratulations! You have won a free smartphone. Claim your reward immediately: http://verify-wallet-alert.org Respond immediately.,spam
FYI: Please submit the signed document to the Support by Tuesday evening. Let me know if you have questions.,ham
"Hi team, Can we reschedule our discussion to Monday at 9:00 AM? Regards.",ham
"ALERT! Dear customer, we attempted to deliver your package. Confirm address and payment: http://account-upgrade-now.biz",spam
ATTENTION! URGENT: Your Axis Bank account will be blocked today. Verify now at http://secure-login-now.com Respond immediately.,spam
Final warning: your Google Pay wallet is suspended. Login now to avoid closure: http://verify-wallet-alert.org,spam
IMPORTANT! Update your UPI PIN now to avoid service suspension. Click here: http://fastclaim-bonus.net Failure to act may cause account closure.,spam
Please note: Please bring your ID card and laptop for the workshop in conference room 2. Regards.,ham
"Dear user, unusual activity detected. Confirm your password and PAN details here: http://fastclaim-bonus.net Failure to act may cause account closure.",spam
"Hello, Reminder: the meeting is scheduled in the training room at 3:30 PM. Regards.",ham
ALERT! Your parcel is on hold due to unpaid customs charge of $199. Pay now: http://reward-checker.info,spam
IMPORTANT! Your subscription renewal failed. Re-enter payment credentials now at http://account-upgrade-now.biz,spam
IMPORTANT! Final warning: your Google Pay wallet is suspended. Login now to avoid closure: http://verify-wallet-alert.org Failure to act may cause account closure.,spam
"Please note: Team, attached is the latest client feedback for your comments. Regards.",ham
Please note: Your order from BrightEdge has been shipped and will arrive in 2-3 business days. Please confirm.,ham
"Hello, Reminder: the meeting is scheduled in the training room at 10:30 AM. Thank you.",ham
"Hello, This is a gentle reminder to complete the feedback form by Saturday. Thank you.",ham
Update: Please bring your ID card and laptop for the workshop in Zoom. Let me know if you have questions.,ham
IMPORTANT! Your parcel is on hold due to unpaid customs charge of ₹999. Pay now: http://fastclaim-bonus.net,spam
URGENT: Your ICICI Bank account will be blocked today. Verify now at http://fastclaim-bonus.net Offer expires today.,spam
Your KYC is pending. Update Aadhaar and bank details immediately at http://account-upgrade-now.biz Respond immediately.,spam
Please note: The class has been moved to main office due to maintenance work.,ham
"Hello, Your leave request for Saturday has been approved by Faculty Office. Thank you.",ham
Your order from UrbanMart has been shipped and will arrive in 2-3 business days. Thank you.,ham
"Your parcel is on hold due to unpaid customs charge of ₹4,999. Pay now: http://reward-checker.info",spam
ATTENTION! Final warning: your Paytm wallet is suspended. Login now to avoid closure: http://fastclaim-bonus.net Offer expires today.,spam
ATTENTION! Update your UPI PIN now to avoid service suspension. Click here: http://secure-login-now.com,spam
Update: The class has been moved to conference room 2 due to maintenance work. Thank you.,ham
"Dear user, unusual activity detected. Confirm your password and PAN details here: http://verify-wallet-alert.org Failure to act may cause account closure.",spam
IMPORTANT! Your parcel is on hold due to unpaid customs charge of $199. Pay now: http://account-upgrade-now.biz Failure to act may cause account closure.,spam
"Dear customer, we attempted to deliver your package. Confirm address and payment: http://secure-login-now.com Failure to act may cause account closure.",spam
ATTENTION! Final warning: your Flipkart wallet is suspended. Login now to avoid closure: http://secure-login-now.com Respond immediately.,spam
Security alert: reset your email password immediately or your account will be deleted: http://account-upgrade-now.biz Respond immediately.,spam
"Hello, The monthly salary for this cycle has been credited to your account. Let me know if you have questions.",ham
The interview with TechNova is confirmed for Wednesday at 6:15 PM. Let me know if you have questions.,ham
"NOTICE! Dear customer, we attempted to deliver your package. Confirm address and payment: http://secure-login-now.com Respond immediately.",spam
"Hi team, Team, attached is the latest assignment reminder for your comments. Let me know if you have questions.",ham
Final warning: your Google Pay wallet is suspended. Login now to avoid closure: http://freegift-portal.co Failure to act may cause account closure.,spam
"ATTENTION! Dear user, unusual activity detected. Confirm your password and PAN details here: http://reward-checker.info Offer expires today.",spam
Kindly find the attached notes for today's lecture and next week's plan. Thank you.,ham
"Update: Hi Riya, please review the weekly report before Wednesday. Let me know if you have questions.",ham
ALERT! URGENT: Your Federal Bank account will be blocked today. Verify now at http://reward-checker.info Respond immediately.,spam
Final warning: your PhonePe wallet is suspended. Login now to avoid closure: http://reward-checker.info,spam
Final warning: your Amazon wallet is suspended. Login now to avoid closure: http://freegift-portal.co Respond immediately.,spam
FYI: Please bring your ID card and laptop for the workshop in Zoom. Let me know if you have questions.,ham
"Update: Hi Vikram, please review the budget approval before Saturday.",ham
"ATTENTION! Your parcel is on hold due to unpaid customs charge of ₹4,999. Pay now: http://freegift-portal.co",spam
Please note: Your leave request for Thursday has been approved by HR. Please confirm.,ham
"NOTICE! Dear customer, we attempted to deliver your package. Confirm address and payment: http://fastclaim-bonus.net",spam
IMPORTANT! Your KYC is pending. Update Aadhaar and bank details immediately at http://secure-login-now.com Respond immediately.,spam
NOTICE! Your parcel is on hold due to unpaid customs charge of $49. Pay now: http://reward-checker.info Failure to act may cause account closure.,spam
Congratulations! You have won a free smartphone. Claim your reward immediately: http://fastclaim-bonus.net Respond immediately.,spam
Can we reschedule our discussion to Thursday at 10:30 AM? Regards.,ham
ALERT! URGENT: Your ICICI Bank account will be blocked today. Verify now at http://verify-wallet-alert.org Failure to act may cause account closure.,spam
ATTENTION! Update your UPI PIN now to avoid service suspension. Click here: http://fastclaim-bonus.net,spam
"Hello, Your OTP for login to Paytm is 989838. Do not share it with anyone. Let me know if you have questions.",ham
NOTICE! Congratulations! You have won a free smartphone. Claim your reward immediately: http://secure-login-now.com Respond immediately.,spam
Kindly find the attached notes for today's lecture and next week's plan. Let me know if you have questions.,ham
NOTICE! Final warning: your Flipkart wallet is suspended. Login now to avoid closure: http://account-upgrade-now.biz,spam
IMPORTANT! You are selected for a cash prize of $199. Pay a small processing fee now to receive it. Respond immediately.,spam
"FYI: Team, attached is the latest attendance list for your comments. Please confirm.",ham
"Hello, Can we reschedule our discussion to Friday at 10:30 AM? Thank you.",ham
ALERT! URGENT: Your Federal Bank account will be blocked today. Verify now at http://account-upgrade-now.biz Respond immediately.,spam
ATTENTION! Your parcel is on hold due to unpaid customs charge of ₹999. Pay now: http://secure-login-now.com,spam
Update: The class has been moved to lab 3 due to maintenance work. Please confirm.,ham
"Hello, Your OTP for login to Google Pay is 245523. Do not share it with anyone. Please confirm.",ham
Special crypto opportunity: guaranteed 5x profit. Deposit today and withdraw tomorrow.,spam
"Hi team, Your order from Apex Motors has been shipped and will arrive in 2-3 business days. Please confirm.",ham
NOTICE! Your tax refund is ready. Confirm account number and CVV to receive the amount. Failure to act may cause account closure.,spam
IMPORTANT! Your KYC is pending. Update Aadhaar and bank details immediately at http://fastclaim-bonus.net Offer expires today.,spam
FYI: The monthly salary for this cycle has been credited to your account. Please confirm.,ham
FYI: The class has been moved to library due to maintenance work.,ham
Update: Please submit the signed document to the Support by Monday evening. Please confirm.,ham
Update: Reminder: the meeting is scheduled in the main office at 9:00 AM. Regards.,ham
ALERT! Final warning: your Flipkart wallet is suspended. Login now to avoid closure: http://verify-wallet-alert.org Failure to act may cause account closure.,spam
"Hello, Reminder: the meeting is scheduled in the seminar hall at 9:00 AM. Let me know if you have questions.",ham
Please note: Can we reschedule our discussion to Tuesday at 2:00 PM? Regards.,ham
"Hi team, Team, attached is the latest shipment update for your comments.",ham
Please note: Reminder: the meeting is scheduled in the library at 2:00 PM. Please confirm.,ham
NOTICE! Security alert: reset your email password immediately or your account will be deleted: http://reward-checker.info,spam
Your tax refund is ready. Confirm account number and CVV to receive the amount. Offer expires today.,spam
Your KYC is pending. Update Aadhaar and bank details immediately at http://reward-checker.info Offer expires today.,spam
You are selected for a cash prize of ₹999. Pay a small processing fee now to receive it. Offer expires today.,spam
Your order from BluePeak has been shipped and will arrive in 2-3 business days. Let me know if you have questions.,ham
"ALERT! Dear user, unusual activity detected. Confirm your password and PAN details here: http://freegift-portal.co Respond immediately.",spam
IMPORTANT! Your parcel is on hold due to unpaid customs charge of $49. Pay now: http://reward-checker.info Offer expires today.,spam
"Hi team, The class has been moved to lab 3 due to maintenance work.",ham
IMPORTANT! Congratulations! You have won a free smartphone. Claim your reward immediately: http://account-upgrade-now.biz,spam
"Hi team, The class has been moved to seminar hall due to maintenance work. Thank you.",ham
IMPORTANT! URGENT: Your Kotak Bank account will be blocked today. Verify now at http://verify-wallet-alert.org Respond immediately.,spam
"NOTICE! Dear user, unusual activity detected. Confirm your password and PAN details here: http://freegift-portal.co Respond immediately.",spam
ATTENTION! Your KYC is pending. Update Aadhaar and bank details immediately at http://account-upgrade-now.biz Failure to act may cause account closure.,spam
IMPORTANT! Your parcel is on hold due to unpaid customs charge of $99. Pay now: http://freegift-portal.co Offer expires today.,spam
Update: Lunch with the client is fixed at 10:30 AM in the lab 3. Regards.,ham
"Hi team, Your package is out for delivery and should reach you by tonight. Please confirm.",ham
FYI: Your order from SparkGrid has been shipped and will arrive in 2-3 business days. Thank you.,ham
"Hello, Your package is out for delivery and should reach you by tonight. Please confirm.",ham
IMPORTANT! Your subscription renewal failed. Re-enter payment credentials now at http://account-upgrade-now.biz Failure to act may cause account closure.,spam
You have been pre-approved for an instant loan. Share OTP and card details to proceed. Respond immediately.,spam
Final warning: your LinkedIn wallet is suspended. Login now to avoid closure: http://fastclaim-bonus.net Offer expires today.,spam
"Hi team, The class has been moved to conference room 2 due to maintenance work. Let me know if you have questions.",ham
ALERT! Final warning: your Flipkart wallet is suspended. Login now to avoid closure: http://account-upgrade-now.biz Failure to act may cause account closure.,spam
ALERT! Your parcel is on hold due to unpaid customs charge of $49. Pay now: http://fastclaim-bonus.net Respond immediately.,spam
Final warning: your Google Pay wallet is suspended. Login now to avoid closure: http://fastclaim-bonus.net Respond immediately.,spam
"Hi Michael, please review the meeting agenda before Monday. Please confirm.",ham
FYI: Your leave request for Saturday has been approved by Marketing. Please confirm.,ham
"ALERT! You are selected for a cash prize of ₹1,999. Pay a small processing fee now to receive it. Respond immediately.",spam
"NOTICE! Dear user, unusual activity detected. Confirm your password and PAN details here: http://fastclaim-bonus.net Failure to act may cause account closure.",spam
Your parcel is on hold due to unpaid customs charge of $199. Pay now: http://freegift-portal.co,spam
Reminder: the meeting is scheduled in the seminar hall at 2:00 PM. Regards.,ham
ALERT! Winner! Your mobile number won lucky draw code IN-5602. Contact agent now to collect prize. Failure to act may cause account closure.,spam
"Team, attached is the latest project update for your comments. Please confirm.",ham
"Hi team, Your order from QuickShip has been shipped and will arrive in 2-3 business days. Regards.",ham
"Hi team, Kindly find the attached notes for today's lecture and next week's plan.",ham
"ALERT! Your parcel is on hold due to unpaid customs charge of ₹1,999. Pay now: http://account-upgrade-now.biz Respond immediately.",spam
FYI: The interview with SparkGrid is confirmed for Thursday at 12:00 PM.,ham
IMPORTANT! Your parcel is on hold due to unpaid customs charge of ₹499. Pay now: http://secure-login-now.com Respond immediately.,spam
Please note: Your order from NexaSoft has been shipped and will arrive in 2-3 business days. Let me know if you have questions.,ham
"Hi team, Reminder: the meeting is scheduled in the seminar hall at 9:00 AM. Thank you.",ham
FYI: Lunch with the client is fixed at 5:00 PM in the main office.,ham
Update: Thanks for your payment of $99. Your receipt has been generated successfully.,ham
NOTICE! Final warning: your Flipkart wallet is suspended. Login now to avoid closure: http://freegift-portal.co Failure to act may cause account closure.,spam
ATTENTION! Final warning: your Flipkart wallet is suspended. Login now to avoid closure: http://fastclaim-bonus.net Respond immediately.,spam
IMPORTANT! This is the final notice from ICICI Bank. Submit credentials immediately to prevent permanent freeze.,spam
"Hello, Hi Daniel, please review the meeting agenda before Friday. Let me know if you have questions.",ham
"Hello, Can we reschedule our discussion to Thursday at 12:00 PM? Let me know if you have questions.",ham
IMPORTANT! Your KYC is pending. Update Aadhaar and bank details immediately at http://reward-checker.info Respond immediately.,spam
Congratulations! You have won a free smartphone. Claim your reward immediately: http://reward-checker.info Failure to act may cause account closure.,spam
Your KYC is pending. Update Aadhaar and bank details immediately at http://freegift-portal.co,spam
ALERT! You are selected for a cash prize of $99. Pay a small processing fee now to receive it. Offer expires today.,spam
Your parcel is on hold due to unpaid customs charge of $99. Pay now: http://fastclaim-bonus.net Failure to act may cause account closure.,spam
NOTICE! Your subscription renewal failed. Re-enter payment credentials now at http://verify-wallet-alert.org Respond immediately.,spam
Thanks for your payment of $99. Your receipt has been generated successfully.,ham
Your parcel is on hold due to unpaid customs charge of $199. Pay now: http://reward-checker.info Respond immediately.,spam
NOTICE! Final warning: your Amazon wallet is suspended. Login now to avoid closure: http://secure-login-now.com Offer expires today.,spam
IMPORTANT! Update your UPI PIN now to avoid service suspension. Click here: http://secure-login-now.com Failure to act may cause account closure.,spam
Your parcel is on hold due to unpaid customs charge of ₹999. Pay now: http://reward-checker.info Respond immediately.,spam
"Hi team, Your order from WorkHub has been shipped and will arrive in 2-3 business days. Thank you.",ham
Please submit the signed document to the Accounts by Thursday evening.,ham
Please note: Your package is out for delivery and should reach you by tonight.,ham
FYI: Thanks for your payment of ₹499. Your receipt has been generated successfully. Let me know if you have questions.,ham
"Hi team, Your order from Horizon Labs has been shipped and will arrive in 2-3 business days. Let me know if you have questions.",ham
"NOTICE! You are selected for a cash prize of ₹1,999. Pay a small processing fee now to receive it. Respond immediately.",spam
"ALERT! Dear user, unusual activity detected. Confirm your password and PAN details here: http://freegift-portal.co",spam
NOTICE! Update your UPI PIN now to avoid service suspension. Click here: http://verify-wallet-alert.org Failure to act may cause account closure.,spam
"Hi team, This is a gentle reminder to complete the feedback form by Thursday. Let me know if you have questions.",ham
Please note: Thanks for your payment of $199. Your receipt has been generated successfully. Please confirm.,ham
FYI: Lunch with the client is fixed at 6:15 PM in the seminar hall. Thank you.,ham
You are selected for a cash prize of ₹999. Pay a small processing fee now to receive it. Failure to act may cause account closure.,spam
NOTICE! Final warning: your PhonePe wallet is suspended. Login now to avoid closure: http://secure-login-now.com Respond immediately.,spam
ALERT! Congratulations! You have won a free smartphone. Claim your reward immediately: http://fastclaim-bonus.net Failure to act may cause account closure.,spam
"Hello, Can we reschedule our discussion to Friday at 3:30 PM? Thank you.",ham
ATTENTION! Final warning: your Instagram wallet is suspended. Login now to avoid closure: http://fastclaim-bonus.net Offer expires today.,spam
"Hello, Team, attached is the latest assignment reminder for your comments. Regards.",ham
Thanks for your payment of $49. Your receipt has been generated successfully.,ham
IMPORTANT! Final warning: your Paytm wallet is suspended. Login now to avoid closure: http://reward-checker.info Respond immediately.,spam
"Hi team, Team, attached is the latest weekly report for your comments.",ham
"Hi team, Reminder: the meeting is scheduled in the conference room 2 at 2:00 PM. Please confirm.",ham
ALERT! URGENT: Your Axis Bank account will be blocked today. Verify now at http://verify-wallet-alert.org Respond immediately.,spam
FYI: Reminder: the meeting is scheduled in the seminar hall at 12:00 PM. Regards.,ham
IMPORTANT! Security alert: reset your email password immediately or your account will be deleted: http://account-upgrade-now.biz Respond immediately.,spam
IMPORTANT! URGENT: Your ICICI Bank account will be blocked today. Verify now at http://reward-checker.info Respond immediately.,spam
"NOTICE! Dear user, unusual activity detected. Confirm your password and PAN details here: http://account-upgrade-now.biz Failure to act may cause account closure.",spam
IMPORTANT! Winner! Your mobile number won lucky draw code HR-7710. Contact agent now to collect prize. Respond immediately.,spam
"Hi team, This is a gentle reminder to complete the feedback form by Wednesday.",ham
"Hi team, Reminder: the meeting is scheduled in the main office at 6:15 PM. Regards.",ham
Please note: Please submit the signed document to the Marketing by Monday evening. Thank you.,ham
Update: Your leave request for Monday has been approved by Marketing. Please confirm.,ham
IMPORTANT! Act now: your job application has been shortlisted. Pay registration fees to complete hiring. Respond immediately.,spam
Winner! Your mobile number won lucky draw code IN-5602. Contact agent now to collect prize. Offer expires today.,spam
"Hi team, The interview with BrightEdge is confirmed for Saturday at 2:00 PM. Let me know if you have questions.",ham
FYI: Please bring your ID card and laptop for the workshop in conference room 2. Regards.,ham
"Hello, Your order from BrightEdge has been shipped and will arrive in 2-3 business days. Regards.",ham
FYI: Your order from NexaSoft has been shipped and will arrive in 2-3 business days.,ham
IMPORTANT! URGENT: Your Axis Bank account will be blocked today. Verify now at http://freegift-portal.co,spam
Winner! Your mobile number won lucky draw code NV-4207. Contact agent now to collect prize.,spam
ALERT! You are selected for a cash prize of ₹499. Pay a small processing fee now to receive it. Failure to act may cause account closure.,spam
ALERT! Final warning: your PhonePe wallet is suspended. Login now to avoid closure: http://verify-wallet-alert.org Offer expires today.,spam
ATTENTION! URGENT: Your HDFC Bank account will be blocked today. Verify now at http://freegift-portal.co Failure to act may cause account closure.,spam
"Hi team, Your leave request for Thursday has been approved by IT.",ham
You have been pre-approved for an instant loan. Share OTP and card details to proceed.,spam
"Hi team, Can we reschedule our discussion to Friday at 9:00 AM? Please confirm.",ham
NOTICE! Final warning: your Flipkart wallet is suspended. Login now to avoid closure: http://account-upgrade-now.biz Respond immediately.,spam
NOTICE! Your parcel is on hold due to unpaid customs charge of $199. Pay now: http://freegift-portal.co Offer expires today.,spam
FYI: Can we reschedule our discussion to Saturday at 10:30 AM?,ham
FYI: Reminder: the meeting is scheduled in the seminar hall at 2:00 PM. Regards.,ham
"Dear customer, we attempted to deliver your package. Confirm address and payment: http://verify-wallet-alert.org Respond immediately.",spam
Please note: Can we reschedule our discussion to Thursday at 6:15 PM?,ham
The interview with QuickShip is confirmed for Monday at 2:00 PM. Regards.,ham
"Hi team, The interview with GreenLeaf is confirmed for Tuesday at 5:00 PM. Regards.",ham
"NOTICE! Dear user, unusual activity detected. Confirm your password and PAN details here: http://account-upgrade-now.biz Offer expires today.",spam
IMPORTANT! URGENT: Your Axis Bank account will be blocked today. Verify now at http://account-upgrade-now.biz Failure to act may cause account closure.,spam
NOTICE! Your KYC is pending. Update Aadhaar and bank details immediately at http://fastclaim-bonus.net Offer expires today.,spam
IMPORTANT! Final warning: your Amazon wallet is suspended. Login now to avoid closure: http://account-upgrade-now.biz,spam
Congratulations! You have won a free smartphone. Claim your reward immediately: http://secure-login-now.com Offer expires today.,spam
"Hi team, The monthly salary for this cycle has been credited to your account.",ham
Please note: The class has been moved to training room due to maintenance work. Thank you.,ham
Your OTP for login to LinkedIn is 662147. Do not share it with anyone. Please confirm.,ham
Please note: The interview with BrightEdge is confirmed for Monday at 10:30 AM. Thank you.,ham
Update: Lunch with the client is fixed at 10:30 AM in the Zoom. Please confirm.,ham
FYI: Please submit the signed document to the Faculty Office by Thursday evening. Thank you.,ham
Update: Thanks for your payment of $199. Your receipt has been generated successfully.,ham
"Hello, The class has been moved to training room due to maintenance work. Please confirm.",ham
Update: The interview with WorkHub is confirmed for Tuesday at 5:00 PM. Please confirm.,ham
Final warning: your Amazon wallet is suspended. Login now to avoid closure: http://reward-checker.info,spam
NOTICE! Your KYC is pending. Update Aadhaar and bank details immediately at http://account-upgrade-now.biz Failure to act may cause account closure.,spam
ATTENTION! Your parcel is on hold due to unpaid customs charge of $99. Pay now: http://account-upgrade-now.biz,spam
The interview with Horizon Labs is confirmed for Monday at 10:30 AM.,ham
IMPORTANT! URGENT: Your Federal Bank account will be blocked today. Verify now at http://account-upgrade-now.biz Offer expires today.,spam
"Hello, Please bring your ID card and laptop for the workshop in conference room 2. Let me know if you have questions.",ham
"IMPORTANT! Your parcel is on hold due to unpaid customs charge of ₹4,999. Pay now: http://verify-wallet-alert.org Offer expires today.",spam
Update: Lunch with the client is fixed at 6:15 PM in the library. Let me know if you have questions.,ham
Please note: This is a gentle reminder to complete the feedback form by Wednesday. Let me know if you have questions.,ham
NOTICE! Final warning: your Netflix wallet is suspended. Login now to avoid closure: http://fastclaim-bonus.net,spam
NOTICE! Winner! Your mobile number won lucky draw code AX-2291. Contact agent now to collect prize. Respond immediately.,spam
Update: The interview with WorkHub is confirmed for Saturday at 6:15 PM. Please confirm.,ham
ATTENTION! Final warning: your Paytm wallet is suspended. Login now to avoid closure: http://verify-wallet-alert.org Failure to act may cause account closure.,spam
Update: Your order from Horizon Labs has been shipped and will arrive in 2-3 business days. Please confirm.,ham
Reminder: the meeting is scheduled in the training room at 3:30 PM. Let me know if you have questions.,ham
NOTICE! Update your UPI PIN now to avoid service suspension. Click here: http://account-upgrade-now.biz Offer expires today.,spam
"Hi team, Thanks for your payment of ₹1,999. Your receipt has been generated successfully.",ham
"Hello, Team, attached is the latest budget approval for your comments. Please confirm.",ham
"FYI: Hi Sam, please review the shipment update before Tuesday.",ham
Congratulations! You have won a free smartphone. Claim your reward immediately: http://freegift-portal.co Offer expires today.,spam
Update: We have updated the project tracker with the latest milestones and owners. Regards.,ham
FYI: Your OTP for login to Instagram is 813831. Do not share it with anyone. Regards.,ham
IMPORTANT! Your subscription renewal failed. Re-enter payment credentials now at http://fastclaim-bonus.net Respond immediately.,spam
FYI: This is a gentle reminder to complete the feedback form by Friday. Let me know if you have questions.,ham
ATTENTION! Your tax refund is ready. Confirm account number and CVV to receive the amount. Respond immediately.,spam
Thanks for your payment of ₹499. Your receipt has been generated successfully. Let me know if you have questions.,ham
FYI: The interview with FinTrust is confirmed for Wednesday at 12:00 PM. Thank you.,ham
"Hi Aarav, please review the meeting agenda before Tuesday. Regards.",ham
IMPORTANT! Congratulations! You have won a free smartphone. Claim your reward immediately: http://secure-login-now.com Offer expires today.,spam
"Hi team, Your leave request for Wednesday has been approved by IT. Regards.",ham
"Hello, Reminder: the meeting is scheduled in the conference room 2 at 5:00 PM. Thank you.",ham
Please note: Your order from UrbanMart has been shipped and will arrive in 2-3 business days. Regards.,ham
Update: Your leave request for Wednesday has been approved by Operations. Thank you.,ham
IMPORTANT! URGENT: Your ICICI Bank account will be blocked today. Verify now at http://fastclaim-bonus.net Offer expires today.,spam
"Hello, The interview with CloudSync is confirmed for Friday at 2:00 PM. Please confirm.",ham
FYI: Can we reschedule our discussion to Saturday at 12:00 PM? Thank you.,ham
ATTENTION! Final warning: your Netflix wallet is suspended. Login now to avoid closure: http://account-upgrade-now.biz,spam
The interview with Apex Motors is confirmed for Monday at 12:00 PM. Regards.,ham
"FYI: Thanks for your payment of ₹4,999. Your receipt has been generated successfully. Let me know if you have questions.",ham
ALERT! URGENT: Your HDFC Bank account will be blocked today. Verify now at http://fastclaim-bonus.net Failure to act may cause account closure.,spam
IMPORTANT! Your parcel is on hold due to unpaid customs charge of $99. Pay now: http://freegift-portal.co Failure to act may cause account closure.,spam
Please note: Your order from WorkHub has been shipped and will arrive in 2-3 business days. Please confirm.,ham
FYI: Please submit the signed document to the Faculty Office by Saturday evening.,ham
NOTICE! URGENT: Your Axis Bank account will be blocked today. Verify now at http://secure-login-now.com,spam
NOTICE! Your parcel is on hold due to unpaid customs charge of $49. Pay now: http://freegift-portal.co Respond immediately.,spam
"ATTENTION! Dear customer, we attempted to deliver your package. Confirm address and payment: http://freegift-portal.co Offer expires today.",spam
ATTENTION! Your subscription renewal failed. Re-enter payment credentials now at http://account-upgrade-now.biz Failure to act may cause account closure.,spam
Please note: Thanks for your payment of $99. Your receipt has been generated successfully. Let me know if you have questions.,ham
"Hi Priya, please review the budget approval before Friday. Let me know if you have questions.",ham
Update: Please bring your ID card and laptop for the workshop in main office. Thank you.,ham
"Please note: Hi Karan, please review the invoice review before Thursday. Thank you.",ham
"Hi team, Can we reschedule our discussion to Friday at 5:00 PM? Let me know if you have questions.",ham
FYI: Can we reschedule our discussion to Thursday at 6:15 PM? Let me know if you have questions.,ham
ATTENTION! Act now: your job application has been shortlisted. Pay registration fees to complete hiring. Failure to act may cause account closure.,spam
Please note: The network issue has been resolved. Kindly reconnect and confirm access. Let me know if you have questions.,ham
Update: Please submit the signed document to the Admin by Friday evening. Thank you.,ham
You are selected for a cash prize of ₹499. Pay a small processing fee now to receive it. Failure to act may cause account closure.,spam
ALERT! Update your UPI PIN now to avoid service suspension. Click here: http://account-upgrade-now.biz Offer expires today.,spam
"Hello, Your leave request for Thursday has been approved by Marketing. Thank you.",ham
NOTICE! URGENT: Your Kotak Bank account will be blocked today. Verify now at http://secure-login-now.com Respond immediately.,spam
"Hello, This is a gentle reminder to complete the feedback form by Friday.",ham
"Hi team, The network issue has been resolved. Kindly reconnect and confirm access. Please confirm.",ham
ALERT! URGENT: Your Federal Bank account will be blocked today. Verify now at http://account-upgrade-now.biz Offer expires today.,spam
NOTICE! You are selected for a cash prize of ₹499. Pay a small processing fee now to receive it. Failure to act may cause account closure.,spam
Please note: The interview with SparkGrid is confirmed for Tuesday at 9:00 AM. Thank you.,ham
"Hello, Your package is out for delivery and should reach you by tonight.",ham
Please note: Please submit the signed document to the Faculty Office by Wednesday evening. Regards.,ham
"ALERT! Dear user, unusual activity detected. Confirm your password and PAN details here: http://reward-checker.info",spam
Update: The interview with GreenLeaf is confirmed for Monday at 2:00 PM. Regards.,ham
FYI: Lunch with the client is fixed at 3:30 PM in the lab 3. Please confirm.,ham
ALERT! Act now: your job application has been shortlisted. Pay registration fees to complete hiring. Offer expires today.,spam
Please note: Reminder: the meeting is scheduled in the Zoom at 6:15 PM.,ham
"ALERT! Dear customer, we attempted to deliver your package. Confirm address and payment: http://verify-wallet-alert.org Failure to act may cause account closure.",spam
Please note: Can we reschedule our discussion to Friday at 3:30 PM? Let me know if you have questions.,ham
Please submit the signed document to the Admin by Monday evening. Let me know if you have questions.,ham
"Hi team, Please bring your ID card and laptop for the workshop in main office. Regards.",ham
NOTICE! Security alert: reset your email password immediately or your account will be deleted: http://freegift-portal.co,spam
ALERT! Congratulations! You have won a free smartphone. Claim your reward immediately: http://reward-checker.info Failure to act may cause account closure.,spam
IMPORTANT! You are selected for a cash prize of $99. Pay a small processing fee now to receive it. Failure to act may cause account closure.,spam
ALERT! URGENT: Your Federal Bank account will be blocked today. Verify now at http://verify-wallet-alert.org Offer expires today.,spam
NOTICE! Winner! Your mobile number won lucky draw code IN-5602. Contact agent now to collect prize.,spam
ATTENTION! This is the final notice from Axis Bank. Submit credentials immediately to prevent permanent freeze. Respond immediately.,spam
"NOTICE! Your parcel is on hold due to unpaid customs charge of ₹4,999. Pay now: http://secure-login-now.com Failure to act may cause account closure.",spam
FYI: Your OTP for login to Google Pay is 807884. Do not share it with anyone. Let me know if you have questions.,ham
ATTENTION! Final warning: your Flipkart wallet is suspended. Login now to avoid closure: http://secure-login-now.com Failure to act may cause account closure.,spam
Final warning: your Google Pay wallet is suspended. Login now to avoid closure: http://fastclaim-bonus.net Failure to act may cause account closure.,spam
"Hello, Reminder: the meeting is scheduled in the lab 3 at 2:00 PM. Thank you.",ham
"Hi team, Your OTP for login to LinkedIn is 218303. Do not share it with anyone.",ham
Update: The interview with SparkGrid is confirmed for Saturday at 12:00 PM. Regards.,ham
"Hello, Can we reschedule our discussion to Saturday at 9:00 AM? Thank you.",ham
Update: Can we reschedule our discussion to Saturday at 3:30 PM?,ham
NOTICE! Your parcel is on hold due to unpaid customs charge of $199. Pay now: http://reward-checker.info Offer expires today.,spam
"Hi team, Kindly find the attached notes for today's lecture and next week's plan. Please confirm.",ham
ATTENTION! Final warning: your Netflix wallet is suspended. Login now to avoid closure: http://fastclaim-bonus.net Offer expires today.,spam
ATTENTION! URGENT: Your Axis Bank account will be blocked today. Verify now at http://verify-wallet-alert.org Respond immediately.,spam
FYI: Lunch with the client is fixed at 10:30 AM in the seminar hall.,ham
URGENT: Your Kotak Bank account will be blocked today. Verify now at http://secure-login-now.com,spam
"Hi team, Your OTP for login to Paytm is 142527. Do not share it with anyone. Regards.",ham
ALERT! Winner! Your mobile number won lucky draw code UP-1118. Contact agent now to collect prize.,spam
"Hello, Please bring your ID card and laptop for the workshop in seminar hall. Thank you.",ham
"Hello, Your OTP for login to LinkedIn is 467856. Do not share it with anyone. Regards.",ham
Update: The class has been moved to conference room 2 due to maintenance work. Let me know if you have questions.,ham
IMPORTANT! Winner! Your mobile number won lucky draw code TR-9045. Contact agent now to collect prize. Failure to act may cause account closure.,spam
FYI: The interview with BluePeak is confirmed for Saturday at 9:00 AM.,ham
ALERT! Final warning: your Paytm wallet is suspended. Login now to avoid closure: http://secure-login-now.com Respond immediately.,spam
Winner! Your mobile number won lucky draw code HR-7710. Contact agent now to collect prize.,spam
ATTENTION! You are selected for a cash prize of $49. Pay a small processing fee now to receive it.,spam
"ATTENTION! You are selected for a cash prize of ₹1,999. Pay a small processing fee now to receive it.",spam
FYI: Your package is out for delivery and should reach you by tonight.,ham
ATTENTION! Your KYC is pending. Update Aadhaar and bank details immediately at http://fastclaim-bonus.net Offer expires today.,spam
"Hello, Hi Karan, please review the project update before Monday. Thank you.",ham
IMPORTANT! Exclusive investment offer: double your money in 7 days. Reply YES to start. Failure to act may cause account closure.,spam
ATTENTION! Final warning: your Netflix wallet is suspended. Login now to avoid closure: http://account-upgrade-now.biz Failure to act may cause account closure.,spam
"ALERT! Dear user, unusual activity detected. Confirm your password and PAN details here: http://freegift-portal.co Offer expires today.",spam
"IMPORTANT! Dear customer, we attempted to deliver your package. Confirm address and payment: http://secure-login-now.com",spam
"Hi team, The interview with Apex Motors is confirmed for Thursday at 2:00 PM. Regards.",ham
NOTICE! Your subscription renewal failed. Re-enter payment credentials now at http://verify-wallet-alert.org Failure to act may cause account closure.,spam
IMPORTANT! URGENT: Your Federal Bank account will be blocked today. Verify now at http://secure-login-now.com Offer expires today.,spam
ALERT! Congratulations! You have won a free smartphone. Claim your reward immediately: http://verify-wallet-alert.org Offer expires today.,spam
URGENT: Your HDFC Bank account will be blocked today. Verify now at http://account-upgrade-now.biz,spam
ATTENTION! URGENT: Your Federal Bank account will be blocked today. Verify now at http://freegift-portal.co,spam
"NOTICE! Dear user, unusual activity detected. Confirm your password and PAN details here: http://freegift-portal.co Offer expires today.",spam
FYI: The class has been moved to Zoom due to maintenance work. Thank you.,ham
Update: Reminder: the meeting is scheduled in the conference room 2 at 12:00 PM. Let me know if you have questions.,ham
The interview with SparkGrid is confirmed for Saturday at 6:15 PM. Please confirm.,ham
Your parcel is on hold due to unpaid customs charge of ₹499. Pay now: http://reward-checker.info Respond immediately.,spam
NOTICE! URGENT: Your ICICI Bank account will be blocked today. Verify now at http://verify-wallet-alert.org,spam
ATTENTION! URGENT: Your SBI account will be blocked today. Verify now at http://fastclaim-bonus.net Respond immediately.,spam
FYI: This is a gentle reminder to complete the feedback form by Wednesday. Regards.,ham
"Please note: Thanks for your payment of ₹1,999. Your receipt has been generated successfully. Let me know if you have questions.",ham
Please note: Can we reschedule our discussion to Saturday at 10:30 AM? Regards.,ham
ALERT! This is the final notice from SBI. Submit credentials immediately to prevent permanent freeze. Respond immediately.,spam
Update: Lunch with the client is fixed at 12:00 PM in the training room. Please confirm.,ham
FYI: Please bring your ID card and laptop for the workshop in library. Regards.,ham
"Hi team, Please bring your ID card and laptop for the workshop in main office.",ham
"ATTENTION! Dear customer, we attempted to deliver your package. Confirm address and payment: http://secure-login-now.com Failure to act may cause account closure.",spam
NOTICE! URGENT: Your Axis Bank account will be blocked today. Verify now at http://reward-checker.info Respond immediately.,spam
Final warning: your LinkedIn wallet is suspended. Login now to avoid closure: http://fastclaim-bonus.net Failure to act may cause account closure.,spam
"ATTENTION! Dear customer, we attempted to deliver your package. Confirm address and payment: http://secure-login-now.com Respond immediately.",spam
"Hello, Please submit the signed document to the Accounts by Monday evening. Regards.",ham
"Please note: Team, attached is the latest meeting agenda for your comments. Please confirm.",ham
ALERT! Update your UPI PIN now to avoid service suspension. Click here: http://verify-wallet-alert.org Offer expires today.,spam
ATTENTION! Winner! Your mobile number won lucky draw code IN-5602. Contact agent now to collect prize. Failure to act may cause account closure.,spam
ATTENTION! Winner! Your mobile number won lucky draw code HR-7710. Contact agent now to collect prize. Offer expires today.,spam
Please note: Please bring your ID card and laptop for the workshop in Zoom. Let me know if you have questions.,ham
IMPORTANT! Security alert: reset your email password immediately or your account will be deleted: http://reward-checker.info,spam
FYI: Your leave request for Friday has been approved by HR. Regards.,ham
ALERT! Winner! Your mobile number won lucky draw code AX-2291. Contact agent now to collect prize. Offer expires today.,spam
Update: Reminder: the meeting is scheduled in the seminar hall at 12:00 PM. Let me know if you have questions.,ham
Please note: Your leave request for Friday has been approved by Operations. Thank you.,ham
NOTICE! Your subscription renewal failed. Re-enter payment credentials now at http://reward-checker.info Respond immediately.,spam
"Hi team, Your leave request for Friday has been approved by Marketing.",ham
NOTICE! URGENT: Your Federal Bank account will be blocked today. Verify now at http://fastclaim-bonus.net Respond immediately.,spam
Please note: Lunch with the client is fixed at 2:00 PM in the lab 3. Thank you.,ham
ALERT! Congratulations! You have won a free smartphone. Claim your reward immediately: http://account-upgrade-now.biz Respond immediately.,spam
"Hello, Reminder: the meeting is scheduled in the library at 2:00 PM. Please confirm.",ham
ATTENTION! URGENT: Your Axis Bank account will be blocked today. Verify now at http://freegift-portal.co Failure to act may cause account closure.,spam
"Hello, Your OTP for login to Instagram is 498895. Do not share it with anyone.",ham
ATTENTION! Your parcel is on hold due to unpaid customs charge of $99. Pay now: http://reward-checker.info,spam
"Hi team, Your order from QuickShip has been shipped and will arrive in 2-3 business days. Thank you.",ham
ALERT! Winner! Your mobile number won lucky draw code UP-1118. Contact agent now to collect prize. Respond immediately.,spam
"Please note: Thanks for your payment of ₹1,999. Your receipt has been generated successfully.",ham
IMPORTANT! Your parcel is on hold due to unpaid customs charge of $199. Pay now: http://account-upgrade-now.biz Respond immediately.,spam
NOTICE! URGENT: Your HDFC Bank account will be blocked today. Verify now at http://verify-wallet-alert.org Failure to act may cause account closure.,spam
Please note: Please submit the signed document to the Accounts by Saturday evening. Let me know if you have questions.,ham
"Update: Team, attached is the latest weekly report for your comments. Let me know if you have questions.",ham
"Please note: Hi Riya, please review the weekly report before Thursday. Let me know if you have questions.",ham
Final warning: your PhonePe wallet is suspended. Login now to avoid closure: http://fastclaim-bonus.net,spam
ALERT! Security alert: reset your email password immediately or your account will be deleted: http://account-upgrade-now.biz Offer expires today.,spam
FYI: Kindly find the attached notes for today's lecture and next week's plan.,ham
Please note: Your leave request for Friday has been approved by HR. Please confirm.,ham
URGENT: Your HDFC Bank account will be blocked today. Verify now at http://secure-login-now.com Failure to act may cause account closure.,spam
Please note: The interview with QuickShip is confirmed for Thursday at 9:00 AM. Regards.,ham
Exclusive investment offer: double your money in 7 days. Reply YES to start. Offer expires today.,spam
IMPORTANT! URGENT: Your Federal Bank account will be blocked today. Verify now at http://freegift-portal.co Offer expires today.,spam
NOTICE! Winner! Your mobile number won lucky draw code AX-2291. Contact agent now to collect prize.,spam
ATTENTION! Your subscription renewal failed. Re-enter payment credentials now at http://fastclaim-bonus.net Respond immediately.,spam
"Hello, Reminder: the meeting is scheduled in the seminar hall at 10:30 AM.",ham
NOTICE! Your parcel is on hold due to unpaid customs charge of $99. Pay now: http://account-upgrade-now.biz Failure to act may cause account closure.,spam
ALERT! Final warning: your Google Pay wallet is suspended. Login now to avoid closure: http://fastclaim-bonus.net Failure to act may cause account closure.,spam
Update: Your leave request for Tuesday has been approved by Accounts. Let me know if you have questions.,ham
Please note: Your leave request for Thursday has been approved by Admin.,ham
ALERT! Your subscription renewal failed. Re-enter payment credentials now at http://account-upgrade-now.biz,spam
"Hello, Team, attached is the latest shipment update for your comments. Regards.",ham
"ATTENTION! Your parcel is on hold due to unpaid customs charge of ₹4,999. Pay now: http://account-upgrade-now.biz Failure to act may cause account closure.",spam
ATTENTION! Your parcel is on hold due to unpaid customs charge of $99. Pay now: http://fastclaim-bonus.net Offer expires today.,spam
Reminder: the meeting is scheduled in the lab 3 at 12:00 PM. Let me know if you have questions.,ham
ALERT! URGENT: Your HDFC Bank account will be blocked today. Verify now at http://verify-wallet-alert.org Respond immediately.,spam
"ALERT! Dear user, unusual activity detected. Confirm your password and PAN details here: http://account-upgrade-now.biz Offer expires today.",spam
Please bring your ID card and laptop for the workshop in lab 3.,ham
NOTICE! Update your UPI PIN now to avoid service suspension. Click here: http://secure-login-now.com Offer expires today.,spam
"Hello, Team, attached is the latest assignment reminder for your comments. Thank you.",ham
"FYI: Hi Olivia, please review the budget approval before Wednesday.",ham
Update: Please bring your ID card and laptop for the workshop in lab 3. Please confirm.,ham
Update: The interview with UrbanMart is confirmed for Tuesday at 3:30 PM. Let me know if you have questions.,ham
NOTICE! Winner! Your mobile number won lucky draw code UP-1118. Contact agent now to collect prize. Failure to act may cause account closure.,spam
Free Netflix premium for 12 months. Login with your card to activate today.,spam
"Hi team, Lunch with the client is fixed at 10:30 AM in the main office. Regards.",ham
Please note: Your OTP for login to PhonePe is 724391. Do not share it with anyone. Let me know if you have questions.,ham
"Your parcel is on hold due to unpaid customs charge of ₹1,999. Pay now: http://reward-checker.info Respond immediately.",spam
IMPORTANT! Final warning: your Paytm wallet is suspended. Login now to avoid closure: http://fastclaim-bonus.net Respond immediately.,spam
ATTENTION! URGENT: Your Federal Bank account will be blocked today. Verify now at http://reward-checker.info,spam
"Hi team, Your leave request for Tuesday has been approved by Operations. Let me know if you have questions.",ham
NOTICE! URGENT: Your HDFC Bank account will be blocked today. Verify now at http://fastclaim-bonus.net Failure to act may cause account closure.,spam
Please note: Can we reschedule our discussion to Thursday at 9:00 AM? Regards.,ham
"Update: Hi Emma, please review the weekly report before Monday. Please confirm.",ham
"Hi team, The interview with TechNova is confirmed for Tuesday at 6:15 PM. Please confirm.",ham
Update your UPI PIN now to avoid service suspension. Click here: http://freegift-portal.co Offer expires today.,spam
The class has been moved to main office due to maintenance work. Regards.,ham
"Please note: Hi Riya, please review the meeting agenda before Saturday. Let me know if you have questions.",ham
FYI: This is a gentle reminder to complete the feedback form by Tuesday. Regards.,ham
ALERT! URGENT: Your Kotak Bank account will be blocked today. Verify now at http://verify-wallet-alert.org Offer expires today.,spam
Please bring your ID card and laptop for the workshop in seminar hall. Let me know if you have questions.,ham
Update: The interview with SparkGrid is confirmed for Friday at 2:00 PM. Thank you.,ham
IMPORTANT! Update your UPI PIN now to avoid service suspension. Click here: http://account-upgrade-now.biz,spam
"Please note: Hi Sara, please review the client feedback before Friday. Thank you.",ham
Please note: Lunch with the client is fixed at 3:30 PM in the conference room 2. Please confirm.,ham
FYI: Your leave request for Thursday has been approved by Support. Thank you.,ham
ATTENTION! Your subscription renewal failed. Re-enter payment credentials now at http://freegift-portal.co,spam
IMPORTANT! This is the final notice from ICICI Bank. Submit credentials immediately to prevent permanent freeze. Failure to act may cause account closure.,spam
Your KYC is pending. Update Aadhaar and bank details immediately at http://verify-wallet-alert.org Respond immediately.,spam
ATTENTION! Your KYC is pending. Update Aadhaar and bank details immediately at http://secure-login-now.com Offer expires today.,spam
IMPORTANT! URGENT: Your Axis Bank account will be blocked today. Verify now at http://reward-checker.info Respond immediately.,spam
NOTICE! URGENT: Your SBI account will be blocked today. Verify now at http://account-upgrade-now.biz Respond immediately.,spam
URGENT: Your SBI account will be blocked today. Verify now at http://reward-checker.info Failure to act may cause account closure.,spam
IMPORTANT! Winner! Your mobile number won lucky draw code AX-2291. Contact agent now to collect prize. Failure to act may cause account closure.,spam
ALERT! URGENT: Your SBI account will be blocked today. Verify now at http://secure-login-now.com,spam
Please note: Please bring your ID card and laptop for the workshop in seminar hall. Let me know if you have questions.,ham
"Hello, Your order from BrightEdge has been shipped and will arrive in 2-3 business days. Please confirm.",ham
Reminder: the meeting is scheduled in the seminar hall at 6:15 PM. Please confirm.,ham
"Please note: Hi Rahul, please review the client feedback before Tuesday. Regards.",ham
NOTICE! Your KYC is pending. Update Aadhaar and bank details immediately at http://freegift-portal.co Respond immediately.,spam
NOTICE! You are selected for a cash prize of ₹499. Pay a small processing fee now to receive it. Offer expires today.,spam
"ALERT! Dear user, unusual activity detected. Confirm your password and PAN details here: http://secure-login-now.com Respond immediately.",spam
FYI: The interview with UrbanMart is confirmed for Thursday at 10:30 AM.,ham
ATTENTION! This is the final notice from SBI. Submit credentials immediately to prevent permanent freeze. Failure to act may cause account closure.,spam
ATTENTION! Your subscription renewal failed. Re-enter payment credentials now at http://account-upgrade-now.biz,spam
NOTICE! Update your UPI PIN now to avoid service suspension. Click here: http://secure-login-now.com Failure to act may cause account closure.,spam
ALERT! Your parcel is on hold due to unpaid customs charge of $199. Pay now: http://reward-checker.info Failure to act may cause account closure.,spam
"Hi Priya, please review the meeting agenda before Saturday. Please confirm.",ham
NOTICE! Winner! Your mobile number won lucky draw code AX-2291. Contact agent now to collect prize. Offer expires today.,spam
Update: Your leave request for Wednesday has been approved by Faculty Office. Regards.,ham
Update: We received your application and will update you after the screening process. Let me know if you have questions.,ham
Your OTP for login to Flipkart is 211812. Do not share it with anyone. Please confirm.,ham
URGENT: Your SBI account will be blocked today. Verify now at http://secure-login-now.com Failure to act may cause account closure.,spam
"Hello, Reminder: the meeting is scheduled in the lab 3 at 6:15 PM. Thank you.",ham
ATTENTION! Final warning: your Flipkart wallet is suspended. Login now to avoid closure: http://account-upgrade-now.biz Failure to act may cause account closure.,spam
The network issue has been resolved. Kindly reconnect and confirm access. Let me know if you have questions.,ham
IMPORTANT! Final warning: your Flipkart wallet is suspended. Login now to avoid closure: http://account-upgrade-now.biz Failure to act may cause account closure.,spam
FYI: Please bring your ID card and laptop for the workshop in Zoom. Please confirm.,ham
Please note: We received your application and will update you after the screening process. Please confirm.,ham
ATTENTION! Winner! Your mobile number won lucky draw code IN-5602. Contact agent now to collect prize. Respond immediately.,spam
Final warning: your Instagram wallet is suspended. Login now to avoid closure: http://reward-checker.info Offer expires today.,spam
ALERT! URGENT: Your Kotak Bank account will be blocked today. Verify now at http://fastclaim-bonus.net,spam
Please note: Reminder: the meeting is scheduled in the seminar hall at 12:00 PM. Thank you.,ham
ALERT! You have been pre-approved for an instant loan. Share OTP and card details to proceed. Offer expires today.,spam
IMPORTANT! Free Netflix premium for 12 months. Login with your card to activate today. Failure to act may cause account closure.,spam
ALERT! URGENT: Your SBI account will be blocked today. Verify now at http://account-upgrade-now.biz Failure to act may cause account closure.,spam
ALERT! Update your UPI PIN now to avoid service suspension. Click here: http://account-upgrade-now.biz Failure to act may cause account closure.,spam
Update: Please bring your ID card and laptop for the workshop in library. Let me know if you have questions.,ham
Please note: Lunch with the client is fixed at 12:00 PM in the seminar hall. Let me know if you have questions.,ham
FYI: Your leave request for Tuesday has been approved by IT. Thank you.,ham
"Hi team, Your leave request for Wednesday has been approved by Accounts. Let me know if you have questions.",ham
Update: Can we reschedule our discussion to Wednesday at 10:30 AM?,ham
"Hello, The interview with TechNova is confirmed for Wednesday at 5:00 PM.",ham
"ALERT! Dear customer, we attempted to deliver your package. Confirm address and payment: http://secure-login-now.com",spam
"ATTENTION! Dear customer, we attempted to deliver your package. Confirm address and payment: http://fastclaim-bonus.net Offer expires today.",spam
Please note: Your leave request for Monday has been approved by Admin. Please confirm.,ham
Update: Reminder: the meeting is scheduled in the Zoom at 10:30 AM. Thank you.,ham
FYI: Reminder: the meeting is scheduled in the library at 10:30 AM. Let me know if you have questions.,ham
Update your UPI PIN now to avoid service suspension. Click here: http://secure-login-now.com Respond immediately.,spam
FYI: Please submit the signed document to the Marketing by Thursday evening. Let me know if you have questions.,ham
IMPORTANT! Your subscription renewal failed. Re-enter payment credentials now at http://reward-checker.info Respond immediately.,spam
NOTICE! Your parcel is on hold due to unpaid customs charge of $99. Pay now: http://secure-login-now.com Failure to act may cause account closure.,spam
Please note: Your OTP for login to Amazon is 139878. Do not share it with anyone. Let me know if you have questions.,ham
FYI: Your leave request for Monday has been approved by IT. Regards.,ham
ALERT! Your KYC is pending. Update Aadhaar and bank details immediately at http://account-upgrade-now.biz Offer expires today.,spam
"Hello, Reminder: the meeting is scheduled in the training room at 2:00 PM. Please confirm.",ham
ALERT! Final warning: your Flipkart wallet is suspended. Login now to avoid closure: http://secure-login-now.com,spam
FYI: Thanks for your payment of $99. Your receipt has been generated successfully.,ham
Please submit the signed document to the Admin by Wednesday evening. Thank you.,ham
ALERT! Security alert: reset your email password immediately or your account will be deleted: http://fastclaim-bonus.net Failure to act may cause account closure.,spam
Lunch with the client is fixed at 6:15 PM in the training room. Regards.,ham
"Hello, This is a gentle reminder to complete the feedback form by Tuesday. Thank you.",ham
"FYI: Hi Karan, please review the shipment update before Saturday. Thank you.",ham
"Please note: Team, attached is the latest meeting agenda for your comments. Thank you.",ham
"Hi team, Hi Priya, please review the assignment reminder before Monday.",ham
Update: This is a gentle reminder to complete the feedback form by Monday. Thank you.,ham
Please note: We have updated the project tracker with the latest milestones and owners.,ham
"Hello, Thanks for your payment of ₹1,999. Your receipt has been generated successfully. Thank you.",ham
"Hello, The class has been moved to main office due to maintenance work. Please confirm.",ham
Your OTP for login to Paytm is 165946. Do not share it with anyone. Thank you.,ham
NOTICE! URGENT: Your Kotak Bank account will be blocked today. Verify now at http://secure-login-now.com,spam
ALERT! Your parcel is on hold due to unpaid customs charge of ₹999. Pay now: http://secure-login-now.com Respond immediately.,spam
FYI: Your leave request for Thursday has been approved by Marketing. Thank you.,ham
FYI: Your order from SparkGrid has been shipped and will arrive in 2-3 business days. Let me know if you have questions.,ham
ATTENTION! Winner! Your mobile number won lucky draw code AX-2291. Contact agent now to collect prize. Respond immediately.,spam
"Hi Alex, please review the project update before Saturday.",ham
FYI: The monthly salary for this cycle has been credited to your account. Regards.,ham
IMPORTANT! Final warning: your PhonePe wallet is suspended. Login now to avoid closure: http://account-upgrade-now.biz Respond immediately.,spam
"IMPORTANT! Dear customer, we attempted to deliver your package. Confirm address and payment: http://fastclaim-bonus.net Failure to act may cause account closure.",spam
This is the final notice from ICICI Bank. Submit credentials immediately to prevent permanent freeze. Failure to act may cause account closure.,spam
IMPORTANT! Final warning: your Paytm wallet is suspended. Login now to avoid closure: http://fastclaim-bonus.net Offer expires today.,spam
ATTENTION! Congratulations! You have won a free smartphone. Claim your reward immediately: http://freegift-portal.co Failure to act may cause account closure.,spam
NOTICE! URGENT: Your SBI account will be blocked today. Verify now at http://fastclaim-bonus.net Offer expires today.,spam
"Hello, Please bring your ID card and laptop for the workshop in library. Let me know if you have questions.",ham
Please note: The class has been moved to main office due to maintenance work. Thank you.,ham
Get rich fast! Earn guaranteed daily income from home. Limited slots left. Join now. Failure to act may cause account closure.,spam
"Hi team, Reminder: the meeting is scheduled in the training room at 2:00 PM. Let me know if you have questions.",ham
Your parcel is on hold due to unpaid customs charge of $99. Pay now: http://account-upgrade-now.biz Failure to act may cause account closure.,spam
Update: The interview with TechNova is confirmed for Thursday at 2:00 PM.,ham
ALERT! Exclusive investment offer: double your money in 7 days. Reply YES to start. Offer expires today.,spam
NOTICE! Final warning: your PhonePe wallet is suspended. Login now to avoid closure: http://freegift-portal.co Offer expires today.,spam
Final warning: your Paytm wallet is suspended. Login now to avoid closure: http://verify-wallet-alert.org Offer expires today.,spam
ALERT! Winner! Your mobile number won lucky draw code HR-7710. Contact agent now to collect prize.,spam
ALERT! Final warning: your Amazon wallet is suspended. Login now to avoid closure: http://freegift-portal.co Failure to act may cause account closure.,spam
NOTICE! Final warning: your Google Pay wallet is suspended. Login now to avoid closure: http://freegift-portal.co Offer expires today.,spam
Please note: Thanks for your payment of $49. Your receipt has been generated successfully. Let me know if you have questions.,ham
ATTENTION! You are selected for a cash prize of $99. Pay a small processing fee now to receive it. Offer expires today.,spam
"Please note: Thanks for your payment of ₹4,999. Your receipt has been generated successfully.",ham
"ALERT! Your parcel is on hold due to unpaid customs charge of ₹1,999. Pay now: http://fastclaim-bonus.net Offer expires today.",spam
"Hi team, Hi Riya, please review the invoice review before Monday. Regards.",ham
NOTICE! Security alert: reset your email password immediately or your account will be deleted: http://verify-wallet-alert.org Respond immediately.,spam
"Hi Aditya, please review the weekly report before Wednesday. Regards.",ham
"Hello, Thanks for your payment of ₹4,999. Your receipt has been generated successfully. Let me know if you have questions.",ham
NOTICE! Update your UPI PIN now to avoid service suspension. Click here: http://freegift-portal.co Offer expires today.,spam
ALERT! Your subscription renewal failed. Re-enter payment credentials now at http://fastclaim-bonus.net Respond immediately.,spam
The network issue has been resolved. Kindly reconnect and confirm access.,ham
"Update: Hi Sam, please review the invoice review before Thursday. Thank you.",ham
NOTICE! Free Netflix premium for 12 months. Login with your card to activate today. Failure to act may cause account closure.,spam
This is a gentle reminder to complete the feedback form by Friday. Let me know if you have questions.,ham
"Dear user, unusual activity detected. Confirm your password and PAN details here: http://verify-wallet-alert.org",spam
"Hi team, Lunch with the client is fixed at 2:00 PM in the library. Regards.",ham
ALERT! This is the final notice from Kotak Bank. Submit credentials immediately to prevent permanent freeze.,spam
IMPORTANT! Security alert: reset your email password immediately or your account will be deleted: http://freegift-portal.co Offer expires today.,spam
"ATTENTION! You are selected for a cash prize of ₹4,999. Pay a small processing fee now to receive it. Failure to act may cause account closure.",spam
"Update: Thanks for your payment of ₹4,999. Your receipt has been generated successfully. Let me know if you have questions.",ham
The interview with GreenLeaf is confirmed for Thursday at 9:00 AM. Please confirm.,ham
NOTICE! Final warning: your LinkedIn wallet is suspended. Login now to avoid closure: http://verify-wallet-alert.org Failure to act may cause account closure.,spam
NOTICE! URGENT: Your Kotak Bank account will be blocked today. Verify now at http://freegift-portal.co Respond immediately.,spam
Please note: Your OTP for login to Amazon is 920652. Do not share it with anyone.,ham
IMPORTANT! URGENT: Your HDFC Bank account will be blocked today. Verify now at http://secure-login-now.com Failure to act may cause account closure.,spam
"Hi team, Reminder: the meeting is scheduled in the library at 3:30 PM.",ham
Please note: Can we reschedule our discussion to Tuesday at 6:15 PM? Please confirm.,ham
Update: Can we reschedule our discussion to Saturday at 12:00 PM? Let me know if you have questions.,ham
ALERT! Your parcel is on hold due to unpaid customs charge of $49. Pay now: http://account-upgrade-now.biz Failure to act may cause account closure.,spam
FYI: Reminder: the meeting is scheduled in the conference room 2 at 10:30 AM. Thank you.,ham
"Hi team, The interview with BrightEdge is confirmed for Monday at 5:00 PM. Thank you.",ham
"Hello, Your order from FinTrust has been shipped and will arrive in 2-3 business days. Let me know if you have questions.",ham
"IMPORTANT! You are selected for a cash prize of ₹1,999. Pay a small processing fee now to receive it. Respond immediately.",spam
"Hello, Team, attached is the latest invoice review for your comments. Thank you.",ham
"Hi team, Hi Vikram, please review the weekly report before Thursday. Thank you.",ham
ALERT! Final warning: your Amazon wallet is suspended. Login now to avoid closure: http://secure-login-now.com Offer expires today.,spam
IMPORTANT! Security alert: reset your email password immediately or your account will be deleted: http://account-upgrade-now.biz Offer expires today.,spam
"Hello, Lunch with the client is fixed at 12:00 PM in the conference room 2. Regards.",ham
NOTICE! Winner! Your mobile number won lucky draw code UP-1118. Contact agent now to collect prize.,spam
Please note: Can we reschedule our discussion to Tuesday at 6:15 PM? Let me know if you have questions.,ham
NOTICE! Update your UPI PIN now to avoid service suspension. Click here: http://account-upgrade-now.biz,spam
Please note: Your package is out for delivery and should reach you by tonight. Please confirm.,ham
Update: Thanks for your payment of $99. Your receipt has been generated successfully. Regards.,ham
"ALERT! Dear customer, we attempted to deliver your package. Confirm address and payment: http://verify-wallet-alert.org Respond immediately.",spam
"Team, attached is the latest assignment reminder for your comments. Please confirm.",ham
FYI: Please submit the signed document to the Marketing by Wednesday evening. Thank you.,ham
ATTENTION! Your parcel is on hold due to unpaid customs charge of ₹499. Pay now: http://reward-checker.info,spam
This is a gentle reminder to complete the feedback form by Saturday. Thank you.,ham
Your subscription renewal failed. Re-enter payment credentials now at http://fastclaim-bonus.net Failure to act may cause account closure.,spam
ALERT! URGENT: Your ICICI Bank account will be blocked today. Verify now at http://account-upgrade-now.biz Offer expires today.,spam
Update: Can we reschedule our discussion to Monday at 2:00 PM? Please confirm.,ham
Please note: This is a gentle reminder to complete the feedback form by Wednesday. Please confirm.,ham
ALERT! Final warning: your Instagram wallet is suspended. Login now to avoid closure: http://verify-wallet-alert.org,spam
NOTICE! Your parcel is on hold due to unpaid customs charge of $99. Pay now: http://fastclaim-bonus.net Respond immediately.,spam
ATTENTION! Final warning: your Amazon wallet is suspended. Login now to avoid closure: http://verify-wallet-alert.org Failure to act may cause account closure.,spam
"Please note: Team, attached is the latest attendance list for your comments.",ham
FYI: Lunch with the client is fixed at 9:00 AM in the lab 3. Please confirm.,ham
"NOTICE! Your parcel is on hold due to unpaid customs charge of ₹4,999. Pay now: http://reward-checker.info Offer expires today.",spam
"Hello, Reminder: the meeting is scheduled in the seminar hall at 12:00 PM. Please confirm.",ham
"Hi team, Team, attached is the latest meeting agenda for your comments. Please confirm.",ham
ATTENTION! Congratulations! You have won a free smartphone. Claim your reward immediately: http://freegift-portal.co Respond immediately.,spam
"Hi team, Please bring your ID card and laptop for the workshop in training room. Please confirm.",ham
FYI: We have updated the project tracker with the latest milestones and owners. Regards.,ham
ATTENTION! You are selected for a cash prize of ₹499. Pay a small processing fee now to receive it. Offer expires today.,spam
"Hello, Reminder: the meeting is scheduled in the seminar hall at 5:00 PM. Please confirm.",ham
FYI: Your leave request for Tuesday has been approved by IT.,ham
IMPORTANT! This is the final notice from SBI. Submit credentials immediately to prevent permanent freeze. Offer expires today.,spam
"Hi Daniel, please review the shipment update before Monday. Let me know if you have questions.",ham
Please note: The class has been moved to Zoom due to maintenance work. Please confirm.,ham
Please note: Please bring your ID card and laptop for the workshop in library.,ham
"Hello, We have updated the project tracker with the latest milestones and owners. Regards.",ham
"Hello, We received your application and will update you after the screening process. Regards.",ham
"Your parcel is on hold due to unpaid customs charge of ₹4,999. Pay now: http://freegift-portal.co",spam
FYI: Your OTP for login to Netflix is 958130. Do not share it with anyone. Please confirm.,ham
"ATTENTION! Your parcel is on hold due to unpaid customs charge of ₹4,999. Pay now: http://freegift-portal.co Respond immediately.",spam
NOTICE! Your KYC is pending. Update Aadhaar and bank details immediately at http://fastclaim-bonus.net,spam
NOTICE! Final warning: your Flipkart wallet is suspended. Login now to avoid closure: http://verify-wallet-alert.org Offer expires today.,spam
This is the final notice from ICICI Bank. Submit credentials immediately to prevent permanent freeze. Respond immediately.,spam
ATTENTION! Your parcel is on hold due to unpaid customs charge of $199. Pay now: http://reward-checker.info Offer expires today.,spam
ALERT! Final warning: your Instagram wallet is suspended. Login now to avoid closure: http://verify-wallet-alert.org Failure to act may cause account closure.,spam
NOTICE! URGENT: Your Axis Bank account will be blocked today. Verify now at http://freegift-portal.co Offer expires today.,spam
"Hi team, Lunch with the client is fixed at 6:15 PM in the seminar hall. Please confirm.",ham
ATTENTION! Your parcel is on hold due to unpaid customs charge of ₹499. Pay now: http://freegift-portal.co Respond immediately.,spam
IMPORTANT! Final warning: your Netflix wallet is suspended. Login now to avoid closure: http://secure-login-now.com Respond immediately.,spam
ALERT! Final warning: your Flipkart wallet is suspended. Login now to avoid closure: http://account-upgrade-now.biz Respond immediately.,spam
Update: Your order from Infosphere has been shipped and will arrive in 2-3 business days. Let me know if you have questions.,ham
ALERT! URGENT: Your HDFC Bank account will be blocked today. Verify now at http://freegift-portal.co,spam
Please note: The interview with BluePeak is confirmed for Monday at 6:15 PM.,ham
Please note: The monthly salary for this cycle has been credited to your account.,ham
ALERT! Your KYC is pending. Update Aadhaar and bank details immediately at http://secure-login-now.com Respond immediately.,spam
"Hi team, Thanks for your payment of $99. Your receipt has been generated successfully. Please confirm.",ham
"IMPORTANT! Dear user, unusual activity detected. Confirm your password and PAN details here: http://fastclaim-bonus.net",spam
"Hello, The network issue has been resolved. Kindly reconnect and confirm access. Let me know if you have questions.",ham
"ALERT! You are selected for a cash prize of ₹4,999. Pay a small processing fee now to receive it. Offer expires today.",spam
"Please note: Hi David, please review the shipment update before Monday. Regards.",ham
Update: Please bring your ID card and laptop for the workshop in seminar hall. Let me know if you have questions.,ham
"Your parcel is on hold due to unpaid customs charge of ₹1,999. Pay now: http://reward-checker.info Offer expires today.",spam
FYI: Your OTP for login to Paytm is 947684. Do not share it with anyone. Thank you.,ham
Final warning: your LinkedIn wallet is suspended. Login now to avoid closure: http://account-upgrade-now.biz,spam
NOTICE! Your parcel is on hold due to unpaid customs charge of ₹999. Pay now: http://secure-login-now.com,spam
Your OTP for login to Paytm is 534759. Do not share it with anyone. Regards.,ham
Update: Your leave request for Saturday has been approved by HR. Regards.,ham
"Hello, Your OTP for login to Netflix is 815670. Do not share it with anyone. Let me know if you have questions.",ham
Please note: The class has been moved to library due to maintenance work. Let me know if you have questions.,ham
Update: Please bring your ID card and laptop for the workshop in lab 3. Let me know if you have questions.,ham
Lunch with the client is fixed at 5:00 PM in the main office. Please confirm.,ham
Update: Reminder: the meeting is scheduled in the Zoom at 2:00 PM. Regards.,ham
NOTICE! Winner! Your mobile number won lucky draw code TR-9045. Contact agent now to collect prize. Respond immediately.,spam
"Hello, Can we reschedule our discussion to Monday at 10:30 AM? Please confirm.",ham
You are selected for a cash prize of $99. Pay a small processing fee now to receive it. Failure to act may cause account closure.,spam
ATTENTION! Final warning: your Netflix wallet is suspended. Login now to avoid closure: http://verify-wallet-alert.org Offer expires today.,spam
"Hi team, Your order from TechNova has been shipped and will arrive in 2-3 business days. Thank you.",ham
"Hi team, Lunch with the client is fixed at 12:00 PM in the seminar hall. Please confirm.",ham
"Dear customer, we attempted to deliver your package. Confirm address and payment: http://account-upgrade-now.biz Offer expires today.",spam
Please note: Lunch with the client is fixed at 10:30 AM in the seminar hall. Let me know if you have questions.,ham
"FYI: Hi Karan, please review the weekly report before Wednesday. Regards.",ham
"ALERT! Dear customer, we attempted to deliver your package. Confirm address and payment: http://reward-checker.info",spam
"Hi team, Your order from WorkHub has been shipped and will arrive in 2-3 business days. Let me know if you have questions.",ham
ATTENTION! URGENT: Your Axis Bank account will be blocked today. Verify now at http://freegift-portal.co,spam
"Thanks for your payment of ₹1,999. Your receipt has been generated successfully.",ham
"Hello, Can we reschedule our discussion to Monday at 12:00 PM? Let me know if you have questions.",ham
"Hi Aditya, please review the project update before Wednesday. Regards.",ham
Your order from NexaSoft has been shipped and will arrive in 2-3 business days. Let me know if you have questions.,ham
Update: Can we reschedule our discussion to Tuesday at 10:30 AM? Thank you.,ham
Update: Reminder: the meeting is scheduled in the library at 5:00 PM. Thank you.,ham
This is the final notice from HDFC Bank. Submit credentials immediately to prevent permanent freeze.,spam
Your parcel is on hold due to unpaid customs charge of $199. Pay now: http://freegift-portal.co Offer expires today.,spam
"Hi team, Can we reschedule our discussion to Friday at 10:30 AM? Thank you.",ham
The interview with GreenLeaf is confirmed for Saturday at 6:15 PM. Thank you.,ham
FYI: This is a gentle reminder to complete the feedback form by Thursday. Thank you.,ham
Final warning: your Netflix wallet is suspended. Login now to avoid closure: http://verify-wallet-alert.org Offer expires today.,spam
Please note: Your leave request for Thursday has been approved by Faculty Office. Please confirm.,ham
Please note: Can we reschedule our discussion to Thursday at 9:00 AM? Please confirm.,ham
"Hi team, Can we reschedule our discussion to Monday at 9:00 AM? Thank you.",ham
NOTICE! Final warning: your Amazon wallet is suspended. Login now to avoid closure: http://freegift-portal.co Respond immediately.,spam
ATTENTION! Get rich fast! Earn guaranteed daily income from home. Limited slots left. Join now.,spam
FYI: Please bring your ID card and laptop for the workshop in main office. Please confirm.,ham
FYI: Your leave request for Friday has been approved by Accounts. Please confirm.,ham
"NOTICE! Dear customer, we attempted to deliver your package. Confirm address and payment: http://fastclaim-bonus.net Respond immediately.",spam
ALERT! Final warning: your LinkedIn wallet is suspended. Login now to avoid closure: http://secure-login-now.com,spam
Update: Lunch with the client is fixed at 6:15 PM in the lab 3.,ham
"Team, attached is the latest assignment reminder for your comments. Thank you.",ham
FYI: The interview with Infosphere is confirmed for Wednesday at 3:30 PM. Let me know if you have questions.,ham
FYI: Your OTP for login to Google Pay is 349717. Do not share it with anyone. Let me know if you have questions.,ham
Please note: Please submit the signed document to the Operations by Saturday evening. Please confirm.,ham
Please submit the signed document to the HR by Monday evening. Please confirm.,ham
Lunch with the client is fixed at 3:30 PM in the Zoom. Please confirm.,ham
ATTENTION! Congratulations! You have won a free smartphone. Claim your reward immediately: http://secure-login-now.com Offer expires today.,spam
IMPORTANT! This is the final notice from Federal Bank. Submit credentials immediately to prevent permanent freeze. Offer expires today.,spam
ALERT! Update your UPI PIN now to avoid service suspension. Click here: http://freegift-portal.co Respond immediately.,spam
Your OTP for login to Paytm is 610717. Do not share it with anyone. Let me know if you have questions.,ham
"Hello, Can we reschedule our discussion to Wednesday at 3:30 PM? Let me know if you have questions.",ham
ATTENTION! Congratulations! You have won a free smartphone. Claim your reward immediately: http://reward-checker.info Respond immediately.,spam
URGENT: Your SBI account will be blocked today. Verify now at http://freegift-portal.co Failure to act may cause account closure.,spam
ATTENTION! Final warning: your Netflix wallet is suspended. Login now to avoid closure: http://secure-login-now.com Offer expires today.,spam
NOTICE! Final warning: your Google Pay wallet is suspended. Login now to avoid closure: http://fastclaim-bonus.net Failure to act may cause account closure.,spam
ATTENTION! This is the final notice from ICICI Bank. Submit credentials immediately to prevent permanent freeze. Failure to act may cause account closure.,spam
"Hello, Kindly find the attached notes for today's lecture and next week's plan. Regards.",ham
Please note: Kindly find the attached notes for today's lecture and next week's plan. Thank you.,ham
Thanks for your payment of ₹999. Your receipt has been generated successfully. Please confirm.,ham
ALERT! Update your UPI PIN now to avoid service suspension. Click here: http://account-upgrade-now.biz Respond immediately.,spam
"ATTENTION! Dear user, unusual activity detected. Confirm your password and PAN details here: http://secure-login-now.com Failure to act may cause account closure.",spam
Your package is out for delivery and should reach you by tonight. Regards.,ham
NOTICE! URGENT: Your SBI account will be blocked today. Verify now at http://account-upgrade-now.biz Offer expires today.,spam
Update: The class has been moved to library due to maintenance work. Thank you.,ham
FYI: Reminder: the meeting is scheduled in the Zoom at 2:00 PM. Let me know if you have questions.,ham
IMPORTANT! URGENT: Your HDFC Bank account will be blocked today. Verify now at http://reward-checker.info,spam
"ALERT! Dear customer, we attempted to deliver your package. Confirm address and payment: http://reward-checker.info Failure to act may cause account closure.",spam
Can we reschedule our discussion to Saturday at 6:15 PM?,ham
ATTENTION! Your parcel is on hold due to unpaid customs charge of $99. Pay now: http://reward-checker.info Respond immediately.,spam
"IMPORTANT! Dear customer, we attempted to deliver your package. Confirm address and payment: http://reward-checker.info Respond immediately.",spam
URGENT: Your HDFC Bank account will be blocked today. Verify now at http://freegift-portal.co,spam
IMPORTANT! Your KYC is pending. Update Aadhaar and bank details immediately at http://account-upgrade-now.biz Offer expires today.,spam
ALERT! You have been pre-approved for an instant loan. Share OTP and card details to proceed.,spam
Your OTP for login to Flipkart is 603615. Do not share it with anyone. Let me know if you have questions.,ham
"Hello, Your order from BluePeak has been shipped and will arrive in 2-3 business days. Please confirm.",ham
NOTICE! Your parcel is on hold due to unpaid customs charge of $99. Pay now: http://fastclaim-bonus.net Offer expires today.,spam
"Update: Team, attached is the latest shipment update for your comments. Let me know if you have questions.",ham
IMPORTANT! Congratulations! You have won a free smartphone. Claim your reward immediately: http://fastclaim-bonus.net Failure to act may cause account closure.,spam
"Update: Hi Aarav, please review the project update before Thursday. Thank you.",ham
FYI: Your OTP for login to Instagram is 553263. Do not share it with anyone. Let me know if you have questions.,ham
"NOTICE! Dear user, unusual activity detected. Confirm your password and PAN details here: http://secure-login-now.com Respond immediately.",spam
Please note: Reminder: the meeting is scheduled in the Zoom at 6:15 PM. Please confirm.,ham
ALERT! URGENT: Your Federal Bank account will be blocked today. Verify now at http://freegift-portal.co Failure to act may cause account closure.,spam
Please note: Please bring your ID card and laptop for the workshop in conference room 2. Please confirm.,ham
ATTENTION! URGENT: Your Axis Bank account will be blocked today. Verify now at http://account-upgrade-now.biz,spam
ATTENTION! Final warning: your Google Pay wallet is suspended. Login now to avoid closure: http://fastclaim-bonus.net Offer expires today.,spam
ATTENTION! Final warning: your Google Pay wallet is suspended. Login now to avoid closure: http://account-upgrade-now.biz,spam
ALERT! Winner! Your mobile number won lucky draw code UP-1118. Contact agent now to collect prize. Failure to act may cause account closure.,spam
FYI: The network issue has been resolved. Kindly reconnect and confirm access. Let me know if you have questions.,ham
IMPORTANT! This is the final notice from Axis Bank. Submit credentials immediately to prevent permanent freeze.,spam
Your subscription renewal failed. Re-enter payment credentials now at http://freegift-portal.co,spam
ALERT! Final warning: your LinkedIn wallet is suspended. Login now to avoid closure: http://verify-wallet-alert.org Failure to act may cause account closure.,spam
NOTICE! Your subscription renewal failed. Re-enter payment credentials now at http://fastclaim-bonus.net Failure to act may cause account closure.,spam
"Hello, The class has been moved to conference room 2 due to maintenance work. Thank you.",ham
IMPORTANT! This is the final notice from Federal Bank. Submit credentials immediately to prevent permanent freeze. Failure to act may cause account closure.,spam
Please note: Please submit the signed document to the HR by Friday evening. Regards.,ham
ATTENTION! Final warning: your Amazon wallet is suspended. Login now to avoid closure: http://freegift-portal.co Failure to act may cause account closure.,spam
Can we reschedule our discussion to Friday at 10:30 AM? Regards.,ham
The interview with Horizon Labs is confirmed for Wednesday at 6:15 PM. Thank you.,ham
NOTICE! Your tax refund is ready. Confirm account number and CVV to receive the amount.,spam
Please note: The class has been moved to seminar hall due to maintenance work. Thank you.,ham
ALERT! Update your UPI PIN now to avoid service suspension. Click here: http://verify-wallet-alert.org Respond immediately.,spam
ALERT! Your parcel is on hold due to unpaid customs charge of ₹499. Pay now: http://reward-checker.info,spam
"ATTENTION! Dear customer, we attempted to deliver your package. Confirm address and payment: http://fastclaim-bonus.net",spam
"Hello, The monthly salary for this cycle has been credited to your account. Please confirm.",ham
"You are selected for a cash prize of ₹4,999. Pay a small processing fee now to receive it.",spam
ALERT! URGENT: Your ICICI Bank account will be blocked today. Verify now at http://verify-wallet-alert.org,spam
Your OTP for login to Google Pay is 817742. Do not share it with anyone. Please confirm.,ham
URGENT: Your Kotak Bank account will be blocked today. Verify now at http://reward-checker.info Failure to act may cause account closure.,spam
"Hi team, Hi Sam, please review the shipment update before Monday. Thank you.",ham
IMPORTANT! Security alert: reset your email password immediately or your account will be deleted: http://secure-login-now.com Offer expires today.,spam
"IMPORTANT! Dear customer, we attempted to deliver your package. Confirm address and payment: http://reward-checker.info Failure to act may cause account closure.",spam
ATTENTION! Your parcel is on hold due to unpaid customs charge of $99. Pay now: http://verify-wallet-alert.org Offer expires today.,spam
FYI: Reminder: the meeting is scheduled in the training room at 12:00 PM.,ham
"Hi team, Thanks for your payment of $49. Your receipt has been generated successfully. Regards.",ham
NOTICE! Your parcel is on hold due to unpaid customs charge of $49. Pay now: http://fastclaim-bonus.net,spam
NOTICE! Your parcel is on hold due to unpaid customs charge of $99. Pay now: http://verify-wallet-alert.org Offer expires today.,spam
ATTENTION! Final warning: your Amazon wallet is suspended. Login now to avoid closure: http://fastclaim-bonus.net Respond immediately.,spam
Please note: Reminder: the meeting is scheduled in the library at 2:00 PM. Regards.,ham
ATTENTION! Final warning: your Amazon wallet is suspended. Login now to avoid closure: http://account-upgrade-now.biz Respond immediately.,spam
"Hello, Your leave request for Friday has been approved by Faculty Office. Please confirm.",ham
"Hi team, Your order from Infosphere has been shipped and will arrive in 2-3 business days. Let me know if you have questions.",ham
"Hi team, The class has been moved to seminar hall due to maintenance work.",ham
Update: The interview with GreenLeaf is confirmed for Saturday at 6:15 PM. Please confirm.,ham
Please note: Please submit the signed document to the Admin by Tuesday evening. Let me know if you have questions.,ham
"Hi Priya, please review the lab schedule before Saturday. Regards.",ham
Act now: your job application has been shortlisted. Pay registration fees to complete hiring.,spam
Please note: Lunch with the client is fixed at 12:00 PM in the Zoom. Regards.,ham
Update: The interview with Infosphere is confirmed for Wednesday at 9:00 AM. Please confirm.,ham
"Dear customer, we attempted to deliver your package. Confirm address and payment: http://fastclaim-bonus.net Failure to act may cause account closure.",spam
"Dear customer, we attempted to deliver your package. Confirm address and payment: http://freegift-portal.co Offer expires today.",spam
ALERT! URGENT: Your Axis Bank account will be blocked today. Verify now at http://fastclaim-bonus.net Respond immediately.,spam
"NOTICE! Dear customer, we attempted to deliver your package. Confirm address and payment: http://secure-login-now.com Failure to act may cause account closure.",spam
Update: Your OTP for login to Google Pay is 612573. Do not share it with anyone.,ham
Free Netflix premium for 12 months. Login with your card to activate today. Offer expires today.,spam
ALERT! Congratulations! You have won a free smartphone. Claim your reward immediately: http://secure-login-now.com Offer expires today.,spam
Reminder: the meeting is scheduled in the Zoom at 2:00 PM. Thank you.,ham
FYI: Reminder: the meeting is scheduled in the main office at 2:00 PM.,ham
"Hi team, The class has been moved to conference room 2 due to maintenance work. Thank you.",ham
IMPORTANT! Final warning: your Netflix wallet is suspended. Login now to avoid closure: http://reward-checker.info,spam
NOTICE! Your KYC is pending. Update Aadhaar and bank details immediately at http://freegift-portal.co,spam
Please note: Your order from TechNova has been shipped and will arrive in 2-3 business days.,ham
"Team, attached is the latest client feedback for your comments. Thank you.",ham
"FYI: Hi Sophia, please review the budget approval before Tuesday. Let me know if you have questions.",ham
NOTICE! Your KYC is pending. Update Aadhaar and bank details immediately at http://freegift-portal.co Offer expires today.,spam
IMPORTANT! This is the final notice from ICICI Bank. Submit credentials immediately to prevent permanent freeze. Respond immediately.,spam
FYI: Lunch with the client is fixed at 5:00 PM in the seminar hall. Regards.,ham
NOTICE! Security alert: reset your email password immediately or your account will be deleted: http://reward-checker.info Respond immediately.,spam
Your order from Infosphere has been shipped and will arrive in 2-3 business days. Regards.,ham
"Hi team, Lunch with the client is fixed at 10:30 AM in the main office. Let me know if you have questions.",ham
ALERT! You are selected for a cash prize of ₹999. Pay a small processing fee now to receive it.,spam
ATTENTION! URGENT: Your HDFC Bank account will be blocked today. Verify now at http://secure-login-now.com Failure to act may cause account closure.,spam
Update: Your OTP for login to Flipkart is 146228. Do not share it with anyone.,ham
"ALERT! Dear customer, we attempted to deliver your package. Confirm address and payment: http://fastclaim-bonus.net Failure to act may cause account closure.",spam
Please bring your ID card and laptop for the workshop in Zoom. Let me know if you have questions.,ham
Update: The interview with Horizon Labs is confirmed for Thursday at 10:30 AM. Let me know if you have questions.,ham
"Hello, The monthly salary for this cycle has been credited to your account. Regards.",ham
Winner! Your mobile number won lucky draw code NV-4207. Contact agent now to collect prize. Respond immediately.,spam
ATTENTION! Final warning: your LinkedIn wallet is suspended. Login now to avoid closure: http://freegift-portal.co Respond immediately.,spam
ALERT! Congratulations! You have won a free smartphone. Claim your reward immediately: http://fastclaim-bonus.net Offer expires today.,spam
"Hi team, The class has been moved to library due to maintenance work. Let me know if you have questions.",ham
ALERT! Your KYC is pending. Update Aadhaar and bank details immediately at http://reward-checker.info Offer expires today.,spam
Please note: The interview with BrightEdge is confirmed for Thursday at 6:15 PM. Let me know if you have questions.,ham
IMPORTANT! URGENT: Your ICICI Bank account will be blocked today. Verify now at http://fastclaim-bonus.net Respond immediately.,spam
Please note: Your OTP for login to Google Pay is 382495. Do not share it with anyone.,ham
"Hello, Team, attached is the latest project update for your comments. Please confirm.",ham
Please submit the signed document to the Accounts by Wednesday evening. Regards.,ham
"Dear user, unusual activity detected. Confirm your password and PAN details here: http://freegift-portal.co Offer expires today.",spam
URGENT: Your ICICI Bank account will be blocked today. Verify now at http://reward-checker.info,spam
Please submit the signed document to the HR by Monday evening. Regards.,ham
"Hello, Team, attached is the latest lab schedule for your comments. Thank you.",ham
Security alert: reset your email password immediately or your account will be deleted: http://secure-login-now.com Failure to act may cause account closure.,spam
"Hello, Your order from QuickShip has been shipped and will arrive in 2-3 business days. Thank you.",ham
ALERT! Your subscription renewal failed. Re-enter payment credentials now at http://reward-checker.info,spam
Can we reschedule our discussion to Wednesday at 9:00 AM? Please confirm.,ham
This is a gentle reminder to complete the feedback form by Thursday.,ham
NOTICE! You are selected for a cash prize of $99. Pay a small processing fee now to receive it. Offer expires today.,spam
NOTICE! Winner! Your mobile number won lucky draw code TR-9045. Contact agent now to collect prize. Offer expires today.,spam
ATTENTION! Congratulations! You have won a free smartphone. Claim your reward immediately: http://freegift-portal.co,spam
Your subscription renewal failed. Re-enter payment credentials now at http://account-upgrade-now.biz Offer expires today.,spam
ALERT! Congratulations! You have won a free smartphone. Claim your reward immediately: http://fastclaim-bonus.net,spam
Your leave request for Saturday has been approved by Admin. Let me know if you have questions.,ham
"Hello, Reminder: the meeting is scheduled in the training room at 2:00 PM. Let me know if you have questions.",ham
"IMPORTANT! Dear user, unusual activity detected. Confirm your password and PAN details here: http://reward-checker.info",spam
ATTENTION! Your KYC is pending. Update Aadhaar and bank details immediately at http://reward-checker.info Offer expires today.,spam
"Hi Alex, please review the weekly report before Thursday. Regards.",ham
Update: Lunch with the client is fixed at 9:00 AM in the library.,ham
NOTICE! This is the final notice from Axis Bank. Submit credentials immediately to prevent permanent freeze.,spam
Lunch with the client is fixed at 3:30 PM in the conference room 2. Thank you.,ham
"Hello, Reminder: the meeting is scheduled in the training room at 10:30 AM.",ham
"Hello, This is a gentle reminder to complete the feedback form by Tuesday. Regards.",ham
ALERT! Final warning: your Amazon wallet is suspended. Login now to avoid closure: http://secure-login-now.com Respond immediately.,spam
NOTICE! Update your UPI PIN now to avoid service suspension. Click here: http://secure-login-now.com,spam
"Hi team, Team, attached is the latest invoice review for your comments.",ham
Reminder: the meeting is scheduled in the lab 3 at 2:00 PM. Regards.,ham
"Hi team, Please submit the signed document to the Operations by Saturday evening. Thank you.",ham
ALERT! This is the final notice from HDFC Bank. Submit credentials immediately to prevent permanent freeze. Respond immediately.,spam
FYI: We received your application and will update you after the screening process. Let me know if you have questions.,ham
Please note: Can we reschedule our discussion to Monday at 12:00 PM?,ham
The interview with BluePeak is confirmed for Thursday at 10:30 AM. Thank you.,ham
"ATTENTION! Your parcel is on hold due to unpaid customs charge of ₹4,999. Pay now: http://secure-login-now.com",spam
ALERT! Final warning: your Paytm wallet is suspended. Login now to avoid closure: http://verify-wallet-alert.org,spam
Your parcel is on hold due to unpaid customs charge of $99. Pay now: http://fastclaim-bonus.net,spam
ATTENTION! Update your UPI PIN now to avoid service suspension. Click here: http://reward-checker.info Failure to act may cause account closure.,spam
ATTENTION! Special crypto opportunity: guaranteed 5x profit. Deposit today and withdraw tomorrow. Failure to act may cause account closure.,spam
ALERT! URGENT: Your Kotak Bank account will be blocked today. Verify now at http://freegift-portal.co,spam
FYI: Lunch with the client is fixed at 5:00 PM in the lab 3. Let me know if you have questions.,ham
NOTICE! URGENT: Your ICICI Bank account will be blocked today. Verify now at http://verify-wallet-alert.org Offer expires today.,spam
NOTICE! Winner! Your mobile number won lucky draw code UP-1118. Contact agent now to collect prize. Respond immediately.,spam
Security alert: reset your email password immediately or your account will be deleted: http://reward-checker.info Respond immediately.,spam
Your parcel is on hold due to unpaid customs charge of $49. Pay now: http://account-upgrade-now.biz,spam
ATTENTION! Final warning: your Google Pay wallet is suspended. Login now to avoid closure: http://verify-wallet-alert.org,spam
FYI: Please bring your ID card and laptop for the workshop in conference room 2. Thank you.,ham
Please note: Can we reschedule our discussion to Tuesday at 5:00 PM?,ham
"Please note: Team, attached is the latest shipment update for your comments. Thank you.",ham
IMPORTANT! Winner! Your mobile number won lucky draw code AX-2291. Contact agent now to collect prize.,spam
"Hi team, Your OTP for login to Paytm is 964219. Do not share it with anyone. Thank you.",ham
ALERT! Your parcel is on hold due to unpaid customs charge of $49. Pay now: http://fastclaim-bonus.net,spam
Lunch with the client is fixed at 12:00 PM in the library.,ham
ATTENTION! Update your UPI PIN now to avoid service suspension. Click here: http://reward-checker.info Respond immediately.,spam
"Hi team, Hi Daniel, please review the meeting agenda before Tuesday. Regards.",ham
"NOTICE! Dear user, unusual activity detected. Confirm your password and PAN details here: http://reward-checker.info",spam
ALERT! This is the final notice from Kotak Bank. Submit credentials immediately to prevent permanent freeze. Respond immediately.,spam
ALERT! Your parcel is on hold due to unpaid customs charge of ₹999. Pay now: http://fastclaim-bonus.net Respond immediately.,spam
Please note: Can we reschedule our discussion to Tuesday at 9:00 AM?,ham
Please note: We have updated the project tracker with the latest milestones and owners. Thank you.,ham
"ATTENTION! Your parcel is on hold due to unpaid customs charge of ₹1,999. Pay now: http://account-upgrade-now.biz Respond immediately.",spam
Update: Your order from Apex Motors has been shipped and will arrive in 2-3 business days. Please confirm.,ham
ATTENTION! Security alert: reset your email password immediately or your account will be deleted: http://verify-wallet-alert.org Respond immediately.,spam
"Hi team, We received your application and will update you after the screening process. Regards.",ham
Update: Thanks for your payment of ₹499. Your receipt has been generated successfully. Please confirm.,ham
ATTENTION! Congratulations! You have won a free smartphone. Claim your reward immediately: http://reward-checker.info Offer expires today.,spam
We received your application and will update you after the screening process. Let me know if you have questions.,ham
"Hi team, Team, attached is the latest assignment reminder for your comments. Regards.",ham
Please bring your ID card and laptop for the workshop in lab 3. Please confirm.,ham
IMPORTANT! URGENT: Your Kotak Bank account will be blocked today. Verify now at http://verify-wallet-alert.org,spam
ALERT! Exclusive investment offer: double your money in 7 days. Reply YES to start. Failure to act may cause account closure.,spam
Your OTP for login to Google Pay is 976793. Do not share it with anyone. Let me know if you have questions.,ham
ALERT! URGENT: Your Federal Bank account will be blocked today. Verify now at http://fastclaim-bonus.net Failure to act may cause account closure.,spam
"Hi team, Reminder: the meeting is scheduled in the training room at 6:15 PM. Please confirm.",ham
Please note: Can we reschedule our discussion to Wednesday at 5:00 PM? Please confirm.,ham
"Hi team, Team, attached is the latest attendance list for your comments. Let me know if you have questions.",ham
ALERT! Your parcel is on hold due to unpaid customs charge of $99. Pay now: http://fastclaim-bonus.net Offer expires today.,spam
"Hello, Your leave request for Friday has been approved by Support.",ham
Your KYC is pending. Update Aadhaar and bank details immediately at http://secure-login-now.com,spam
"Hello, Can we reschedule our discussion to Wednesday at 2:00 PM?",ham
IMPORTANT! Your KYC is pending. Update Aadhaar and bank details immediately at http://fastclaim-bonus.net Respond immediately.,spam
Please note: Lunch with the client is fixed at 6:15 PM in the lab 3. Let me know if you have questions.,ham
"Hi Olivia, please review the attendance list before Thursday. Thank you.",ham
ALERT! Your parcel is on hold due to unpaid customs charge of $99. Pay now: http://reward-checker.info Failure to act may cause account closure.,spam
"ATTENTION! You are selected for a cash prize of ₹4,999. Pay a small processing fee now to receive it.",spam
ALERT! You are selected for a cash prize of ₹499. Pay a small processing fee now to receive it. Respond immediately.,spam
ATTENTION! URGENT: Your SBI account will be blocked today. Verify now at http://secure-login-now.com,spam
IMPORTANT! Security alert: reset your email password immediately or your account will be deleted: http://account-upgrade-now.biz Failure to act may cause account closure.,spam
Please note: Your order from FinTrust has been shipped and will arrive in 2-3 business days. Please confirm.,ham
NOTICE! Update your UPI PIN now to avoid service suspension. Click here: http://verify-wallet-alert.org Offer expires today.,spam
Update: Lunch with the client is fixed at 9:00 AM in the Zoom. Regards.,ham
You are selected for a cash prize of $199. Pay a small processing fee now to receive it. Respond immediately.,spam
"Hi team, This is a gentle reminder to complete the feedback form by Thursday. Please confirm.",ham
ALERT! Final warning: your LinkedIn wallet is suspended. Login now to avoid closure: http://fastclaim-bonus.net Failure to act may cause account closure.,spam
Please note: This is a gentle reminder to complete the feedback form by Tuesday. Let me know if you have questions.,ham
Please note: Your OTP for login to LinkedIn is 476241. Do not share it with anyone. Thank you.,ham
ALERT! Update your UPI PIN now to avoid service suspension. Click here: http://freegift-portal.co,spam
IMPORTANT! Final warning: your Amazon wallet is suspended. Login now to avoid closure: http://fastclaim-bonus.net Failure to act may cause account closure.,spam
FYI: Reminder: the meeting is scheduled in the library at 9:00 AM.,ham
Your parcel is on hold due to unpaid customs charge of $199. Pay now: http://freegift-portal.co Respond immediately.,spam
ALERT! Final warning: your PhonePe wallet is suspended. Login now to avoid closure: http://freegift-portal.co Offer expires today.,spam
ATTENTION! URGENT: Your SBI account will be blocked today. Verify now at http://freegift-portal.co Failure to act may cause account closure.,spam
Your parcel is on hold due to unpaid customs charge of ₹999. Pay now: http://verify-wallet-alert.org Offer expires today.,spam
"Hi team, The class has been moved to training room due to maintenance work. Thank you.",ham
"Update: Team, attached is the latest meeting agenda for your comments.",ham
"ALERT! Dear user, unusual activity detected. Confirm your password and PAN details here: http://account-upgrade-now.biz",spam
"Hi team, Please bring your ID card and laptop for the workshop in main office. Please confirm.",ham
ATTENTION! URGENT: Your HDFC Bank account will be blocked today. Verify now at http://verify-wallet-alert.org Failure to act may cause account closure.,spam
ALERT! Final warning: your Flipkart wallet is suspended. Login now to avoid closure: http://account-upgrade-now.biz,spam
"ATTENTION! Your parcel is on hold due to unpaid customs charge of ₹4,999. Pay now: http://account-upgrade-now.biz",spam
"Hello, Your OTP for login to Flipkart is 583493. Do not share it with anyone. Regards.",ham
ALERT! URGENT: Your Federal Bank account will be blocked today. Verify now at http://account-upgrade-now.biz,spam
ATTENTION! URGENT: Your Axis Bank account will be blocked today. Verify now at http://fastclaim-bonus.net Offer expires today.,spam
"IMPORTANT! Dear user, unusual activity detected. Confirm your password and PAN details here: http://fastclaim-bonus.net Failure to act may cause account closure.",spam
Thanks for your payment of ₹999. Your receipt has been generated successfully. Thank you.,ham
ATTENTION! URGENT: Your ICICI Bank account will be blocked today. Verify now at http://fastclaim-bonus.net,spam
Update: Please submit the signed document to the Marketing by Wednesday evening. Please confirm.,ham
ATTENTION! Update your UPI PIN now to avoid service suspension. Click here: http://verify-wallet-alert.org Respond immediately.,spam
Update: Thanks for your payment of $199. Your receipt has been generated successfully. Let me know if you have questions.,ham
NOTICE! Your subscription renewal failed. Re-enter payment credentials now at http://secure-login-now.com,spam
ATTENTION! Your subscription renewal failed. Re-enter payment credentials now at http://verify-wallet-alert.org Respond immediately.,spam
URGENT: Your Axis Bank account will be blocked today. Verify now at http://reward-checker.info Offer expires today.,spam
"ATTENTION! Your parcel is on hold due to unpaid customs charge of ₹1,999. Pay now: http://secure-login-now.com Respond immediately.",spam
"Hi team, Hi Riya, please review the assignment reminder before Friday. Let me know if you have questions.",ham
NOTICE! Your subscription renewal failed. Re-enter payment credentials now at http://secure-login-now.com Failure to act may cause account closure.,spam
Your OTP for login to Paytm is 407669. Do not share it with anyone.,ham
IMPORTANT! Security alert: reset your email password immediately or your account will be deleted: http://secure-login-now.com Respond immediately.,spam
"NOTICE! Dear customer, we attempted to deliver your package. Confirm address and payment: http://account-upgrade-now.biz Offer expires today.",spam
IMPORTANT! Your KYC is pending. Update Aadhaar and bank details immediately at http://reward-checker.info,spam
NOTICE! Final warning: your LinkedIn wallet is suspended. Login now to avoid closure: http://verify-wallet-alert.org,spam
"Hi team, Team, attached is the latest attendance list for your comments. Thank you.",ham
ATTENTION! Security alert: reset your email password immediately or your account will be deleted: http://verify-wallet-alert.org,spam
Congratulations! You have won a free smartphone. Claim your reward immediately: http://secure-login-now.com Failure to act may cause account closure.,spam
ALERT! URGENT: Your Axis Bank account will be blocked today. Verify now at http://secure-login-now.com Failure to act may cause account closure.,spam
ATTENTION! Final warning: your Flipkart wallet is suspended. Login now to avoid closure: http://reward-checker.info Offer expires today.,spam
IMPORTANT! Winner! Your mobile number won lucky draw code NV-4207. Contact agent now to collect prize. Respond immediately.,spam
FYI: Your OTP for login to LinkedIn is 484450. Do not share it with anyone. Let me know if you have questions.,ham
"Hi team, Your order from Horizon Labs has been shipped and will arrive in 2-3 business days. Please confirm.",ham
ALERT! Your parcel is on hold due to unpaid customs charge of $49. Pay now: http://freegift-portal.co Failure to act may cause account closure.,spam
Your parcel is on hold due to unpaid customs charge of $199. Pay now: http://verify-wallet-alert.org Offer expires today.,spam
NOTICE! This is the final notice from Kotak Bank. Submit credentials immediately to prevent permanent freeze.,spam
NOTICE! Final warning: your Netflix wallet is suspended. Login now to avoid closure: http://reward-checker.info Failure to act may cause account closure.,spam
FYI: Can we reschedule our discussion to Saturday at 9:00 AM? Please confirm.,ham
"Hi team, Can we reschedule our discussion to Wednesday at 3:30 PM? Let me know if you have questions.",ham
"Hi team, Can we reschedule our discussion to Saturday at 6:15 PM? Thank you.",ham
"Hi team, Lunch with the client is fixed at 9:00 AM in the training room. Regards.",ham
"FYI: Hi Sam, please review the meeting agenda before Friday. Please confirm.",ham
IMPORTANT! Congratulations! You have won a free smartphone. Claim your reward immediately: http://verify-wallet-alert.org Offer expires today.,spam
NOTICE! Security alert: reset your email password immediately or your account will be deleted: http://account-upgrade-now.biz Respond immediately.,spam
NOTICE! Security alert: reset your email password immediately or your account will be deleted: http://freegift-portal.co Offer expires today.,spam
IMPORTANT! Special crypto opportunity: guaranteed 5x profit. Deposit today and withdraw tomorrow. Offer expires today.,spam
IMPORTANT! Final warning: your Google Pay wallet is suspended. Login now to avoid closure: http://verify-wallet-alert.org,spam
Update: Reminder: the meeting is scheduled in the seminar hall at 3:30 PM.,ham
ATTENTION! You are selected for a cash prize of $49. Pay a small processing fee now to receive it. Failure to act may cause account closure.,spam
"ALERT! Dear user, unusual activity detected. Confirm your password and PAN details here: http://fastclaim-bonus.net Respond immediately.",spam
"Hello, Reminder: the meeting is scheduled in the seminar hall at 9:00 AM.",ham
ATTENTION! Update your UPI PIN now to avoid service suspension. Click here: http://secure-login-now.com Offer expires today.,spam
"Hi team, We received your application and will update you after the screening process. Please confirm.",ham
NOTICE! Final warning: your Flipkart wallet is suspended. Login now to avoid closure: http://secure-login-now.com,spam
"Hello, The interview with Infosphere is confirmed for Saturday at 2:00 PM. Thank you.",ham
Update: The interview with BrightEdge is confirmed for Wednesday at 6:15 PM. Let me know if you have questions.,ham
"Hi team, Your order from SparkGrid has been shipped and will arrive in 2-3 business days.",ham
"Hello, Your OTP for login to Amazon is 286767. Do not share it with anyone.",ham
IMPORTANT! Final warning: your Flipkart wallet is suspended. Login now to avoid closure: http://secure-login-now.com Offer expires today.,spam
ATTENTION! You are selected for a cash prize of $199. Pay a small processing fee now to receive it. Respond immediately.,spam
NOTICE! Final warning: your Amazon wallet is suspended. Login now to avoid closure: http://reward-checker.info Failure to act may cause account closure.,spam
IMPORTANT! Security alert: reset your email password immediately or your account will be deleted: http://secure-login-now.com Failure to act may cause account closure.,spam
"ATTENTION! You are selected for a cash prize of ₹1,999. Pay a small processing fee now to receive it. Respond immediately.",spam
"Hi team, Can we reschedule our discussion to Monday at 5:00 PM?",ham
Update: This is a gentle reminder to complete the feedback form by Tuesday. Regards.,ham
ALERT! This is the final notice from Axis Bank. Submit credentials immediately to prevent permanent freeze. Respond immediately.,spam
ATTENTION! Final warning: your Instagram wallet is suspended. Login now to avoid closure: http://freegift-portal.co Respond immediately.,spam
Update: Reminder: the meeting is scheduled in the seminar hall at 6:15 PM.,ham
We have updated the project tracker with the latest milestones and owners.,ham
FYI: Thanks for your payment of ₹999. Your receipt has been generated successfully. Please confirm.,ham
FYI: Can we reschedule our discussion to Wednesday at 12:00 PM? Let me know if you have questions.,ham
Thanks for your payment of $199. Your receipt has been generated successfully. Please confirm.,ham
"IMPORTANT! Your parcel is on hold due to unpaid customs charge of ₹1,999. Pay now: http://account-upgrade-now.biz",spam
IMPORTANT! Your subscription renewal failed. Re-enter payment credentials now at http://reward-checker.info,spam
Your KYC is pending. Update Aadhaar and bank details immediately at http://freegift-portal.co Respond immediately.,spam
"Dear customer, we attempted to deliver your package. Confirm address and payment: http://reward-checker.info Offer expires today.",spam
"Hello, Your OTP for login to LinkedIn is 376518. Do not share it with anyone. Regards.",ham
Your subscription renewal failed. Re-enter payment credentials now at http://verify-wallet-alert.org Respond immediately.,spam
"Hello, Team, attached is the latest project update for your comments.",ham
"ATTENTION! Dear customer, we attempted to deliver your package. Confirm address and payment: http://reward-checker.info Respond immediately.",spam
"Hi team, Your OTP for login to Netflix is 713685. Do not share it with anyone. Let me know if you have questions.",ham
ATTENTION! Free Netflix premium for 12 months. Login with your card to activate today. Respond immediately.,spam
This is a gentle reminder to complete the feedback form by Wednesday. Let me know if you have questions.,ham
You are selected for a cash prize of $49. Pay a small processing fee now to receive it. Offer expires today.,spam
Please note: Your leave request for Friday has been approved by Faculty Office.,ham
Please note: Please bring your ID card and laptop for the workshop in Zoom. Thank you.,ham
"Hi team, Can we reschedule our discussion to Tuesday at 12:00 PM?",ham
"ALERT! Dear customer, we attempted to deliver your package. Confirm address and payment: http://freegift-portal.co Failure to act may cause account closure.",spam
IMPORTANT! Final warning: your LinkedIn wallet is suspended. Login now to avoid closure: http://account-upgrade-now.biz,spam
NOTICE! Security alert: reset your email password immediately or your account will be deleted: http://account-upgrade-now.biz Offer expires today.,spam
IMPORTANT! This is the final notice from HDFC Bank. Submit credentials immediately to prevent permanent freeze.,spam
FYI: Your OTP for login to Paytm is 938649. Do not share it with anyone. Regards.,ham
NOTICE! This is the final notice from SBI. Submit credentials immediately to prevent permanent freeze. Offer expires today.,spam
Can we reschedule our discussion to Thursday at 3:30 PM? Thank you.,ham
NOTICE! URGENT: Your Federal Bank account will be blocked today. Verify now at http://reward-checker.info Respond immediately.,spam
FYI: Please bring your ID card and laptop for the workshop in lab 3. Please confirm.,ham
ALERT! Security alert: reset your email password immediately or your account will be deleted: http://secure-login-now.com,spam
IMPORTANT! Act now: your job application has been shortlisted. Pay registration fees to complete hiring.,spam
ATTENTION! Security alert: reset your email password immediately or your account will be deleted: http://reward-checker.info Failure to act may cause account closure.,spam
Can we reschedule our discussion to Tuesday at 12:00 PM?,ham
Your parcel is on hold due to unpaid customs charge of ₹999. Pay now: http://verify-wallet-alert.org Failure to act may cause account closure.,spam
"Hello, Your OTP for login to Netflix is 227391. Do not share it with anyone.",ham
Please note: Your order from BluePeak has been shipped and will arrive in 2-3 business days.,ham
IMPORTANT! Get rich fast! Earn guaranteed daily income from home. Limited slots left. Join now. Offer expires today.,spam
Lunch with the client is fixed at 9:00 AM in the main office. Please confirm.,ham
Please note: The interview with Horizon Labs is confirmed for Monday at 6:15 PM. Regards.,ham
This is the final notice from Federal Bank. Submit credentials immediately to prevent permanent freeze. Respond immediately.,spam
Please note: Reminder: the meeting is scheduled in the training room at 9:00 AM. Please confirm.,ham
Congratulations! You have won a free smartphone. Claim your reward immediately: http://freegift-portal.co Failure to act may cause account closure.,spam
"ATTENTION! Your parcel is on hold due to unpaid customs charge of ₹1,999. Pay now: http://freegift-portal.co Offer expires today.",spam
NOTICE! Final warning: your Instagram wallet is suspended. Login now to avoid closure: http://account-upgrade-now.biz Respond immediately.,spam
Please note: Can we reschedule our discussion to Wednesday at 3:30 PM? Let me know if you have questions.,ham
Update your UPI PIN now to avoid service suspension. Click here: http://fastclaim-bonus.net,spam
Update: The interview with UrbanMart is confirmed for Friday at 5:00 PM. Please confirm.,ham
ALERT! Special crypto opportunity: guaranteed 5x profit. Deposit today and withdraw tomorrow. Failure to act may cause account closure.,spam
Please note: Your OTP for login to Flipkart is 916776. Do not share it with anyone.,ham
"Hi team, Your OTP for login to Paytm is 965917. Do not share it with anyone. Please confirm.",ham
ALERT! Your subscription renewal failed. Re-enter payment credentials now at http://freegift-portal.co Offer expires today.,spam
"FYI: Thanks for your payment of ₹1,999. Your receipt has been generated successfully. Regards.",ham
"NOTICE! Dear user, unusual activity detected. Confirm your password and PAN details here: http://reward-checker.info Failure to act may cause account closure.",spam
ATTENTION! This is the final notice from Federal Bank. Submit credentials immediately to prevent permanent freeze. Failure to act may cause account closure.,spam
"Hi team, Team, attached is the latest meeting agenda for your comments.",ham
ALERT! Your parcel is on hold due to unpaid customs charge of $49. Pay now: http://secure-login-now.com Failure to act may cause account closure.,spam
ALERT! You are selected for a cash prize of $199. Pay a small processing fee now to receive it. Respond immediately.,spam
"Hi team, Your leave request for Tuesday has been approved by Marketing. Regards.",ham
Can we reschedule our discussion to Monday at 9:00 AM?,ham
Update: The class has been moved to Zoom due to maintenance work. Regards.,ham
IMPORTANT! Update your UPI PIN now to avoid service suspension. Click here: http://fastclaim-bonus.net,spam
Update: Your OTP for login to Instagram is 794730. Do not share it with anyone. Let me know if you have questions.,ham
"Dear customer, we attempted to deliver your package. Confirm address and payment: http://account-upgrade-now.biz Respond immediately.",spam
ATTENTION! Final warning: your Instagram wallet is suspended. Login now to avoid closure: http://secure-login-now.com Failure to act may cause account closure.,spam
ALERT! Security alert: reset your email password immediately or your account will be deleted: http://fastclaim-bonus.net Offer expires today.,spam
ATTENTION! Your parcel is on hold due to unpaid customs charge of $99. Pay now: http://account-upgrade-now.biz Respond immediately.,spam
Please note: Lunch with the client is fixed at 9:00 AM in the training room. Please confirm.,ham
ALERT! Your subscription renewal failed. Re-enter payment credentials now at http://freegift-portal.co Failure to act may cause account closure.,spam
"Hi team, Can we reschedule our discussion to Thursday at 12:00 PM? Let me know if you have questions.",ham
ATTENTION! URGENT: Your HDFC Bank account will be blocked today. Verify now at http://secure-login-now.com Respond immediately.,spam
FYI: Please submit the signed document to the IT by Thursday evening. Thank you.,ham
Final warning: your LinkedIn wallet is suspended. Login now to avoid closure: http://fastclaim-bonus.net Respond immediately.,spam
ALERT! Your parcel is on hold due to unpaid customs charge of $199. Pay now: http://verify-wallet-alert.org Offer expires today.,spam
IMPORTANT! Winner! Your mobile number won lucky draw code UP-1118. Contact agent now to collect prize.,spam
NOTICE! Act now: your job application has been shortlisted. Pay registration fees to complete hiring. Failure to act may cause account closure.,spam
"NOTICE! Your parcel is on hold due to unpaid customs charge of ₹4,999. Pay now: http://verify-wallet-alert.org Respond immediately.",spam
IMPORTANT! Your parcel is on hold due to unpaid customs charge of ₹499. Pay now: http://fastclaim-bonus.net Failure to act may cause account closure.,spam
"ATTENTION! Dear customer, we attempted to deliver your package. Confirm address and payment: http://account-upgrade-now.biz Offer expires today.",spam
NOTICE! Your parcel is on hold due to unpaid customs charge of $49. Pay now: http://freegift-portal.co,spam
Your subscription renewal failed. Re-enter payment credentials now at http://account-upgrade-now.biz Respond immediately.,spam
FYI: The monthly salary for this cycle has been credited to your account. Thank you.,ham
IMPORTANT! Update your UPI PIN now to avoid service suspension. Click here: http://account-upgrade-now.biz Failure to act may cause account closure.,spam
"Hello, The interview with FinTrust is confirmed for Tuesday at 12:00 PM.",ham
Update: Your package is out for delivery and should reach you by tonight.,ham
NOTICE! URGENT: Your SBI account will be blocked today. Verify now at http://fastclaim-bonus.net Respond immediately.,spam
NOTICE! Your parcel is on hold due to unpaid customs charge of $99. Pay now: http://fastclaim-bonus.net Failure to act may cause account closure.,spam
ATTENTION! You are selected for a cash prize of $99. Pay a small processing fee now to receive it. Failure to act may cause account closure.,spam
"Dear user, unusual activity detected. Confirm your password and PAN details here: http://secure-login-now.com Offer expires today.",spam
NOTICE! Final warning: your Google Pay wallet is suspended. Login now to avoid closure: http://account-upgrade-now.biz Failure to act may cause account closure.,spam
Update: Your leave request for Tuesday has been approved by HR. Regards.,ham
ALERT! URGENT: Your SBI account will be blocked today. Verify now at http://fastclaim-bonus.net,spam
"IMPORTANT! Your parcel is on hold due to unpaid customs charge of ₹1,999. Pay now: http://account-upgrade-now.biz Offer expires today.",spam
"Update: Hi Rahul, please review the assignment reminder before Wednesday. Regards.",ham
Update: This is a gentle reminder to complete the feedback form by Saturday.,ham
Update: Please submit the signed document to the HR by Tuesday evening. Thank you.,ham
IMPORTANT! This is the final notice from Federal Bank. Submit credentials immediately to prevent permanent freeze.,spam
URGENT: Your Axis Bank account will be blocked today. Verify now at http://verify-wallet-alert.org Offer expires today.,spam
FYI: The class has been moved to Zoom due to maintenance work. Please confirm.,ham
FYI: Please bring your ID card and laptop for the workshop in lab 3. Regards.,ham
"Hi team, Can we reschedule our discussion to Friday at 3:30 PM?",ham
URGENT: Your HDFC Bank account will be blocked today. Verify now at http://reward-checker.info,spam
ALERT! URGENT: Your HDFC Bank account will be blocked today. Verify now at http://freegift-portal.co Offer expires today.,spam
ALERT! Your subscription renewal failed. Re-enter payment credentials now at http://secure-login-now.com,spam
NOTICE! Final warning: your LinkedIn wallet is suspended. Login now to avoid closure: http://account-upgrade-now.biz Offer expires today.,spam
"IMPORTANT! Dear customer, we attempted to deliver your package. Confirm address and payment: http://verify-wallet-alert.org Respond immediately.",spam
Please note: Can we reschedule our discussion to Thursday at 10:30 AM?,ham
NOTICE! URGENT: Your Kotak Bank account will be blocked today. Verify now at http://fastclaim-bonus.net Respond immediately.,spam
Please note: Lunch with the client is fixed at 3:30 PM in the lab 3. Thank you.,ham
"ALERT! Dear user, unusual activity detected. Confirm your password and PAN details here: http://secure-login-now.com Offer expires today.",spam
IMPORTANT! URGENT: Your Federal Bank account will be blocked today. Verify now at http://verify-wallet-alert.org Offer expires today.,spam
"Hi team, This is a gentle reminder to complete the feedback form by Tuesday.",ham
IMPORTANT! Congratulations! You have won a free smartphone. Claim your reward immediately: http://secure-login-now.com Failure to act may cause account closure.,spam
"Update: Hi John, please review the project update before Wednesday. Regards.",ham
"Hi team, Team, attached is the latest assignment reminder for your comments. Please confirm.",ham
ALERT! Your parcel is on hold due to unpaid customs charge of $49. Pay now: http://account-upgrade-now.biz Respond immediately.,spam
Your parcel is on hold due to unpaid customs charge of $199. Pay now: http://account-upgrade-now.biz Failure to act may cause account closure.,spam
ALERT! Update your UPI PIN now to avoid service suspension. Click here: http://reward-checker.info Offer expires today.,spam
"IMPORTANT! Your parcel is on hold due to unpaid customs charge of ₹1,999. Pay now: http://account-upgrade-now.biz Respond immediately.",spam
Congratulations! You have won a free smartphone. Claim your reward immediately: http://verify-wallet-alert.org Respond immediately.,spam
Update: Can we reschedule our discussion to Wednesday at 9:00 AM? Please confirm.,ham
FYI: This is a gentle reminder to complete the feedback form by Saturday.,ham
NOTICE! You have been pre-approved for an instant loan. Share OTP and card details to proceed. Offer expires today.,spam
Please note: Thanks for your payment of $49. Your receipt has been generated successfully.,ham
ALERT! URGENT: Your SBI account will be blocked today. Verify now at http://account-upgrade-now.biz Offer expires today.,spam
"Hi team, Your leave request for Friday has been approved by IT. Regards.",ham
FYI: We received your application and will update you after the screening process. Please confirm.,ham
ALERT! Final warning: your Paytm wallet is suspended. Login now to avoid closure: http://reward-checker.info,spam
NOTICE! Final warning: your Flipkart wallet is suspended. Login now to avoid closure: http://freegift-portal.co,spam
NOTICE! Your subscription renewal failed. Re-enter payment credentials now at http://verify-wallet-alert.org Offer expires today.,spam
IMPORTANT! Your parcel is on hold due to unpaid customs charge of $199. Pay now: http://freegift-portal.co Failure to act may cause account closure.,spam
Please note: Reminder: the meeting is scheduled in the main office at 10:30 AM. Let me know if you have questions.,ham
NOTICE! Final warning: your PhonePe wallet is suspended. Login now to avoid closure: http://account-upgrade-now.biz,spam
Please note: Reminder: the meeting is scheduled in the conference room 2 at 6:15 PM. Please confirm.,ham
"Hi team, Thanks for your payment of ₹999. Your receipt has been generated successfully. Let me know if you have questions.",ham
"Hi Priya, please review the shipment update before Thursday. Please confirm.",ham
FYI: Lunch with the client is fixed at 9:00 AM in the main office. Let me know if you have questions.,ham
NOTICE! Special crypto opportunity: guaranteed 5x profit. Deposit today and withdraw tomorrow. Respond immediately.,spam
FYI: Please bring your ID card and laptop for the workshop in main office. Regards.,ham
ALERT! Winner! Your mobile number won lucky draw code IN-5602. Contact agent now to collect prize.,spam
ATTENTION! Winner! Your mobile number won lucky draw code NV-4207. Contact agent now to collect prize. Respond immediately.,spam
"IMPORTANT! You are selected for a cash prize of ₹1,999. Pay a small processing fee now to receive it. Offer expires today.",spam
"Hi team, Hi Daniel, please review the budget approval before Saturday. Regards.",ham
ALERT! Final warning: your Netflix wallet is suspended. Login now to avoid closure: http://reward-checker.info Offer expires today.,spam
NOTICE! Final warning: your LinkedIn wallet is suspended. Login now to avoid closure: http://verify-wallet-alert.org Respond immediately.,spam
Please note: The class has been moved to conference room 2 due to maintenance work. Please confirm.,ham
ATTENTION! Exclusive investment offer: double your money in 7 days. Reply YES to start. Respond immediately.,spam
"ATTENTION! Your parcel is on hold due to unpaid customs charge of ₹4,999. Pay now: http://freegift-portal.co Failure to act may cause account closure.",spam
"Hello, Can we reschedule our discussion to Monday at 9:00 AM?",ham
"Update: Team, attached is the latest meeting agenda for your comments. Regards.",ham
NOTICE! Your KYC is pending. Update Aadhaar and bank details immediately at http://fastclaim-bonus.net Respond immediately.,spam
"Hi team, Your OTP for login to LinkedIn is 654711. Do not share it with anyone. Let me know if you have questions.",ham
"Update: Thanks for your payment of ₹1,999. Your receipt has been generated successfully. Please confirm.",ham
NOTICE! Winner! Your mobile number won lucky draw code NV-4207. Contact agent now to collect prize. Respond immediately.,spam
Please note: We received your application and will update you after the screening process. Let me know if you have questions.,ham
ATTENTION! Your parcel is on hold due to unpaid customs charge of $49. Pay now: http://reward-checker.info Offer expires today.,spam
Reminder: the meeting is scheduled in the main office at 2:00 PM.,ham
IMPORTANT! Congratulations! You have won a free smartphone. Claim your reward immediately: http://freegift-portal.co Respond immediately.,spam
The class has been moved to main office due to maintenance work. Please confirm.,ham
NOTICE! Final warning: your Paytm wallet is suspended. Login now to avoid closure: http://account-upgrade-now.biz,spam
FYI: Your order from Infosphere has been shipped and will arrive in 2-3 business days. Let me know if you have questions.,ham
URGENT: Your SBI account will be blocked today. Verify now at http://fastclaim-bonus.net,spam
Update: Please bring your ID card and laptop for the workshop in main office. Please confirm.,ham
Please note: Your leave request for Saturday has been approved by Admin. Regards.,ham
NOTICE! Winner! Your mobile number won lucky draw code NV-4207. Contact agent now to collect prize. Failure to act may cause account closure.,spam
"Update: Team, attached is the latest shipment update for your comments. Regards.",ham
FYI: Please bring your ID card and laptop for the workshop in Zoom. Thank you.,ham
NOTICE! URGENT: Your Axis Bank account will be blocked today. Verify now at http://verify-wallet-alert.org Failure to act may cause account closure.,spam
"Hi team, Your OTP for login to Google Pay is 190275. Do not share it with anyone. Please confirm.",ham
IMPORTANT! Your tax refund is ready. Confirm account number and CVV to receive the amount. Failure to act may cause account closure.,spam
NOTICE! Final warning: your Paytm wallet is suspended. Login now to avoid closure: http://fastclaim-bonus.net,spam
ATTENTION! URGENT: Your HDFC Bank account will be blocked today. Verify now at http://secure-login-now.com,spam
The interview with FinTrust is confirmed for Monday at 6:15 PM. Please confirm.,ham
Your parcel is on hold due to unpaid customs charge of ₹999. Pay now: http://reward-checker.info Failure to act may cause account closure.,spam
ATTENTION! Final warning: your Netflix wallet is suspended. Login now to avoid closure: http://reward-checker.info Offer expires today.,spam
NOTICE! Final warning: your PhonePe wallet is suspended. Login now to avoid closure: http://fastclaim-bonus.net Failure to act may cause account closure.,spam
ALERT! Security alert: reset your email password immediately or your account will be deleted: http://reward-checker.info,spam
NOTICE! Final warning: your Netflix wallet is suspended. Login now to avoid closure: http://account-upgrade-now.biz Failure to act may cause account closure.,spam
Your parcel is on hold due to unpaid customs charge of ₹499. Pay now: http://reward-checker.info,spam
Please note: Reminder: the meeting is scheduled in the conference room 2 at 9:00 AM. Regards.,ham
IMPORTANT! Your parcel is on hold due to unpaid customs charge of ₹499. Pay now: http://verify-wallet-alert.org Offer expires today.,spam
"Your parcel is on hold due to unpaid customs charge of ₹4,999. Pay now: http://secure-login-now.com",spam
Please note: Your OTP for login to PhonePe is 906841. Do not share it with anyone. Thank you.,ham
"Hi Neha, please review the invoice review before Friday. Please confirm.",ham
ALERT! Final warning: your PhonePe wallet is suspended. Login now to avoid closure: http://verify-wallet-alert.org,spam
ATTENTION! Your subscription renewal failed. Re-enter payment credentials now at http://account-upgrade-now.biz Offer expires today.,spam
"Hello, The network issue has been resolved. Kindly reconnect and confirm access.",ham
ATTENTION! URGENT: Your ICICI Bank account will be blocked today. Verify now at http://verify-wallet-alert.org Offer expires today.,spam
Congratulations! You have won a free smartphone. Claim your reward immediately: http://freegift-portal.co Respond immediately.,spam
Please note: Please bring your ID card and laptop for the workshop in lab 3. Let me know if you have questions.,ham
"IMPORTANT! You are selected for a cash prize of ₹1,999. Pay a small processing fee now to receive it.",spam
FYI: Your order from BrightEdge has been shipped and will arrive in 2-3 business days.,ham
Please note: Please submit the signed document to the HR by Monday evening.,ham
FYI: Lunch with the client is fixed at 5:00 PM in the library. Regards.,ham
IMPORTANT! URGENT: Your HDFC Bank account will be blocked today. Verify now at http://reward-checker.info Failure to act may cause account closure.,spam
"Hi team, The interview with CloudSync is confirmed for Friday at 3:30 PM.",ham
"Hi team, Kindly find the attached notes for today's lecture and next week's plan. Regards.",ham
Please note: Reminder: the meeting is scheduled in the Zoom at 5:00 PM. Thank you.,ham
ATTENTION! Your subscription renewal failed. Re-enter payment credentials now at http://verify-wallet-alert.org,spam
NOTICE! Final warning: your LinkedIn wallet is suspended. Login now to avoid closure: http://secure-login-now.com Offer expires today.,spam
Can we reschedule our discussion to Thursday at 12:00 PM? Regards.,ham
FYI: Your order from Apex Motors has been shipped and will arrive in 2-3 business days. Please confirm.,ham
IMPORTANT! Free Netflix premium for 12 months. Login with your card to activate today. Offer expires today.,spam
NOTICE! URGENT: Your ICICI Bank account will be blocked today. Verify now at http://fastclaim-bonus.net Failure to act may cause account closure.,spam
"Please note: Hi Priya, please review the meeting agenda before Tuesday. Please confirm.",ham
NOTICE! Final warning: your PhonePe wallet is suspended. Login now to avoid closure: http://reward-checker.info Offer expires today.,spam
"Hello, Lunch with the client is fixed at 5:00 PM in the training room.",ham
ALERT! This is the final notice from SBI. Submit credentials immediately to prevent permanent freeze. Failure to act may cause account closure.,spam
Update: Can we reschedule our discussion to Tuesday at 3:30 PM? Regards.,ham
"Your parcel is on hold due to unpaid customs charge of ₹1,999. Pay now: http://verify-wallet-alert.org Respond immediately.",spam
Your leave request for Wednesday has been approved by HR. Please confirm.,ham
"Hi team, Reminder: the meeting is scheduled in the library at 12:00 PM. Regards.",ham
"Hello, The network issue has been resolved. Kindly reconnect and confirm access. Regards.",ham
FYI: Lunch with the client is fixed at 6:15 PM in the conference room 2. Let me know if you have questions.,ham
Kindly find the attached notes for today's lecture and next week's plan. Please confirm.,ham
IMPORTANT! Update your UPI PIN now to avoid service suspension. Click here: http://fastclaim-bonus.net Respond immediately.,spam
"Hello, The interview with BrightEdge is confirmed for Wednesday at 10:30 AM. Thank you.",ham
FYI: Your order from GreenLeaf has been shipped and will arrive in 2-3 business days.,ham
"Hello, This is a gentle reminder to complete the feedback form by Saturday. Regards.",ham
Your leave request for Saturday has been approved by IT.,ham
Please note: Your OTP for login to Instagram is 333593. Do not share it with anyone. Regards.,ham
Your parcel is on hold due to unpaid customs charge of $99. Pay now: http://reward-checker.info,spam
"You are selected for a cash prize of ₹1,999. Pay a small processing fee now to receive it. Failure to act may cause account closure.",spam
Please note: Please submit the signed document to the Marketing by Thursday evening. Please confirm.,ham
URGENT: Your ICICI Bank account will be blocked today. Verify now at http://freegift-portal.co Offer expires today.,spam
NOTICE! Your KYC is pending. Update Aadhaar and bank details immediately at http://secure-login-now.com Respond immediately.,spam
Your KYC is pending. Update Aadhaar and bank details immediately at http://fastclaim-bonus.net Offer expires today.,spam
"Team, attached is the latest weekly report for your comments.",ham
Winner! Your mobile number won lucky draw code UP-1118. Contact agent now to collect prize. Offer expires today.,spam
IMPORTANT! URGENT: Your ICICI Bank account will be blocked today. Verify now at http://verify-wallet-alert.org,spam
ALERT! URGENT: Your Kotak Bank account will be blocked today. Verify now at http://reward-checker.info,spam
IMPORTANT! URGENT: Your Federal Bank account will be blocked today. Verify now at http://reward-checker.info Failure to act may cause account closure.,spam
Thanks for your payment of ₹499. Your receipt has been generated successfully. Please confirm.,ham
NOTICE! Final warning: your Instagram wallet is suspended. Login now to avoid closure: http://secure-login-now.com Respond immediately.,spam
Update your UPI PIN now to avoid service suspension. Click here: http://account-upgrade-now.biz Respond immediately.,spam
ATTENTION! URGENT: Your Axis Bank account will be blocked today. Verify now at http://verify-wallet-alert.org,spam
URGENT: Your HDFC Bank account will be blocked today. Verify now at http://fastclaim-bonus.net,spam
"Hello, This is a gentle reminder to complete the feedback form by Saturday. Let me know if you have questions.",ham
Your parcel is on hold due to unpaid customs charge of ₹499. Pay now: http://verify-wallet-alert.org Failure to act may cause account closure.,spam
NOTICE! URGENT: Your SBI account will be blocked today. Verify now at http://secure-login-now.com Failure to act may cause account closure.,spam
Please note: Your leave request for Tuesday has been approved by IT. Let me know if you have questions.,ham
The interview with NexaSoft is confirmed for Thursday at 5:00 PM.,ham
"IMPORTANT! Your parcel is on hold due to unpaid customs charge of ₹4,999. Pay now: http://freegift-portal.co",spam
"Hello, Please submit the signed document to the Marketing by Wednesday evening. Please confirm.",ham
NOTICE! Security alert: reset your email password immediately or your account will be deleted: http://fastclaim-bonus.net Respond immediately.,spam
IMPORTANT! Winner! Your mobile number won lucky draw code HR-7710. Contact agent now to collect prize. Offer expires today.,spam
"NOTICE! Dear customer, we attempted to deliver your package. Confirm address and payment: http://freegift-portal.co",spam
Update: Reminder: the meeting is scheduled in the conference room 2 at 10:30 AM. Please confirm.,ham
Security alert: reset your email password immediately or your account will be deleted: http://verify-wallet-alert.org Failure to act may cause account closure.,spam
"Hi team, Thanks for your payment of ₹499. Your receipt has been generated successfully. Let me know if you have questions.",ham
FYI: Your order from NexaSoft has been shipped and will arrive in 2-3 business days. Please confirm.,ham
IMPORTANT! URGENT: Your SBI account will be blocked today. Verify now at http://reward-checker.info Failure to act may cause account closure.,spam
Please note: The class has been moved to training room due to maintenance work. Regards.,ham
ATTENTION! Your subscription renewal failed. Re-enter payment credentials now at http://fastclaim-bonus.net,spam
"IMPORTANT! You are selected for a cash prize of ₹4,999. Pay a small processing fee now to receive it. Failure to act may cause account closure.",spam
ATTENTION! Final warning: your LinkedIn wallet is suspended. Login now to avoid closure: http://reward-checker.info Failure to act may cause account closure.,spam
"Hello, The interview with SparkGrid is confirmed for Saturday at 9:00 AM. Let me know if you have questions.",ham
IMPORTANT! This is the final notice from Axis Bank. Submit credentials immediately to prevent permanent freeze. Respond immediately.,spam
ATTENTION! You have been pre-approved for an instant loan. Share OTP and card details to proceed. Respond immediately.,spam
"ATTENTION! Dear customer, we attempted to deliver your package. Confirm address and payment: http://account-upgrade-now.biz",spam
"Hi team, Can we reschedule our discussion to Wednesday at 12:00 PM?",ham
"Hi team, Team, attached is the latest attendance list for your comments. Regards.",ham
NOTICE! Security alert: reset your email password immediately or your account will be deleted: http://fastclaim-bonus.net Failure to act may cause account closure.,spam
"Hi team, The class has been moved to library due to maintenance work. Thank you.",ham
Update: This is a gentle reminder to complete the feedback form by Monday. Please confirm.,ham
"Hi team, Team, attached is the latest invoice review for your comments. Regards.",ham
"Hi team, Reminder: the meeting is scheduled in the conference room 2 at 12:00 PM. Thank you.",ham
FYI: The network issue has been resolved. Kindly reconnect and confirm access. Regards.,ham
"Update: Team, attached is the latest shipment update for your comments.",ham
"Hi team, The interview with NexaSoft is confirmed for Saturday at 6:15 PM.",ham
ALERT! Final warning: your Google Pay wallet is suspended. Login now to avoid closure: http://secure-login-now.com Failure to act may cause account closure.,spam
ALERT! Your KYC is pending. Update Aadhaar and bank details immediately at http://freegift-portal.co Respond immediately.,spam
ATTENTION! Your parcel is on hold due to unpaid customs charge of $199. Pay now: http://fastclaim-bonus.net Respond immediately.,spam
The interview with UrbanMart is confirmed for Saturday at 5:00 PM. Please confirm.,ham
Reminder: the meeting is scheduled in the library at 6:15 PM. Thank you.,ham
ATTENTION! URGENT: Your ICICI Bank account will be blocked today. Verify now at http://secure-login-now.com Respond immediately.,spam
ATTENTION! Final warning: your Google Pay wallet is suspended. Login now to avoid closure: http://secure-login-now.com Offer expires today.,spam
"Hello, Team, attached is the latest client feedback for your comments.",ham
Update: Can we reschedule our discussion to Saturday at 9:00 AM? Regards.,ham
"IMPORTANT! Dear customer, we attempted to deliver your package. Confirm address and payment: http://account-upgrade-now.biz",spam
Security alert: reset your email password immediately or your account will be deleted: http://account-upgrade-now.biz Offer expires today.,spam
ALERT! Your parcel is on hold due to unpaid customs charge of $99. Pay now: http://verify-wallet-alert.org Failure to act may cause account closure.,spam
NOTICE! Your parcel is on hold due to unpaid customs charge of ₹999. Pay now: http://fastclaim-bonus.net,spam
NOTICE! URGENT: Your ICICI Bank account will be blocked today. Verify now at http://secure-login-now.com,spam
URGENT: Your Kotak Bank account will be blocked today. Verify now at http://reward-checker.info,spam
"Hello, Your OTP for login to Flipkart is 623957. Do not share it with anyone. Regards.",ham
FYI: The class has been moved to training room due to maintenance work. Please confirm.,ham
ATTENTION! Final warning: your Amazon wallet is suspended. Login now to avoid closure: http://secure-login-now.com Respond immediately.,spam
ALERT! Final warning: your Instagram wallet is suspended. Login now to avoid closure: http://account-upgrade-now.biz Failure to act may cause account closure.,spam
"Hello, Please submit the signed document to the Admin by Thursday evening.",ham
ALERT! URGENT: Your ICICI Bank account will be blocked today. Verify now at http://fastclaim-bonus.net Respond immediately.,spam
ATTENTION! Congratulations! You have won a free smartphone. Claim your reward immediately: http://freegift-portal.co Offer expires today.,spam
IMPORTANT! Your parcel is on hold due to unpaid customs charge of ₹999. Pay now: http://reward-checker.info Respond immediately.,spam
"NOTICE! Dear customer, we attempted to deliver your package. Confirm address and payment: http://account-upgrade-now.biz Failure to act may cause account closure.",spam
Your parcel is on hold due to unpaid customs charge of $99. Pay now: http://freegift-portal.co Failure to act may cause account closure.,spam
ATTENTION! Update your UPI PIN now to avoid service suspension. Click here: http://account-upgrade-now.biz,spam
"Dear customer, we attempted to deliver your package. Confirm address and payment: http://verify-wallet-alert.org Offer expires today.",spam
IMPORTANT! URGENT: Your HDFC Bank account will be blocked today. Verify now at http://account-upgrade-now.biz Offer expires today.,spam
"Please note: Hi Karan, please review the project update before Saturday. Regards.",ham
ATTENTION! This is the final notice from Kotak Bank. Submit credentials immediately to prevent permanent freeze. Offer expires today.,spam
NOTICE! Your KYC is pending. Update Aadhaar and bank details immediately at http://reward-checker.info Offer expires today.,spam
ALERT! Congratulations! You have won a free smartphone. Claim your reward immediately: http://freegift-portal.co,spam
"Hi team, Can we reschedule our discussion to Friday at 9:00 AM? Thank you.",ham
ALERT! Your KYC is pending. Update Aadhaar and bank details immediately at http://account-upgrade-now.biz Failure to act may cause account closure.,spam
ATTENTION! Winner! Your mobile number won lucky draw code IN-5602. Contact agent now to collect prize. Offer expires today.,spam
The class has been moved to seminar hall due to maintenance work.,ham
ATTENTION! URGENT: Your Axis Bank account will be blocked today. Verify now at http://freegift-portal.co Offer expires today.,spam
"Hello, Team, attached is the latest attendance list for your comments. Regards.",ham
FYI: Your OTP for login to PhonePe is 691912. Do not share it with anyone. Regards.,ham
ALERT! This is the final notice from Federal Bank. Submit credentials immediately to prevent permanent freeze. Failure to act may cause account closure.,spam
Your KYC is pending. Update Aadhaar and bank details immediately at http://secure-login-now.com Failure to act may cause account closure.,spam
ALERT! Your KYC is pending. Update Aadhaar and bank details immediately at http://account-upgrade-now.biz,spam
"ALERT! Your parcel is on hold due to unpaid customs charge of ₹1,999. Pay now: http://secure-login-now.com Failure to act may cause account closure.",spam
Update: Can we reschedule our discussion to Saturday at 12:00 PM? Please confirm.,ham
Update: The interview with UrbanMart is confirmed for Thursday at 9:00 AM. Let me know if you have questions.,ham
Can we reschedule our discussion to Wednesday at 5:00 PM? Regards.,ham
ATTENTION! Special crypto opportunity: guaranteed 5x profit. Deposit today and withdraw tomorrow. Respond immediately.,spam
Congratulations! You have won a free smartphone. Claim your reward immediately: http://fastclaim-bonus.net Offer expires today.,spam
"Hi team, Team, attached is the latest project update for your comments. Please confirm.",ham
NOTICE! Congratulations! You have won a free smartphone. Claim your reward immediately: http://freegift-portal.co Offer expires today.,spam
Please note: Reminder: the meeting is scheduled in the seminar hall at 6:15 PM. Please confirm.,ham
"Hi team, Team, attached is the latest project update for your comments. Thank you.",ham
ATTENTION! Final warning: your Amazon wallet is suspended. Login now to avoid closure: http://account-upgrade-now.biz,spam
"Hello, The interview with CloudSync is confirmed for Thursday at 2:00 PM. Please confirm.",ham
"Hello, Thanks for your payment of ₹4,999. Your receipt has been generated successfully. Thank you.",ham
Please note: Kindly find the attached notes for today's lecture and next week's plan.,ham
Please note: Your leave request for Monday has been approved by HR. Please confirm.,ham
"Update: Team, attached is the latest project update for your comments. Please confirm.",ham
IMPORTANT! Your parcel is on hold due to unpaid customs charge of $99. Pay now: http://reward-checker.info Offer expires today.,spam
ALERT! URGENT: Your Kotak Bank account will be blocked today. Verify now at http://secure-login-now.com Respond immediately.,spam
Can we reschedule our discussion to Thursday at 2:00 PM? Thank you.,ham
IMPORTANT! Update your UPI PIN now to avoid service suspension. Click here: http://secure-login-now.com Offer expires today.,spam
ATTENTION! Final warning: your Google Pay wallet is suspended. Login now to avoid closure: http://freegift-portal.co,spam
Winner! Your mobile number won lucky draw code TR-9045. Contact agent now to collect prize. Offer expires today.,spam
"Team, attached is the latest project update for your comments. Thank you.",ham
ATTENTION! Your parcel is on hold due to unpaid customs charge of $49. Pay now: http://fastclaim-bonus.net Respond immediately.,spam
Update: Can we reschedule our discussion to Wednesday at 9:00 AM? Thank you.,ham
ALERT! Your subscription renewal failed. Re-enter payment credentials now at http://reward-checker.info Respond immediately.,spam
IMPORTANT! Your parcel is on hold due to unpaid customs charge of $99. Pay now: http://verify-wallet-alert.org Failure to act may cause account closure.,spam
Can we reschedule our discussion to Wednesday at 10:30 AM? Regards.,ham
"Hello, Hi Alex, please review the client feedback before Monday. Let me know if you have questions.",ham
NOTICE! Your parcel is on hold due to unpaid customs charge of $199. Pay now: http://fastclaim-bonus.net Failure to act may cause account closure.,spam
"Hi team, Your order from BrightEdge has been shipped and will arrive in 2-3 business days. Let me know if you have questions.",ham
The monthly salary for this cycle has been credited to your account. Let me know if you have questions.,ham
FYI: Can we reschedule our discussion to Saturday at 10:30 AM? Let me know if you have questions.,ham
ALERT! Final warning: your Google Pay wallet is suspended. Login now to avoid closure: http://freegift-portal.co,spam
"Hi team, The interview with QuickShip is confirmed for Wednesday at 5:00 PM.",ham
ATTENTION! Winner! Your mobile number won lucky draw code NV-4207. Contact agent now to collect prize.,spam
ATTENTION! Final warning: your Instagram wallet is suspended. Login now to avoid closure: http://verify-wallet-alert.org,spam
Update: Reminder: the meeting is scheduled in the seminar hall at 12:00 PM. Regards.,ham
"Hi team, The interview with BluePeak is confirmed for Monday at 3:30 PM. Let me know if you have questions.",ham
ATTENTION! Congratulations! You have won a free smartphone. Claim your reward immediately: http://verify-wallet-alert.org Offer expires today.,spam
We have updated the project tracker with the latest milestones and owners. Thank you.,ham
"IMPORTANT! Your parcel is on hold due to unpaid customs charge of ₹4,999. Pay now: http://secure-login-now.com Offer expires today.",spam
IMPORTANT! Final warning: your Google Pay wallet is suspended. Login now to avoid closure: http://freegift-portal.co Offer expires today.,spam
"Update: Team, attached is the latest assignment reminder for your comments. Regards.",ham
"IMPORTANT! Dear user, unusual activity detected. Confirm your password and PAN details here: http://verify-wallet-alert.org Failure to act may cause account closure.",spam
FYI: Thanks for your payment of ₹999. Your receipt has been generated successfully. Regards.,ham
"Hi team, This is a gentle reminder to complete the feedback form by Monday. Thank you.",ham
Please note: Please submit the signed document to the Admin by Monday evening. Please confirm.,ham
IMPORTANT! This is the final notice from HDFC Bank. Submit credentials immediately to prevent permanent freeze. Respond immediately.,spam
"Hi team, The network issue has been resolved. Kindly reconnect and confirm access.",ham
"Hello, Can we reschedule our discussion to Wednesday at 3:30 PM? Thank you.",ham
"Update: Hi Sneha, please review the project update before Monday. Let me know if you have questions.",ham
ALERT! Security alert: reset your email password immediately or your account will be deleted: http://verify-wallet-alert.org Respond immediately.,spam
FYI: Your leave request for Monday has been approved by Admin. Please confirm.,ham
"Hello, Team, attached is the latest meeting agenda for your comments. Let me know if you have questions.",ham
ALERT! Final warning: your Flipkart wallet is suspended. Login now to avoid closure: http://fastclaim-bonus.net Failure to act may cause account closure.,spam
Update: The monthly salary for this cycle has been credited to your account. Regards.,ham
"Dear customer, we attempted to deliver your package. Confirm address and payment: http://secure-login-now.com",spam
NOTICE! Your KYC is pending. Update Aadhaar and bank details immediately at http://secure-login-now.com Offer expires today.,spam
"Hi team, The class has been moved to seminar hall due to maintenance work. Regards.",ham
ALERT! Your parcel is on hold due to unpaid customs charge of $199. Pay now: http://reward-checker.info Offer expires today.,spam
NOTICE! Get rich fast! Earn guaranteed daily income from home. Limited slots left. Join now. Failure to act may cause account closure.,spam
ALERT! Free Netflix premium for 12 months. Login with your card to activate today. Offer expires today.,spam
"Hi team, Your order from BluePeak has been shipped and will arrive in 2-3 business days. Let me know if you have questions.",ham
"Hi team, Your OTP for login to Amazon is 764418. Do not share it with anyone. Regards.",ham
"Hello, Hi Neha, please review the attendance list before Saturday. Thank you.",ham
Special crypto opportunity: guaranteed 5x profit. Deposit today and withdraw tomorrow. Failure to act may cause account closure.,spam
ATTENTION! Your subscription renewal failed. Re-enter payment credentials now at http://freegift-portal.co Failure to act may cause account closure.,spam
Reminder: the meeting is scheduled in the Zoom at 3:30 PM. Regards.,ham
"Please note: Thanks for your payment of ₹4,999. Your receipt has been generated successfully. Let me know if you have questions.",ham
"FYI: Team, attached is the latest attendance list for your comments. Regards.",ham
"Hello, Your leave request for Monday has been approved by HR. Regards.",ham
FYI: Your leave request for Wednesday has been approved by Admin.,ham
Update: We have updated the project tracker with the latest milestones and owners. Thank you.,ham
ATTENTION! Update your UPI PIN now to avoid service suspension. Click here: http://secure-login-now.com Failure to act may cause account closure.,spam
Update: Your order from FinTrust has been shipped and will arrive in 2-3 business days. Thank you.,ham
IMPORTANT! Get rich fast! Earn guaranteed daily income from home. Limited slots left. Join now. Failure to act may cause account closure.,spam
"Team, attached is the latest meeting agenda for your comments. Please confirm.",ham
Please note: Can we reschedule our discussion to Friday at 12:00 PM? Please confirm.,ham
"You are selected for a cash prize of ₹1,999. Pay a small processing fee now to receive it.",spam
Please note: The interview with Horizon Labs is confirmed for Wednesday at 12:00 PM.,ham
FYI: Can we reschedule our discussion to Tuesday at 10:30 AM? Thank you.,ham
"Hello, Please submit the signed document to the Operations by Tuesday evening.",ham
NOTICE! URGENT: Your Federal Bank account will be blocked today. Verify now at http://fastclaim-bonus.net Offer expires today.,spam
IMPORTANT! Final warning: your Flipkart wallet is suspended. Login now to avoid closure: http://account-upgrade-now.biz Respond immediately.,spam
Final warning: your Amazon wallet is suspended. Login now to avoid closure: http://secure-login-now.com Failure to act may cause account closure.,spam
Update: Your OTP for login to Flipkart is 345896. Do not share it with anyone.,ham
"NOTICE! Dear customer, we attempted to deliver your package. Confirm address and payment: http://secure-login-now.com Offer expires today.",spam
Update: We received your application and will update you after the screening process.,ham
Please note: The network issue has been resolved. Kindly reconnect and confirm access.,ham
Your leave request for Tuesday has been approved by Accounts. Regards.,ham
NOTICE! Get rich fast! Earn guaranteed daily income from home. Limited slots left. Join now. Offer expires today.,spam
NOTICE! URGENT: Your Axis Bank account will be blocked today. Verify now at http://reward-checker.info Failure to act may cause account closure.,spam
"ATTENTION! Dear customer, we attempted to deliver your package. Confirm address and payment: http://fastclaim-bonus.net Respond immediately.",spam
Update: Reminder: the meeting is scheduled in the training room at 2:00 PM. Please confirm.,ham
Your leave request for Friday has been approved by Admin.,ham
You are selected for a cash prize of ₹499. Pay a small processing fee now to receive it. Offer expires today.,spam
Reminder: the meeting is scheduled in the lab 3 at 9:00 AM. Regards.,ham
Update: Please submit the signed document to the HR by Wednesday evening.,ham
ATTENTION! This is the final notice from SBI. Submit credentials immediately to prevent permanent freeze. Respond immediately.,spam
"ALERT! Dear user, unusual activity detected. Confirm your password and PAN details here: http://account-upgrade-now.biz Respond immediately.",spam
"Hello, Please bring your ID card and laptop for the workshop in library. Thank you.",ham
This is a gentle reminder to complete the feedback form by Friday.,ham
Please note: The interview with SparkGrid is confirmed for Saturday at 5:00 PM. Regards.,ham
FYI: The class has been moved to main office due to maintenance work.,ham
"Hello, Reminder: the meeting is scheduled in the lab 3 at 2:00 PM. Please confirm.",ham
"Hello, Please bring your ID card and laptop for the workshop in conference room 2.",ham
ATTENTION! Your tax refund is ready. Confirm account number and CVV to receive the amount. Offer expires today.,spam
ATTENTION! Exclusive investment offer: double your money in 7 days. Reply YES to start.,spam
"IMPORTANT! Dear user, unusual activity detected. Confirm your password and PAN details here: http://reward-checker.info Respond immediately.",spam
"Dear customer, we attempted to deliver your package. Confirm address and payment: http://fastclaim-bonus.net",spam
NOTICE! Update your UPI PIN now to avoid service suspension. Click here: http://fastclaim-bonus.net Offer expires today.,spam
"Hi team, The network issue has been resolved. Kindly reconnect and confirm access. Thank you.",ham
NOTICE! URGENT: Your Federal Bank account will be blocked today. Verify now at http://verify-wallet-alert.org,spam
"Hi team, The class has been moved to lab 3 due to maintenance work. Please confirm.",ham
IMPORTANT! Final warning: your LinkedIn wallet is suspended. Login now to avoid closure: http://fastclaim-bonus.net,spam
ATTENTION! Congratulations! You have won a free smartphone. Claim your reward immediately: http://fastclaim-bonus.net,spam
Your parcel is on hold due to unpaid customs charge of $199. Pay now: http://account-upgrade-now.biz,spam
"IMPORTANT! Your parcel is on hold due to unpaid customs charge of ₹4,999. Pay now: http://verify-wallet-alert.org Respond immediately.",spam
